season,id,team,location,conference,conference_abb,barthag_team_name
2003,2382,Mercer Bears,Mercer,ASUN Conference,a-sun,Mercer
2003,2653,Troy Trojans,Troy,ASUN Conference,a-sun,Troy
2003,2057,Belmont Bruins,Belmont,ASUN Conference,a-sun,Belmont
2003,2116,UCF Knights,UCF,ASUN Conference,a-sun,UCF
2003,2247,Georgia State Panthers,Georgia State,ASUN Conference,a-sun,Georgia St.
2003,294,Jacksonville Dolphins,Jacksonville,ASUN Conference,a-sun,Jacksonville
2003,56,Stetson Hatters,Stetson,ASUN Conference,a-sun,Stetson
2003,2226,Florida Atlantic Owls,Florida Atlantic,ASUN Conference,a-sun,Florida Atlantic
2003,2241,Gardner-Webb Runnin' Bulldogs,Gardner-Webb,ASUN Conference,a-sun,Gardner Webb
2003,2097,Campbell Fighting Camels,Campbell,ASUN Conference,a-sun,Campbell
2003,288,Lipscomb Bisons,Lipscomb,ASUN Conference,a-sun,Lipscomb
2003,104,Boston University Terriers,Boston University,America East Conference,aeast,Boston University
2003,261,Vermont Catamounts,Vermont,America East Conference,aeast,Vermont
2003,42,Hartford Hawks,Hartford,America East Conference,aeast,Hartford
2003,2066,Binghamton Bearcats,Binghamton,America East Conference,aeast,Binghamton
2003,311,Maine Black Bears,Maine,America East Conference,aeast,Maine
2003,111,Northeastern Huskies,Northeastern,America East Conference,aeast,Northeastern
2003,2619,Stony Brook Seawolves,Stony Brook,America East Conference,aeast,Stony Brook
2003,2378,UMBC Retrievers,UMBC,America East Conference,aeast,UMBC
2003,160,New Hampshire Wildcats,New Hampshire,America East Conference,aeast,New Hampshire
2003,399,UAlbany Great Danes,UAlbany,America East Conference,aeast,Albany
2003,2603,Saint Joseph's Hawks,Saint Joseph's,Atlantic 10 Conference,atl10e,Saint Joseph's
2003,218,Temple Owls,Temple,Atlantic 10 Conference,atl10e,Temple
2003,227,Rhode Island Rams,Rhode Island,Atlantic 10 Conference,atl10e,Rhode Island
2003,113,Massachusetts Minutemen,Massachusetts,Atlantic 10 Conference,atl10e,Massachusetts
2003,2230,Fordham Rams,Fordham,Atlantic 10 Conference,atl10e,Fordham
2003,179,St. Bonaventure Bonnies,St. Bonaventure,Atlantic 10 Conference,atl10e,St. Bonaventure
2003,2752,Xavier Musketeers,Xavier,Atlantic 10 Conference,atl10w,Xavier
2003,2168,Dayton Flyers,Dayton,Atlantic 10 Conference,atl10w,Dayton
2003,257,Richmond Spiders,Richmond,Atlantic 10 Conference,atl10w,Richmond
2003,2325,La Salle Explorers,La Salle,Atlantic 10 Conference,atl10w,La Salle
2003,45,George Washington Revolutionaries,George Washington,Atlantic 10 Conference,atl10w,George Washington
2003,2184,Duquesne Dukes,Duquesne,Atlantic 10 Conference,atl10w,Duquesne
2003,154,Wake Forest Demon Deacons,Wake Forest,Atlantic Coast Conference,acc,Wake Forest
2003,120,Maryland Terrapins,Maryland,Atlantic Coast Conference,acc,Maryland
2003,150,Duke Blue Devils,Duke,Atlantic Coast Conference,acc,Duke
2003,152,NC State Wolfpack,NC State,Atlantic Coast Conference,acc,N.C. State
2003,59,Georgia Tech Yellow Jackets,Georgia Tech,Atlantic Coast Conference,acc,Georgia Tech
2003,258,Virginia Cavaliers,Virginia,Atlantic Coast Conference,acc,Virginia
2003,153,North Carolina Tar Heels,North Carolina,Atlantic Coast Conference,acc,North Carolina
2003,228,Clemson Tigers,Clemson,Atlantic Coast Conference,acc,Clemson
2003,52,Florida State Seminoles,Florida State,Atlantic Coast Conference,acc,Florida St.
2003,2305,Kansas Jayhawks,Kansas,Big 12 Conference,big12,Kansas
2003,251,Texas Longhorns,Texas,Big 12 Conference,big12,Texas
2003,201,Oklahoma Sooners,Oklahoma,Big 12 Conference,big12,Oklahoma
2003,197,Oklahoma State Cowboys,Oklahoma State,Big 12 Conference,big12,Oklahoma St.
2003,38,Colorado Buffaloes,Colorado,Big 12 Conference,big12,Colorado
2003,142,Missouri Tigers,Missouri,Big 12 Conference,big12,Missouri
2003,2641,Texas Tech Red Raiders,Texas Tech,Big 12 Conference,big12,Texas Tech
2003,245,Texas A&M Aggies,Texas A&M,Big 12 Conference,big12,Texas A&M
2003,239,Baylor Bears,Baylor,Big 12 Conference,big12,Baylor
2003,66,Iowa State Cyclones,Iowa State,Big 12 Conference,big12,Iowa St.
2003,2306,Kansas State Wildcats,Kansas State,Big 12 Conference,big12,Kansas St.
2003,158,Nebraska Cornhuskers,Nebraska,Big 12 Conference,big12,Nebraska
2003,103,Boston College Eagles,Boston College,Big East Conference,bigee,Boston College
2003,41,UConn Huskies,UConn,Big East Conference,bigee,Connecticut
2003,222,Villanova Wildcats,Villanova,Big East Conference,bigee,Villanova
2003,2507,Providence Friars,Providence,Big East Conference,bigee,Providence
2003,2599,St. John's Red Storm,St. John's,Big East Conference,bigee,St. John's
2003,259,Virginia Tech Hokies,Virginia Tech,Big East Conference,bigee,Virginia Tech
2003,2390,Miami Hurricanes,Miami,Big East Conference,bigee,Miami FL
2003,221,Pittsburgh Panthers,Pittsburgh,Big East Conference,bigew,Pittsburgh
2003,183,Syracuse Orange,Syracuse,Big East Conference,bigew,Syracuse
2003,2550,Seton Hall Pirates,Seton Hall,Big East Conference,bigew,Seton Hall
2003,87,Notre Dame Fighting Irish,Notre Dame,Big East Conference,bigew,Notre Dame
2003,46,Georgetown Hoyas,Georgetown,Big East Conference,bigew,Georgetown
2003,277,West Virginia Mountaineers,West Virginia,Big East Conference,bigew,West Virginia
2003,164,Rutgers Scarlet Knights,Rutgers,Big East Conference,bigew,Rutgers
2003,2692,Weber State Wildcats,Weber State,Big Sky Conference,bsky,Weber St.
2003,331,Eastern Washington Eagles,Eastern Washington,Big Sky Conference,bsky,Eastern Washington
2003,149,Montana Grizzlies,Montana,Big Sky Conference,bsky,Montana
2003,304,Idaho State Bengals,Idaho State,Big Sky Conference,bsky,Idaho St.
2003,2464,Northern Arizona Lumberjacks,Northern Arizona,Big Sky Conference,bsky,Northern Arizona
2003,16,Sacramento State Hornets,Sacramento State,Big Sky Conference,bsky,Sacramento St.
2003,147,Montana State Bobcats,Montana State,Big Sky Conference,bsky,Montana St.
2003,2502,Portland State Vikings,Portland State,Big Sky Conference,bsky,Portland St.
2003,2737,Winthrop Eagles,Winthrop,Big South Conference,bsou,Winthrop
2003,2127,Charleston Southern Buccaneers,Charleston Southern,Big South Conference,bsou,Charleston Southern
2003,2335,Liberty Flames,Liberty,Big South Conference,bsou,Liberty
2003,2427,UNC Asheville Bulldogs,UNC Asheville,Big South Conference,bsou,UNC Asheville
2003,2515,Radford Highlanders,Radford,Big South Conference,bsou,Radford
2003,324,Coastal Carolina Chanticleers,Coastal Carolina,Big South Conference,bsou,Coastal Carolina
2003,2272,High Point Panthers,High Point,Big South Conference,bsou,High Point
2003,2678,VMI Keydets,VMI,Big South Conference,bsou,VMI
2003,3,Birmingham-Southern Panthers,Birmingham-Southern,Big South Conference,bsou,
2003,275,Wisconsin Badgers,Wisconsin,Big Ten Conference,big10,Wisconsin
2003,356,Illinois Fighting Illini,Illinois,Big Ten Conference,big10,Illinois
2003,130,Michigan Wolverines,Michigan,Big Ten Conference,big10,Michigan
2003,2509,Purdue Boilermakers,Purdue,Big Ten Conference,big10,Purdue
2003,127,Michigan State Spartans,Michigan State,Big Ten Conference,big10,Michigan St.
2003,135,Minnesota Golden Gophers,Minnesota,Big Ten Conference,big10,Minnesota
2003,84,Indiana Hoosiers,Indiana,Big Ten Conference,big10,Indiana
2003,194,Ohio State Buckeyes,Ohio State,Big Ten Conference,big10,Ohio St.
2003,2294,Iowa Hawkeyes,Iowa,Big Ten Conference,big10,Iowa
2003,77,Northwestern Wildcats,Northwestern,Big Ten Conference,big10,Northwestern
2003,213,Penn State Nittany Lions,Penn State,Big Ten Conference,big10,Penn St.
2003,2540,UC Santa Barbara Gauchos,UC Santa Barbara,Big West Conference,bigw,UC Santa Barbara
2003,300,UC Irvine Anteaters,UC Irvine,Big West Conference,bigw,UC Irvine
2003,328,Utah State Aggies,Utah State,Big West Conference,bigw,Utah St.
2003,13,Cal Poly Mustangs,Cal Poly,Big West Conference,bigw,Cal Poly
2003,70,Idaho Vandals,Idaho,Big West Conference,bigw,Idaho
2003,2239,Cal State Fullerton Titans,Cal State Fullerton,Big West Conference,bigw,Cal St. Fullerton
2003,2463,Cal State Northridge Matadors,Cal State Northridge,Big West Conference,bigw,Cal St. Northridge
2003,279,Pacific Tigers,Pacific,Big West Conference,bigw,Pacific
2003,27,UC Riverside Highlanders,UC Riverside,Big West Conference,bigw,UC Riverside
2003,299,Long Beach State Beach,Long Beach State,Big West Conference,bigw,Long Beach St.
2003,350,UNC Wilmington Seahawks,UNC Wilmington,Coastal Athletic Association,col,UNC Wilmington
2003,2182,Drexel Dragons,Drexel,Coastal Athletic Association,col,Drexel
2003,2670,VCU Rams,VCU,Coastal Athletic Association,col,VCU
2003,2244,George Mason Patriots,George Mason,Coastal Athletic Association,col,George Mason
2003,295,Old Dominion Monarchs,Old Dominion,Coastal Athletic Association,col,Old Dominion
2003,48,Delaware Blue Hens,Delaware,Coastal Athletic Association,col,Delaware
2003,256,James Madison Dukes,James Madison,Coastal Athletic Association,col,James Madison
2003,2729,William & Mary Tribe,William & Mary,Coastal Athletic Association,col,William & Mary
2003,2275,Hofstra Pride,Hofstra,Coastal Athletic Association,col,Hofstra
2003,119,Towson Tigers,Towson,Coastal Athletic Association,col,Towson
2003,269,Marquette Golden Eagles,Marquette,Conference USA,usa,Marquette
2003,235,Memphis Tigers,Memphis,Conference USA,usa,Memphis
2003,97,Louisville Cardinals,Louisville,Conference USA,usa,Louisville
2003,2132,Cincinnati Bearcats,Cincinnati,Conference USA,usa,Cincinnati
2003,139,Saint Louis Billikens,Saint Louis,Conference USA,usa,Saint Louis
2003,305,DePaul Blue Demons,DePaul,Conference USA,usa,DePaul
2003,2429,Charlotte 49ers,Charlotte,Conference USA,usa,Charlotte
2003,2655,Tulane Green Wave,Tulane,Conference USA,usa,Tulane
2003,5,UAB Blazers,UAB,Conference USA,usa,UAB
2003,58,South Florida Bulls,South Florida,Conference USA,usa,South Florida
2003,248,Houston Cougars,Houston,Conference USA,usa,Houston
2003,2572,Southern Miss Golden Eagles,Southern Miss,Conference USA,usa,Southern Miss
2003,2628,TCU Horned Frogs,TCU,Conference USA,usa,TCU
2003,151,East Carolina Pirates,East Carolina,Conference USA,usa,East Carolina
2003,2542,Savannah State Tigers,Savannah State,Division I Independents,ind,Savannah St.
2003,2870,Purdue Fort Wayne Mastodons,Purdue Fort Wayne,Division I Independents,ind,Purdue Fort Wayne
2003,292,UT Rio Grande Valley Vaqueros,UT Rio Grande Valley,Division I Independents,ind,UT Rio Grande Valley
2003,357,Texas A&M-Corpus Christi Islanders,Texas A&M-Corpus Christi,Division I Independents,ind,Texas A&M Corpus Chris
2003,2086,Butler Bulldogs,Butler,Horizon League,hor,Butler
2003,270,Milwaukee Panthers,Milwaukee,Horizon League,hor,Milwaukee
2003,82,UIC Flames,UIC,Horizon League,hor,Illinois Chicago
2003,2174,Detroit Mercy Titans,Detroit Mercy,Horizon League,hor,Detroit Mercy
2003,2350,Loyola Chicago Ramblers,Loyola Chicago,Horizon League,hor,Loyola Chicago
2003,2754,Youngstown State Penguins,Youngstown State,Horizon League,hor,Youngstown St.
2003,2739,Green Bay Phoenix,Green Bay,Horizon League,hor,Green Bay
2003,2750,Wright State Raiders,Wright State,Horizon League,hor,Wright St.
2003,325,Cleveland State Vikings,Cleveland State,Horizon League,hor,Cleveland St.
2003,219,Pennsylvania Quakers,Pennsylvania,Ivy League,ivy,Penn
2003,225,Brown Bears,Brown,Ivy League,ivy,Brown
2003,163,Princeton Tigers,Princeton,Ivy League,ivy,Princeton
2003,43,Yale Bulldogs,Yale,Ivy League,ivy,Yale
2003,159,Dartmouth Big Green,Dartmouth,Ivy League,ivy,Dartmouth
2003,172,Cornell Big Red,Cornell,Ivy League,ivy,Cornell
2003,108,Harvard Crimson,Harvard,Ivy League,ivy,Harvard
2003,171,Columbia Lions,Columbia,Ivy League,ivy,Columbia
2003,2363,Manhattan Jaspers,Manhattan,Metro Atlantic Athletic Conference,maac,Manhattan
2003,2217,Fairfield Stags,Fairfield,Metro Atlantic Athletic Conference,maac,Fairfield
2003,315,Niagara Purple Eagles,Niagara,Metro Atlantic Athletic Conference,maac,Niagara
2003,2561,Siena Saints,Siena,Metro Atlantic Athletic Conference,maac,Siena
2003,314,Iona Gaels,Iona,Metro Atlantic Athletic Conference,maac,Iona
2003,2368,Marist Red Foxes,Marist,Metro Atlantic Athletic Conference,maac,Marist
2003,2520,Rider Broncs,Rider,Metro Atlantic Athletic Conference,maac,Rider
2003,2612,Saint Peter's Peacocks,Saint Peter's,Metro Atlantic Athletic Conference,maac,Saint Peter's
2003,2099,Canisius Golden Griffins,Canisius,Metro Atlantic Athletic Conference,maac,Canisius
2003,2352,Loyola Maryland Greyhounds,Loyola Maryland,Metro Atlantic Athletic Conference,maac,Loyola MD
2003,2674,Valparaiso Beacons,Valparaiso,Mid Continent Conference,midco,Valparaiso
2003,2473,Oakland Golden Grizzlies,Oakland,Mid Continent Conference,midco,Oakland
2003,85,IU Indianapolis Jaguars,IU Indianapolis,Mid Continent Conference,midco,IU Indy
2003,198,Oral Roberts Golden Eagles,Oral Roberts,Mid Continent Conference,midco,Oral Roberts
2003,140,Kansas City Roos,Kansas City,Mid Continent Conference,midco,UMKC
2003,253,Southern Utah Thunderbirds,Southern Utah,Mid Continent Conference,midco,Southern Utah
2003,2710,Western Illinois Leathernecks,Western Illinois,Mid Continent Conference,midco,Western Illinois
2003,2113,Centenary (LA) Gentlemen,Centenary (LA),Mid Continent Conference,midco,Centenary
2003,2130,Chicago State Cougars,Chicago State,Mid Continent Conference,midco,Chicago St.
2003,2309,Kent State Golden Flashes,Kent State,Mid-American Conference,midame,Kent St.
2003,193,Miami (OH) RedHawks,Miami (OH),Mid-American Conference,midame,Miami OH
2003,276,Marshall Thundering Herd,Marshall,Mid-American Conference,midame,Marshall
2003,2006,Akron Zips,Akron,Mid-American Conference,midame,Akron
2003,195,Ohio Bobcats,Ohio,Mid-American Conference,midame,Ohio
2003,2084,Buffalo Bulls,Buffalo,Mid-American Conference,midame,Buffalo
2003,2117,Central Michigan Chippewas,Central Michigan,Mid-American Conference,midamw,Central Michigan
2003,2459,Northern Illinois Huskies,Northern Illinois,Mid-American Conference,midamw,Northern Illinois
2003,2711,Western Michigan Broncos,Western Michigan,Mid-American Conference,midamw,Western Michigan
2003,2050,Ball State Cardinals,Ball State,Mid-American Conference,midamw,Ball St.
2003,189,Bowling Green Falcons,Bowling Green,Mid-American Conference,midamw,Bowling Green
2003,2199,Eastern Michigan Eagles,Eastern Michigan,Mid-American Conference,midamw,Eastern Michigan
2003,2649,Toledo Rockets,Toledo,Mid-American Conference,midamw,Toledo
2003,2569,South Carolina State Bulldogs,South Carolina State,Mid-Eastern Athletic Conference,meac,South Carolina St.
2003,2169,Delaware State Hornets,Delaware State,Mid-Eastern Athletic Conference,meac,Delaware St.
2003,2261,Hampton Pirates,Hampton,Mid-Eastern Athletic Conference,meac,Hampton
2003,50,Florida A&M Rattlers,Florida A&M,Mid-Eastern Athletic Conference,meac,Florida A&M
2003,2154,Coppin State Eagles,Coppin State,Mid-Eastern Athletic Conference,meac,Coppin St.
2003,2450,Norfolk State Spartans,Norfolk State,Mid-Eastern Athletic Conference,meac,Norfolk St.
2003,47,Howard Bison,Howard,Mid-Eastern Athletic Conference,meac,Howard
2003,2415,Morgan State Bears,Morgan State,Mid-Eastern Athletic Conference,meac,Morgan St.
2003,2065,Bethune-Cookman Wildcats,Bethune-Cookman,Mid-Eastern Athletic Conference,meac,Bethune Cookman
2003,2379,Maryland Eastern Shore Hawks,Maryland Eastern Shore,Mid-Eastern Athletic Conference,meac,Maryland Eastern Shore
2003,2448,North Carolina A&T Aggies,North Carolina A&T,Mid-Eastern Athletic Conference,meac,North Carolina A&T
2003,79,Southern Illinois Salukis,Southern Illinois,Missouri Valley Conference,mvc,Southern Illinois
2003,156,Creighton Bluejays,Creighton,Missouri Valley Conference,mvc,Creighton
2003,2623,Missouri State Bears,Missouri State,Missouri Valley Conference,mvc,Missouri St.
2003,2724,Wichita State Shockers,Wichita State,Missouri Valley Conference,mvc,Wichita St.
2003,71,Bradley Braves,Bradley,Missouri Valley Conference,mvc,Bradley
2003,339,Evansville Purple Aces,Evansville,Missouri Valley Conference,mvc,Evansville
2003,2460,Northern Iowa Panthers,Northern Iowa,Missouri Valley Conference,mvc,Northern Iowa
2003,2287,Illinois State Redbirds,Illinois State,Missouri Valley Conference,mvc,Illinois St.
2003,2181,Drake Bulldogs,Drake,Missouri Valley Conference,mvc,Drake
2003,282,Indiana State Sycamores,Indiana State,Missouri Valley Conference,mvc,Indiana St.
2003,252,BYU Cougars,BYU,Mountain West Conference,mwest,BYU
2003,254,Utah Utes,Utah,Mountain West Conference,mwest,Utah
2003,2439,UNLV Rebels,UNLV,Mountain West Conference,mwest,UNLV
2003,2751,Wyoming Cowboys,Wyoming,Mountain West Conference,mwest,Wyoming
2003,21,San Diego State Aztecs,San Diego State,Mountain West Conference,mwest,San Diego St.
2003,36,Colorado State Rams,Colorado State,Mountain West Conference,mwest,Colorado St.
2003,167,New Mexico Lobos,New Mexico,Mountain West Conference,mwest,New Mexico
2003,2005,Air Force Falcons,Air Force,Mountain West Conference,mwest,Air Force
2003,2681,Wagner Seahawks,Wagner,Northeast Conference,neast,Wagner
2003,2405,Monmouth Hawks,Monmouth,Northeast Conference,neast,Monmouth
2003,2115,Central Connecticut Blue Devils,Central Connecticut,Northeast Conference,neast,Central Connecticut
2003,2598,St. Francis (PA) Red Flash,St. Francis (PA),Northeast Conference,neast,Saint Francis
2003,2514,Quinnipiac Bobcats,Quinnipiac,Northeast Conference,neast,Quinnipiac
2003,2597,St. Francis Brooklyn Terriers,St. Francis Brooklyn,Northeast Conference,neast,St. Francis NY
2003,161,Fairleigh Dickinson Knights,Fairleigh Dickinson,Northeast Conference,neast,Fairleigh Dickinson
2003,112358,Long Island University Sharks,Long Island University,Northeast Conference,neast,LIU
2003,2523,Robert Morris Colonials,Robert Morris,Northeast Conference,neast,Robert Morris
2003,2529,Sacred Heart Pioneers,Sacred Heart,Northeast Conference,neast,Sacred Heart
2003,116,Mount St. Mary's Mountaineers,Mount St. Mary's,Northeast Conference,neast,Mount St. Mary's
2003,2413,Morehead State Eagles,Morehead State,Ohio Valley Conference,ovc,Morehead St.
2003,2046,Austin Peay Governors,Austin Peay,Ohio Valley Conference,ovc,Austin Peay
2003,2635,Tennessee Tech Golden Eagles,Tennessee Tech,Ohio Valley Conference,ovc,Tennessee Tech
2003,55,Jacksonville State Gamecocks,Jacksonville State,Ohio Valley Conference,ovc,Jacksonville St.
2003,2535,Samford Bulldogs,Samford,Ohio Valley Conference,ovc,Samford
2003,2197,Eastern Illinois Panthers,Eastern Illinois,Ohio Valley Conference,ovc,Eastern Illinois
2003,93,Murray State Racers,Murray State,Ohio Valley Conference,ovc,Murray St.
2003,2630,UT Martin Skyhawks,UT Martin,Ohio Valley Conference,ovc,Tennessee Martin
2003,2546,Southeast Missouri State Redhawks,Southeast Missouri State,Ohio Valley Conference,ovc,Southeast Missouri St.
2003,2198,Eastern Kentucky Colonels,Eastern Kentucky,Ohio Valley Conference,ovc,Eastern Kentucky
2003,2634,Tennessee State Tigers,Tennessee State,Ohio Valley Conference,ovc,Tennessee St.
2003,12,Arizona Wildcats,Arizona,Pac-12 Conference,pac12,Arizona
2003,24,Stanford Cardinal,Stanford,Pac-12 Conference,pac12,Stanford
2003,25,California Golden Bears,California,Pac-12 Conference,pac12,California
2003,9,Arizona State Sun Devils,Arizona State,Pac-12 Conference,pac12,Arizona St.
2003,2483,Oregon Ducks,Oregon,Pac-12 Conference,pac12,Oregon
2003,26,UCLA Bruins,UCLA,Pac-12 Conference,pac12,UCLA
2003,30,USC Trojans,USC,Pac-12 Conference,pac12,USC
2003,204,Oregon State Beavers,Oregon State,Pac-12 Conference,pac12,Oregon St.
2003,264,Washington Huskies,Washington,Pac-12 Conference,pac12,Washington
2003,265,Washington State Cougars,Washington State,Pac-12 Conference,pac12,Washington St.
2003,107,Holy Cross Crusaders,Holy Cross,Patriot League,pat,Holy Cross
2003,2142,Colgate Raiders,Colgate,Patriot League,pat,Colgate
2003,44,American University Eagles,American University,Patriot League,pat,American
2003,2329,Lehigh Mountain Hawks,Lehigh,Patriot League,pat,Lehigh
2003,2083,Bucknell Bison,Bucknell,Patriot League,pat,Bucknell
2003,322,Lafayette Leopards,Lafayette,Patriot League,pat,Lafayette
2003,2426,Navy Midshipmen,Navy,Patriot League,pat,Navy
2003,349,Army Black Knights,Army,Patriot League,pat,Army
2003,96,Kentucky Wildcats,Kentucky,Southeastern Conference,sece,Kentucky
2003,57,Florida Gators,Florida,Southeastern Conference,sece,Florida
2003,61,Georgia Bulldogs,Georgia,Southeastern Conference,sece,Georgia
2003,2633,Tennessee Volunteers,Tennessee,Southeastern Conference,sece,Tennessee
2003,2579,South Carolina Gamecocks,South Carolina,Southeastern Conference,sece,South Carolina
2003,238,Vanderbilt Commodores,Vanderbilt,Southeastern Conference,sece,Vanderbilt
2003,344,Mississippi State Bulldogs,Mississippi State,Southeastern Conference,secw,Mississippi St.
2003,99,LSU Tigers,LSU,Southeastern Conference,secw,LSU
2003,2,Auburn Tigers,Auburn,Southeastern Conference,secw,Auburn
2003,333,Alabama Crimson Tide,Alabama,Southeastern Conference,secw,Alabama
2003,8,Arkansas Razorbacks,Arkansas,Southeastern Conference,secw,Arkansas
2003,145,Ole Miss Rebels,Ole Miss,Southeastern Conference,secw,Mississippi
2003,2026,App State Mountaineers,App State,Southern Conference,southn,Appalachian St.
2003,2193,East Tennessee State Buccaneers,East Tennessee State,Southern Conference,southn,East Tennessee St.
2003,2166,Davidson Wildcats,Davidson,Southern Conference,southn,Davidson
2003,2210,Elon Phoenix,Elon,Southern Conference,southn,Elon
2003,2717,Western Carolina Catamounts,Western Carolina,Southern Conference,southn,Western Carolina
2003,2430,UNC Greensboro Spartans,UNC Greensboro,Southern Conference,southn,UNC Greensboro
2003,232,Charleston Cougars,Charleston,Southern Conference,souths,Charleston
2003,236,Chattanooga Mocs,Chattanooga,Southern Conference,souths,Chattanooga
2003,231,Furman Paladins,Furman,Southern Conference,souths,Furman
2003,2747,Wofford Terriers,Wofford,Southern Conference,souths,Wofford
2003,290,Georgia Southern Eagles,Georgia Southern,Southern Conference,souths,Georgia Southern
2003,2643,The Citadel Bulldogs,The Citadel,Southern Conference,souths,The Citadel
2003,2534,Sam Houston Bearkats,Sam Houston,Southland Conference,land,Sam Houston St.
2003,2617,Stephen F. Austin Lumberjacks,Stephen F. Austin,Southland Conference,land,Stephen F. Austin
2003,250,UT Arlington Mavericks,UT Arlington,Southland Conference,land,UT Arlington
2003,326,Texas State Bobcats,Texas State,Southland Conference,land,Texas St.
2003,2433,UL Monroe Warhawks,UL Monroe,Southland Conference,land,Louisiana Monroe
2003,2320,Lamar Cardinals,Lamar,Southland Conference,land,Lamar
2003,2377,McNeese Cowboys,McNeese,Southland Conference,land,McNeese St.
2003,2545,SE Louisiana Lions,SE Louisiana,Southland Conference,land,Southeastern Louisiana
2003,2636,UTSA Roadrunners,UTSA,Southland Conference,land,UTSA
2003,2466,Northwestern State Demons,Northwestern State,Southland Conference,land,Northwestern St.
2003,2447,Nicholls Colonels,Nicholls,Southland Conference,land,Nicholls St.
2003,2504,Prairie View A&M Panthers,Prairie View A&M,Southwestern Athletic Conference,swac,Prairie View A&M
2003,2400,Mississippi Valley State Delta Devils,Mississippi Valley State,Southwestern Athletic Conference,swac,Mississippi Valley St.
2003,2011,Alabama State Hornets,Alabama State,Southwestern Athletic Conference,swac,Alabama St.
2003,2640,Texas Southern Tigers,Texas Southern,Southwestern Athletic Conference,swac,Texas Southern
2003,2016,Alcorn State Braves,Alcorn State,Southwestern Athletic Conference,swac,Alcorn St.
2003,2296,Jackson State Tigers,Jackson State,Southwestern Athletic Conference,swac,Jackson St.
2003,2755,Grambling Tigers,Grambling,Southwestern Athletic Conference,swac,Grambling St.
2003,2582,Southern Jaguars,Southern,Southwestern Athletic Conference,swac,Southern
2003,2029,Arkansas-Pine Bluff Golden Lions,Arkansas-Pine Bluff,Southwestern Athletic Conference,swac,Arkansas Pine Bluff
2003,2010,Alabama A&M Bulldogs,Alabama A&M,Southwestern Athletic Conference,swac,Alabama A&M
2003,98,Western Kentucky Hilltoppers,Western Kentucky,Sun Belt Conference,belte,Western Kentucky
2003,2393,Middle Tennessee Blue Raiders,Middle Tennessee,Sun Belt Conference,belte,Middle Tennessee
2003,2031,Little Rock Trojans,Little Rock,Sun Belt Conference,belte,Little Rock
2003,2032,Arkansas State Red Wolves,Arkansas State,Sun Belt Conference,belte,Arkansas St.
2003,2229,Florida International Panthers,Florida International,Sun Belt Conference,belte,FIU
2003,309,Louisiana Ragin' Cajuns,Louisiana,Sun Belt Conference,beltw,Louisiana
2003,166,New Mexico State Aggies,New Mexico State,Sun Belt Conference,beltw,New Mexico St.
2003,6,South Alabama Jaguars,South Alabama,Sun Belt Conference,beltw,South Alabama
2003,2172,Denver Pioneers,Denver,Sun Belt Conference,beltw,Denver
2003,2443,New Orleans Privateers,New Orleans,Sun Belt Conference,beltw,New Orleans
2003,249,North Texas Mean Green,North Texas,Sun Belt Conference,beltw,North Texas
2003,2250,Gonzaga Bulldogs,Gonzaga,West Coast Conference,wcc,Gonzaga
2003,301,San Diego Toreros,San Diego,West Coast Conference,wcc,San Diego
2003,2539,San Francisco Dons,San Francisco,West Coast Conference,wcc,San Francisco
2003,2492,Pepperdine Waves,Pepperdine,West Coast Conference,wcc,Pepperdine
2003,2608,Saint Mary's Gaels,Saint Mary's,West Coast Conference,wcc,Saint Mary's
2003,2351,Loyola Marymount Lions,Loyola Marymount,West Coast Conference,wcc,Loyola Marymount
2003,2501,Portland Pilots,Portland,West Coast Conference,wcc,Portland
2003,2541,Santa Clara Broncos,Santa Clara,West Coast Conference,wcc,Santa Clara
2003,278,Fresno State Bulldogs,Fresno State,Western Athletic Conference,wac,Fresno St.
2003,202,Tulsa Golden Hurricane,Tulsa,Western Athletic Conference,wac,Tulsa
2003,2440,Nevada Wolf Pack,Nevada,Western Athletic Conference,wac,Nevada
2003,242,Rice Owls,Rice,Western Athletic Conference,wac,Rice
2003,2567,SMU Mustangs,SMU,Western Athletic Conference,wac,SMU
2003,62,Hawai'i Rainbow Warriors,Hawai'i,Western Athletic Conference,wac,Hawaii
2003,2348,Louisiana Tech Bulldogs,Louisiana Tech,Western Athletic Conference,wac,Louisiana Tech
2003,68,Boise State Broncos,Boise State,Western Athletic Conference,wac,Boise St.
2003,23,San José State Spartans,San José State,Western Athletic Conference,wac,San Jose St.
2003,2638,UTEP Miners,UTEP,Western Athletic Conference,wac,UTEP
2004,2653,Troy Trojans,Troy,ASUN Conference,a-sun,Troy
2004,2116,UCF Knights,UCF,ASUN Conference,a-sun,UCF
2004,2057,Belmont Bruins,Belmont,ASUN Conference,a-sun,Belmont
2004,2247,Georgia State Panthers,Georgia State,ASUN Conference,a-sun,Georgia St.
2004,56,Stetson Hatters,Stetson,ASUN Conference,a-sun,Stetson
2004,2382,Mercer Bears,Mercer,ASUN Conference,a-sun,Mercer
2004,294,Jacksonville Dolphins,Jacksonville,ASUN Conference,a-sun,Jacksonville
2004,2241,Gardner-Webb Runnin' Bulldogs,Gardner-Webb,ASUN Conference,a-sun,Gardner Webb
2004,2226,Florida Atlantic Owls,Florida Atlantic,ASUN Conference,a-sun,Florida Atlantic
2004,288,Lipscomb Bisons,Lipscomb,ASUN Conference,a-sun,Lipscomb
2004,2097,Campbell Fighting Camels,Campbell,ASUN Conference,a-sun,Campbell
2004,104,Boston University Terriers,Boston University,America East Conference,aeast,Boston University
2004,261,Vermont Catamounts,Vermont,America East Conference,aeast,Vermont
2004,111,Northeastern Huskies,Northeastern,America East Conference,aeast,Northeastern
2004,311,Maine Black Bears,Maine,America East Conference,aeast,Maine
2004,2066,Binghamton Bearcats,Binghamton,America East Conference,aeast,Binghamton
2004,42,Hartford Hawks,Hartford,America East Conference,aeast,Hartford
2004,2619,Stony Brook Seawolves,Stony Brook,America East Conference,aeast,Stony Brook
2004,160,New Hampshire Wildcats,New Hampshire,America East Conference,aeast,New Hampshire
2004,2378,UMBC Retrievers,UMBC,America East Conference,aeast,UMBC
2004,399,UAlbany Great Danes,UAlbany,America East Conference,aeast,Albany
2004,2603,Saint Joseph's Hawks,Saint Joseph's,Atlantic 10 Conference,atl10e,Saint Joseph's
2004,218,Temple Owls,Temple,Atlantic 10 Conference,atl10e,Temple
2004,227,Rhode Island Rams,Rhode Island,Atlantic 10 Conference,atl10e,Rhode Island
2004,113,Massachusetts Minutemen,Massachusetts,Atlantic 10 Conference,atl10e,Massachusetts
2004,2230,Fordham Rams,Fordham,Atlantic 10 Conference,atl10e,Fordham
2004,179,St. Bonaventure Bonnies,St. Bonaventure,Atlantic 10 Conference,atl10e,St. Bonaventure
2004,2168,Dayton Flyers,Dayton,Atlantic 10 Conference,atl10w,Dayton
2004,45,George Washington Revolutionaries,George Washington,Atlantic 10 Conference,atl10w,George Washington
2004,2752,Xavier Musketeers,Xavier,Atlantic 10 Conference,atl10w,Xavier
2004,257,Richmond Spiders,Richmond,Atlantic 10 Conference,atl10w,Richmond
2004,2184,Duquesne Dukes,Duquesne,Atlantic 10 Conference,atl10w,Duquesne
2004,2325,La Salle Explorers,La Salle,Atlantic 10 Conference,atl10w,La Salle
2004,150,Duke Blue Devils,Duke,Atlantic Coast Conference,acc,Duke
2004,152,NC State Wolfpack,NC State,Atlantic Coast Conference,acc,N.C. State
2004,154,Wake Forest Demon Deacons,Wake Forest,Atlantic Coast Conference,acc,Wake Forest
2004,59,Georgia Tech Yellow Jackets,Georgia Tech,Atlantic Coast Conference,acc,Georgia Tech
2004,153,North Carolina Tar Heels,North Carolina,Atlantic Coast Conference,acc,North Carolina
2004,120,Maryland Terrapins,Maryland,Atlantic Coast Conference,acc,Maryland
2004,258,Virginia Cavaliers,Virginia,Atlantic Coast Conference,acc,Virginia
2004,52,Florida State Seminoles,Florida State,Atlantic Coast Conference,acc,Florida St.
2004,228,Clemson Tigers,Clemson,Atlantic Coast Conference,acc,Clemson
2004,197,Oklahoma State Cowboys,Oklahoma State,Big 12 Conference,big12,Oklahoma St.
2004,2305,Kansas Jayhawks,Kansas,Big 12 Conference,big12,Kansas
2004,251,Texas Longhorns,Texas,Big 12 Conference,big12,Texas
2004,38,Colorado Buffaloes,Colorado,Big 12 Conference,big12,Colorado
2004,142,Missouri Tigers,Missouri,Big 12 Conference,big12,Missouri
2004,2641,Texas Tech Red Raiders,Texas Tech,Big 12 Conference,big12,Texas Tech
2004,201,Oklahoma Sooners,Oklahoma,Big 12 Conference,big12,Oklahoma
2004,66,Iowa State Cyclones,Iowa State,Big 12 Conference,big12,Iowa St.
2004,158,Nebraska Cornhuskers,Nebraska,Big 12 Conference,big12,Nebraska
2004,2306,Kansas State Wildcats,Kansas State,Big 12 Conference,big12,Kansas St.
2004,239,Baylor Bears,Baylor,Big 12 Conference,big12,Baylor
2004,245,Texas A&M Aggies,Texas A&M,Big 12 Conference,big12,Texas A&M
2004,221,Pittsburgh Panthers,Pittsburgh,Big East Conference,bige,Pittsburgh
2004,41,UConn Huskies,UConn,Big East Conference,bige,Connecticut
2004,2507,Providence Friars,Providence,Big East Conference,bige,Providence
2004,183,Syracuse Orange,Syracuse,Big East Conference,bige,Syracuse
2004,2550,Seton Hall Pirates,Seton Hall,Big East Conference,bige,Seton Hall
2004,103,Boston College Eagles,Boston College,Big East Conference,bige,Boston College
2004,87,Notre Dame Fighting Irish,Notre Dame,Big East Conference,bige,Notre Dame
2004,259,Virginia Tech Hokies,Virginia Tech,Big East Conference,bige,Virginia Tech
2004,164,Rutgers Scarlet Knights,Rutgers,Big East Conference,bige,Rutgers
2004,277,West Virginia Mountaineers,West Virginia,Big East Conference,bige,West Virginia
2004,222,Villanova Wildcats,Villanova,Big East Conference,bige,Villanova
2004,2390,Miami Hurricanes,Miami,Big East Conference,bige,Miami FL
2004,46,Georgetown Hoyas,Georgetown,Big East Conference,bige,Georgetown
2004,2599,St. John's Red Storm,St. John's,Big East Conference,bige,St. John's
2004,331,Eastern Washington Eagles,Eastern Washington,Big Sky Conference,bsky,Eastern Washington
2004,304,Idaho State Bengals,Idaho State,Big Sky Conference,bsky,Idaho St.
2004,16,Sacramento State Hornets,Sacramento State,Big Sky Conference,bsky,Sacramento St.
2004,2464,Northern Arizona Lumberjacks,Northern Arizona,Big Sky Conference,bsky,Northern Arizona
2004,2692,Weber State Wildcats,Weber State,Big Sky Conference,bsky,Weber St.
2004,149,Montana Grizzlies,Montana,Big Sky Conference,bsky,Montana
2004,147,Montana State Bobcats,Montana State,Big Sky Conference,bsky,Montana St.
2004,2502,Portland State Vikings,Portland State,Big Sky Conference,bsky,Portland St.
2004,2335,Liberty Flames,Liberty,Big South Conference,bsou,Liberty
2004,3,Birmingham-Southern Panthers,Birmingham-Southern,Big South Conference,bsou,
2004,2737,Winthrop Eagles,Winthrop,Big South Conference,bsou,Winthrop
2004,2272,High Point Panthers,High Point,Big South Conference,bsou,High Point
2004,324,Coastal Carolina Chanticleers,Coastal Carolina,Big South Conference,bsou,Coastal Carolina
2004,2515,Radford Highlanders,Radford,Big South Conference,bsou,Radford
2004,2427,UNC Asheville Bulldogs,UNC Asheville,Big South Conference,bsou,UNC Asheville
2004,2678,VMI Keydets,VMI,Big South Conference,bsou,VMI
2004,2127,Charleston Southern Buccaneers,Charleston Southern,Big South Conference,bsou,Charleston Southern
2004,356,Illinois Fighting Illini,Illinois,Big Ten Conference,big10,Illinois
2004,127,Michigan State Spartans,Michigan State,Big Ten Conference,big10,Michigan St.
2004,275,Wisconsin Badgers,Wisconsin,Big Ten Conference,big10,Wisconsin
2004,2294,Iowa Hawkeyes,Iowa,Big Ten Conference,big10,Iowa
2004,77,Northwestern Wildcats,Northwestern,Big Ten Conference,big10,Northwestern
2004,130,Michigan Wolverines,Michigan,Big Ten Conference,big10,Michigan
2004,84,Indiana Hoosiers,Indiana,Big Ten Conference,big10,Indiana
2004,2509,Purdue Boilermakers,Purdue,Big Ten Conference,big10,Purdue
2004,194,Ohio State Buckeyes,Ohio State,Big Ten Conference,big10,Ohio St.
2004,213,Penn State Nittany Lions,Penn State,Big Ten Conference,big10,Penn St.
2004,135,Minnesota Golden Gophers,Minnesota,Big Ten Conference,big10,Minnesota
2004,328,Utah State Aggies,Utah State,Big West Conference,bigw,Utah St.
2004,279,Pacific Tigers,Pacific,Big West Conference,bigw,Pacific
2004,2540,UC Santa Barbara Gauchos,UC Santa Barbara,Big West Conference,bigw,UC Santa Barbara
2004,70,Idaho Vandals,Idaho,Big West Conference,bigw,Idaho
2004,27,UC Riverside Highlanders,UC Riverside,Big West Conference,bigw,UC Riverside
2004,2239,Cal State Fullerton Titans,Cal State Fullerton,Big West Conference,bigw,Cal St. Fullerton
2004,2463,Cal State Northridge Matadors,Cal State Northridge,Big West Conference,bigw,Cal St. Northridge
2004,300,UC Irvine Anteaters,UC Irvine,Big West Conference,bigw,UC Irvine
2004,13,Cal Poly Mustangs,Cal Poly,Big West Conference,bigw,Cal Poly
2004,299,Long Beach State Beach,Long Beach State,Big West Conference,bigw,Long Beach St.
2004,2670,VCU Rams,VCU,Coastal Athletic Association,col,VCU
2004,2182,Drexel Dragons,Drexel,Coastal Athletic Association,col,Drexel
2004,2244,George Mason Patriots,George Mason,Coastal Athletic Association,col,George Mason
2004,295,Old Dominion Monarchs,Old Dominion,Coastal Athletic Association,col,Old Dominion
2004,2275,Hofstra Pride,Hofstra,Coastal Athletic Association,col,Hofstra
2004,48,Delaware Blue Hens,Delaware,Coastal Athletic Association,col,Delaware
2004,350,UNC Wilmington Seahawks,UNC Wilmington,Coastal Athletic Association,col,UNC Wilmington
2004,2729,William & Mary Tribe,William & Mary,Coastal Athletic Association,col,William & Mary
2004,119,Towson Tigers,Towson,Coastal Athletic Association,col,Towson
2004,256,James Madison Dukes,James Madison,Coastal Athletic Association,col,James Madison
2004,2429,Charlotte 49ers,Charlotte,Conference USA,usa,Charlotte
2004,5,UAB Blazers,UAB,Conference USA,usa,UAB
2004,235,Memphis Tigers,Memphis,Conference USA,usa,Memphis
2004,305,DePaul Blue Demons,DePaul,Conference USA,usa,DePaul
2004,2132,Cincinnati Bearcats,Cincinnati,Conference USA,usa,Cincinnati
2004,97,Louisville Cardinals,Louisville,Conference USA,usa,Louisville
2004,139,Saint Louis Billikens,Saint Louis,Conference USA,usa,Saint Louis
2004,269,Marquette Golden Eagles,Marquette,Conference USA,usa,Marquette
2004,2628,TCU Horned Frogs,TCU,Conference USA,usa,TCU
2004,2572,Southern Miss Golden Eagles,Southern Miss,Conference USA,usa,Southern Miss
2004,151,East Carolina Pirates,East Carolina,Conference USA,usa,East Carolina
2004,2655,Tulane Green Wave,Tulane,Conference USA,usa,Tulane
2004,248,Houston Cougars,Houston,Conference USA,usa,Houston
2004,58,South Florida Bulls,South Florida,Conference USA,usa,South Florida
2004,2542,Savannah State Tigers,Savannah State,Division I Independents,ind,Savannah St.
2004,292,UT Rio Grande Valley Vaqueros,UT Rio Grande Valley,Division I Independents,ind,UT Rio Grande Valley
2004,357,Texas A&M-Corpus Christi Islanders,Texas A&M-Corpus Christi,Division I Independents,ind,Texas A&M Corpus Chris
2004,2870,Purdue Fort Wayne Mastodons,Purdue Fort Wayne,Division I Independents,ind,Purdue Fort Wayne
2004,270,Milwaukee Panthers,Milwaukee,Horizon League,hor,Milwaukee
2004,82,UIC Flames,UIC,Horizon League,hor,Illinois Chicago
2004,2739,Green Bay Phoenix,Green Bay,Horizon League,hor,Green Bay
2004,2750,Wright State Raiders,Wright State,Horizon League,hor,Wright St.
2004,2174,Detroit Mercy Titans,Detroit Mercy,Horizon League,hor,Detroit Mercy
2004,2086,Butler Bulldogs,Butler,Horizon League,hor,Butler
2004,2754,Youngstown State Penguins,Youngstown State,Horizon League,hor,Youngstown St.
2004,2350,Loyola Chicago Ramblers,Loyola Chicago,Horizon League,hor,Loyola Chicago
2004,325,Cleveland State Vikings,Cleveland State,Horizon League,hor,Cleveland St.
2004,163,Princeton Tigers,Princeton,Ivy League,ivy,Princeton
2004,225,Brown Bears,Brown,Ivy League,ivy,Brown
2004,219,Pennsylvania Quakers,Pennsylvania,Ivy League,ivy,Penn
2004,43,Yale Bulldogs,Yale,Ivy League,ivy,Yale
2004,171,Columbia Lions,Columbia,Ivy League,ivy,Columbia
2004,172,Cornell Big Red,Cornell,Ivy League,ivy,Cornell
2004,108,Harvard Crimson,Harvard,Ivy League,ivy,Harvard
2004,159,Dartmouth Big Green,Dartmouth,Ivy League,ivy,Dartmouth
2004,2363,Manhattan Jaspers,Manhattan,Metro Atlantic Athletic Conference,maac,Manhattan
2004,315,Niagara Purple Eagles,Niagara,Metro Atlantic Athletic Conference,maac,Niagara
2004,2612,Saint Peter's Peacocks,Saint Peter's,Metro Atlantic Athletic Conference,maac,Saint Peter's
2004,2217,Fairfield Stags,Fairfield,Metro Atlantic Athletic Conference,maac,Fairfield
2004,2520,Rider Broncs,Rider,Metro Atlantic Athletic Conference,maac,Rider
2004,2561,Siena Saints,Siena,Metro Atlantic Athletic Conference,maac,Siena
2004,314,Iona Gaels,Iona,Metro Atlantic Athletic Conference,maac,Iona
2004,2099,Canisius Golden Griffins,Canisius,Metro Atlantic Athletic Conference,maac,Canisius
2004,2368,Marist Red Foxes,Marist,Metro Atlantic Athletic Conference,maac,Marist
2004,2352,Loyola Maryland Greyhounds,Loyola Maryland,Metro Atlantic Athletic Conference,maac,Loyola MD
2004,2674,Valparaiso Beacons,Valparaiso,Mid Continent Conference,midco,Valparaiso
2004,2113,Centenary (LA) Gentlemen,Centenary (LA),Mid Continent Conference,midco,Centenary
2004,198,Oral Roberts Golden Eagles,Oral Roberts,Mid Continent Conference,midco,Oral Roberts
2004,85,IU Indianapolis Jaguars,IU Indianapolis,Mid Continent Conference,midco,IU Indy
2004,140,Kansas City Roos,Kansas City,Mid Continent Conference,midco,UMKC
2004,2130,Chicago State Cougars,Chicago State,Mid Continent Conference,midco,Chicago St.
2004,253,Southern Utah Thunderbirds,Southern Utah,Mid Continent Conference,midco,Southern Utah
2004,2473,Oakland Golden Grizzlies,Oakland,Mid Continent Conference,midco,Oakland
2004,2710,Western Illinois Leathernecks,Western Illinois,Mid Continent Conference,midco,Western Illinois
2004,2309,Kent State Golden Flashes,Kent State,Mid-American Conference,midame,Kent St.
2004,193,Miami (OH) RedHawks,Miami (OH),Mid-American Conference,midame,Miami OH
2004,2084,Buffalo Bulls,Buffalo,Mid-American Conference,midame,Buffalo
2004,276,Marshall Thundering Herd,Marshall,Mid-American Conference,midame,Marshall
2004,195,Ohio Bobcats,Ohio,Mid-American Conference,midame,Ohio
2004,2006,Akron Zips,Akron,Mid-American Conference,midame,Akron
2004,2711,Western Michigan Broncos,Western Michigan,Mid-American Conference,midamw,Western Michigan
2004,2649,Toledo Rockets,Toledo,Mid-American Conference,midamw,Toledo
2004,2050,Ball State Cardinals,Ball State,Mid-American Conference,midamw,Ball St.
2004,189,Bowling Green Falcons,Bowling Green,Mid-American Conference,midamw,Bowling Green
2004,2199,Eastern Michigan Eagles,Eastern Michigan,Mid-American Conference,midamw,Eastern Michigan
2004,2459,Northern Illinois Huskies,Northern Illinois,Mid-American Conference,midamw,Northern Illinois
2004,2117,Central Michigan Chippewas,Central Michigan,Mid-American Conference,midamw,Central Michigan
2004,2154,Coppin State Eagles,Coppin State,Mid-Eastern Athletic Conference,meac,Coppin St.
2004,2569,South Carolina State Bulldogs,South Carolina State,Mid-Eastern Athletic Conference,meac,South Carolina St.
2004,2261,Hampton Pirates,Hampton,Mid-Eastern Athletic Conference,meac,Hampton
2004,2169,Delaware State Hornets,Delaware State,Mid-Eastern Athletic Conference,meac,Delaware St.
2004,2450,Norfolk State Spartans,Norfolk State,Mid-Eastern Athletic Conference,meac,Norfolk St.
2004,50,Florida A&M Rattlers,Florida A&M,Mid-Eastern Athletic Conference,meac,Florida A&M
2004,2415,Morgan State Bears,Morgan State,Mid-Eastern Athletic Conference,meac,Morgan St.
2004,2065,Bethune-Cookman Wildcats,Bethune-Cookman,Mid-Eastern Athletic Conference,meac,Bethune Cookman
2004,2379,Maryland Eastern Shore Hawks,Maryland Eastern Shore,Mid-Eastern Athletic Conference,meac,Maryland Eastern Shore
2004,47,Howard Bison,Howard,Mid-Eastern Athletic Conference,meac,Howard
2004,2448,North Carolina A&T Aggies,North Carolina A&T,Mid-Eastern Athletic Conference,meac,North Carolina A&T
2004,79,Southern Illinois Salukis,Southern Illinois,Missouri Valley Conference,mvc,Southern Illinois
2004,156,Creighton Bluejays,Creighton,Missouri Valley Conference,mvc,Creighton
2004,2724,Wichita State Shockers,Wichita State,Missouri Valley Conference,mvc,Wichita St.
2004,2460,Northern Iowa Panthers,Northern Iowa,Missouri Valley Conference,mvc,Northern Iowa
2004,2623,Missouri State Bears,Missouri State,Missouri Valley Conference,mvc,Missouri St.
2004,2181,Drake Bulldogs,Drake,Missouri Valley Conference,mvc,Drake
2004,71,Bradley Braves,Bradley,Missouri Valley Conference,mvc,Bradley
2004,339,Evansville Purple Aces,Evansville,Missouri Valley Conference,mvc,Evansville
2004,282,Indiana State Sycamores,Indiana State,Missouri Valley Conference,mvc,Indiana St.
2004,2287,Illinois State Redbirds,Illinois State,Missouri Valley Conference,mvc,Illinois St.
2004,2005,Air Force Falcons,Air Force,Mountain West Conference,mwest,Air Force
2004,252,BYU Cougars,BYU,Mountain West Conference,mwest,BYU
2004,254,Utah Utes,Utah,Mountain West Conference,mwest,Utah
2004,2439,UNLV Rebels,UNLV,Mountain West Conference,mwest,UNLV
2004,21,San Diego State Aztecs,San Diego State,Mountain West Conference,mwest,San Diego St.
2004,167,New Mexico Lobos,New Mexico,Mountain West Conference,mwest,New Mexico
2004,2751,Wyoming Cowboys,Wyoming,Mountain West Conference,mwest,Wyoming
2004,36,Colorado State Rams,Colorado State,Mountain West Conference,mwest,Colorado St.
2004,2597,St. Francis Brooklyn Terriers,St. Francis Brooklyn,Northeast Conference,neast,St. Francis NY
2004,2405,Monmouth Hawks,Monmouth,Northeast Conference,neast,Monmouth
2004,161,Fairleigh Dickinson Knights,Fairleigh Dickinson,Northeast Conference,neast,Fairleigh Dickinson
2004,2681,Wagner Seahawks,Wagner,Northeast Conference,neast,Wagner
2004,2598,St. Francis (PA) Red Flash,St. Francis (PA),Northeast Conference,neast,Saint Francis
2004,2523,Robert Morris Colonials,Robert Morris,Northeast Conference,neast,Robert Morris
2004,2115,Central Connecticut Blue Devils,Central Connecticut,Northeast Conference,neast,Central Connecticut
2004,116,Mount St. Mary's Mountaineers,Mount St. Mary's,Northeast Conference,neast,Mount St. Mary's
2004,2529,Sacred Heart Pioneers,Sacred Heart,Northeast Conference,neast,Sacred Heart
2004,2514,Quinnipiac Bobcats,Quinnipiac,Northeast Conference,neast,Quinnipiac
2004,112358,Long Island University Sharks,Long Island University,Northeast Conference,neast,LIU
2004,2046,Austin Peay Governors,Austin Peay,Ohio Valley Conference,ovc,Austin Peay
2004,93,Murray State Racers,Murray State,Ohio Valley Conference,ovc,Murray St.
2004,2413,Morehead State Eagles,Morehead State,Ohio Valley Conference,ovc,Morehead St.
2004,2198,Eastern Kentucky Colonels,Eastern Kentucky,Ohio Valley Conference,ovc,Eastern Kentucky
2004,55,Jacksonville State Gamecocks,Jacksonville State,Ohio Valley Conference,ovc,Jacksonville St.
2004,2535,Samford Bulldogs,Samford,Ohio Valley Conference,ovc,Samford
2004,2635,Tennessee Tech Golden Eagles,Tennessee Tech,Ohio Valley Conference,ovc,Tennessee Tech
2004,2634,Tennessee State Tigers,Tennessee State,Ohio Valley Conference,ovc,Tennessee St.
2004,2630,UT Martin Skyhawks,UT Martin,Ohio Valley Conference,ovc,Tennessee Martin
2004,2197,Eastern Illinois Panthers,Eastern Illinois,Ohio Valley Conference,ovc,Eastern Illinois
2004,2546,Southeast Missouri State Redhawks,Southeast Missouri State,Ohio Valley Conference,ovc,Southeast Missouri St.
2004,24,Stanford Cardinal,Stanford,Pac-12 Conference,pac12,Stanford
2004,264,Washington Huskies,Washington,Pac-12 Conference,pac12,Washington
2004,12,Arizona Wildcats,Arizona,Pac-12 Conference,pac12,Arizona
2004,25,California Golden Bears,California,Pac-12 Conference,pac12,California
2004,2483,Oregon Ducks,Oregon,Pac-12 Conference,pac12,Oregon
2004,30,USC Trojans,USC,Pac-12 Conference,pac12,USC
2004,26,UCLA Bruins,UCLA,Pac-12 Conference,pac12,UCLA
2004,265,Washington State Cougars,Washington State,Pac-12 Conference,pac12,Washington St.
2004,204,Oregon State Beavers,Oregon State,Pac-12 Conference,pac12,Oregon St.
2004,9,Arizona State Sun Devils,Arizona State,Pac-12 Conference,pac12,Arizona St.
2004,44,American University Eagles,American University,Patriot League,pat,American
2004,2329,Lehigh Mountain Hawks,Lehigh,Patriot League,pat,Lehigh
2004,2083,Bucknell Bison,Bucknell,Patriot League,pat,Bucknell
2004,322,Lafayette Leopards,Lafayette,Patriot League,pat,Lafayette
2004,107,Holy Cross Crusaders,Holy Cross,Patriot League,pat,Holy Cross
2004,2142,Colgate Raiders,Colgate,Patriot League,pat,Colgate
2004,349,Army Black Knights,Army,Patriot League,pat,Army
2004,2426,Navy Midshipmen,Navy,Patriot League,pat,Navy
2004,96,Kentucky Wildcats,Kentucky,Southeastern Conference,sece,Kentucky
2004,57,Florida Gators,Florida,Southeastern Conference,sece,Florida
2004,2579,South Carolina Gamecocks,South Carolina,Southeastern Conference,sece,South Carolina
2004,238,Vanderbilt Commodores,Vanderbilt,Southeastern Conference,sece,Vanderbilt
2004,2633,Tennessee Volunteers,Tennessee,Southeastern Conference,sece,Tennessee
2004,61,Georgia Bulldogs,Georgia,Southeastern Conference,sece,Georgia
2004,344,Mississippi State Bulldogs,Mississippi State,Southeastern Conference,secw,Mississippi St.
2004,99,LSU Tigers,LSU,Southeastern Conference,secw,LSU
2004,333,Alabama Crimson Tide,Alabama,Southeastern Conference,secw,Alabama
2004,145,Ole Miss Rebels,Ole Miss,Southeastern Conference,secw,Mississippi
2004,2,Auburn Tigers,Auburn,Southeastern Conference,secw,Auburn
2004,8,Arkansas Razorbacks,Arkansas,Southeastern Conference,secw,Arkansas
2004,2193,East Tennessee State Buccaneers,East Tennessee State,Southern Conference,southn,East Tennessee St.
2004,236,Chattanooga Mocs,Chattanooga,Southern Conference,southn,Chattanooga
2004,2210,Elon Phoenix,Elon,Southern Conference,southn,Elon
2004,2430,UNC Greensboro Spartans,UNC Greensboro,Southern Conference,southn,UNC Greensboro
2004,2717,Western Carolina Catamounts,Western Carolina,Southern Conference,southn,Western Carolina
2004,2026,App State Mountaineers,App State,Southern Conference,southn,Appalachian St.
2004,290,Georgia Southern Eagles,Georgia Southern,Southern Conference,souths,Georgia Southern
2004,232,Charleston Cougars,Charleston,Southern Conference,souths,Charleston
2004,2166,Davidson Wildcats,Davidson,Southern Conference,souths,Davidson
2004,231,Furman Paladins,Furman,Southern Conference,souths,Furman
2004,2747,Wofford Terriers,Wofford,Southern Conference,souths,Wofford
2004,2643,The Citadel Bulldogs,The Citadel,Southern Conference,souths,The Citadel
2004,2545,SE Louisiana Lions,SE Louisiana,Southland Conference,land,Southeastern Louisiana
2004,250,UT Arlington Mavericks,UT Arlington,Southland Conference,land,UT Arlington
2004,2636,UTSA Roadrunners,UTSA,Southland Conference,land,UTSA
2004,2617,Stephen F. Austin Lumberjacks,Stephen F. Austin,Southland Conference,land,Stephen F. Austin
2004,2466,Northwestern State Demons,Northwestern State,Southland Conference,land,Northwestern St.
2004,2534,Sam Houston Bearkats,Sam Houston,Southland Conference,land,Sam Houston St.
2004,2433,UL Monroe Warhawks,UL Monroe,Southland Conference,land,Louisiana Monroe
2004,326,Texas State Bobcats,Texas State,Southland Conference,land,Texas St.
2004,2377,McNeese Cowboys,McNeese,Southland Conference,land,McNeese St.
2004,2320,Lamar Cardinals,Lamar,Southland Conference,land,Lamar
2004,2447,Nicholls Colonels,Nicholls,Southland Conference,land,Nicholls St.
2004,2400,Mississippi Valley State Delta Devils,Mississippi Valley State,Southwestern Athletic Conference,swac,Mississippi Valley St.
2004,2640,Texas Southern Tigers,Texas Southern,Southwestern Athletic Conference,swac,Texas Southern
2004,2011,Alabama State Hornets,Alabama State,Southwestern Athletic Conference,swac,Alabama St.
2004,2016,Alcorn State Braves,Alcorn State,Southwestern Athletic Conference,swac,Alcorn St.
2004,2755,Grambling Tigers,Grambling,Southwestern Athletic Conference,swac,Grambling St.
2004,2296,Jackson State Tigers,Jackson State,Southwestern Athletic Conference,swac,Jackson St.
2004,2010,Alabama A&M Bulldogs,Alabama A&M,Southwestern Athletic Conference,swac,Alabama A&M
2004,2582,Southern Jaguars,Southern,Southwestern Athletic Conference,swac,Southern
2004,2504,Prairie View A&M Panthers,Prairie View A&M,Southwestern Athletic Conference,swac,Prairie View A&M
2004,2029,Arkansas-Pine Bluff Golden Lions,Arkansas-Pine Bluff,Southwestern Athletic Conference,swac,Arkansas Pine Bluff
2004,2031,Little Rock Trojans,Little Rock,Sun Belt Conference,belte,Little Rock
2004,98,Western Kentucky Hilltoppers,Western Kentucky,Sun Belt Conference,belte,Western Kentucky
2004,2393,Middle Tennessee Blue Raiders,Middle Tennessee,Sun Belt Conference,belte,Middle Tennessee
2004,2032,Arkansas State Red Wolves,Arkansas State,Sun Belt Conference,belte,Arkansas St.
2004,2229,Florida International Panthers,Florida International,Sun Belt Conference,belte,FIU
2004,309,Louisiana Ragin' Cajuns,Louisiana,Sun Belt Conference,beltw,Louisiana
2004,2443,New Orleans Privateers,New Orleans,Sun Belt Conference,beltw,New Orleans
2004,249,North Texas Mean Green,North Texas,Sun Belt Conference,beltw,North Texas
2004,166,New Mexico State Aggies,New Mexico State,Sun Belt Conference,beltw,New Mexico St.
2004,6,South Alabama Jaguars,South Alabama,Sun Belt Conference,beltw,South Alabama
2004,2172,Denver Pioneers,Denver,Sun Belt Conference,beltw,Denver
2004,2250,Gonzaga Bulldogs,Gonzaga,West Coast Conference,wcc,Gonzaga
2004,2492,Pepperdine Waves,Pepperdine,West Coast Conference,wcc,Pepperdine
2004,2608,Saint Mary's Gaels,Saint Mary's,West Coast Conference,wcc,Saint Mary's
2004,2539,San Francisco Dons,San Francisco,West Coast Conference,wcc,San Francisco
2004,2541,Santa Clara Broncos,Santa Clara,West Coast Conference,wcc,Santa Clara
2004,2501,Portland Pilots,Portland,West Coast Conference,wcc,Portland
2004,2351,Loyola Marymount Lions,Loyola Marymount,West Coast Conference,wcc,Loyola Marymount
2004,301,San Diego Toreros,San Diego,West Coast Conference,wcc,San Diego
2004,2638,UTEP Miners,UTEP,Western Athletic Conference,wac,UTEP
2004,2440,Nevada Wolf Pack,Nevada,Western Athletic Conference,wac,Nevada
2004,242,Rice Owls,Rice,Western Athletic Conference,wac,Rice
2004,68,Boise State Broncos,Boise State,Western Athletic Conference,wac,Boise St.
2004,62,Hawai'i Rainbow Warriors,Hawai'i,Western Athletic Conference,wac,Hawaii
2004,278,Fresno State Bulldogs,Fresno State,Western Athletic Conference,wac,Fresno St.
2004,2348,Louisiana Tech Bulldogs,Louisiana Tech,Western Athletic Conference,wac,Louisiana Tech
2004,202,Tulsa Golden Hurricane,Tulsa,Western Athletic Conference,wac,Tulsa
2004,2567,SMU Mustangs,SMU,Western Athletic Conference,wac,SMU
2004,23,San José State Spartans,San José State,Western Athletic Conference,wac,San Jose St.
2005,2116,UCF Knights,UCF,ASUN Conference,a-sun,UCF
2005,2241,Gardner-Webb Runnin' Bulldogs,Gardner-Webb,ASUN Conference,a-sun,Gardner Webb
2005,2057,Belmont Bruins,Belmont,ASUN Conference,a-sun,Belmont
2005,294,Jacksonville Dolphins,Jacksonville,ASUN Conference,a-sun,Jacksonville
2005,288,Lipscomb Bisons,Lipscomb,ASUN Conference,a-sun,Lipscomb
2005,2247,Georgia State Panthers,Georgia State,ASUN Conference,a-sun,Georgia St.
2005,2382,Mercer Bears,Mercer,ASUN Conference,a-sun,Mercer
2005,2226,Florida Atlantic Owls,Florida Atlantic,ASUN Conference,a-sun,Florida Atlantic
2005,2653,Troy Trojans,Troy,ASUN Conference,a-sun,Troy
2005,56,Stetson Hatters,Stetson,ASUN Conference,a-sun,Stetson
2005,2097,Campbell Fighting Camels,Campbell,ASUN Conference,a-sun,Campbell
2005,261,Vermont Catamounts,Vermont,America East Conference,aeast,Vermont
2005,111,Northeastern Huskies,Northeastern,America East Conference,aeast,Northeastern
2005,104,Boston University Terriers,Boston University,America East Conference,aeast,Boston University
2005,399,UAlbany Great Danes,UAlbany,America East Conference,aeast,Albany
2005,2066,Binghamton Bearcats,Binghamton,America East Conference,aeast,Binghamton
2005,311,Maine Black Bears,Maine,America East Conference,aeast,Maine
2005,2619,Stony Brook Seawolves,Stony Brook,America East Conference,aeast,Stony Brook
2005,160,New Hampshire Wildcats,New Hampshire,America East Conference,aeast,New Hampshire
2005,2378,UMBC Retrievers,UMBC,America East Conference,aeast,UMBC
2005,42,Hartford Hawks,Hartford,America East Conference,aeast,Hartford
2005,2603,Saint Joseph's Hawks,Saint Joseph's,Atlantic 10 Conference,atl10e,Saint Joseph's
2005,218,Temple Owls,Temple,Atlantic 10 Conference,atl10e,Temple
2005,113,Massachusetts Minutemen,Massachusetts,Atlantic 10 Conference,atl10e,Massachusetts
2005,2230,Fordham Rams,Fordham,Atlantic 10 Conference,atl10e,Fordham
2005,227,Rhode Island Rams,Rhode Island,Atlantic 10 Conference,atl10e,Rhode Island
2005,179,St. Bonaventure Bonnies,St. Bonaventure,Atlantic 10 Conference,atl10e,St. Bonaventure
2005,45,George Washington Revolutionaries,George Washington,Atlantic 10 Conference,atl10w,George Washington
2005,2752,Xavier Musketeers,Xavier,Atlantic 10 Conference,atl10w,Xavier
2005,2168,Dayton Flyers,Dayton,Atlantic 10 Conference,atl10w,Dayton
2005,257,Richmond Spiders,Richmond,Atlantic 10 Conference,atl10w,Richmond
2005,2184,Duquesne Dukes,Duquesne,Atlantic 10 Conference,atl10w,Duquesne
2005,2325,La Salle Explorers,La Salle,Atlantic 10 Conference,atl10w,La Salle
2005,153,North Carolina Tar Heels,North Carolina,Atlantic Coast Conference,acc,North Carolina
2005,154,Wake Forest Demon Deacons,Wake Forest,Atlantic Coast Conference,acc,Wake Forest
2005,150,Duke Blue Devils,Duke,Atlantic Coast Conference,acc,Duke
2005,259,Virginia Tech Hokies,Virginia Tech,Atlantic Coast Conference,acc,Virginia Tech
2005,59,Georgia Tech Yellow Jackets,Georgia Tech,Atlantic Coast Conference,acc,Georgia Tech
2005,2390,Miami Hurricanes,Miami,Atlantic Coast Conference,acc,Miami FL
2005,152,NC State Wolfpack,NC State,Atlantic Coast Conference,acc,N.C. State
2005,120,Maryland Terrapins,Maryland,Atlantic Coast Conference,acc,Maryland
2005,228,Clemson Tigers,Clemson,Atlantic Coast Conference,acc,Clemson
2005,52,Florida State Seminoles,Florida State,Atlantic Coast Conference,acc,Florida St.
2005,258,Virginia Cavaliers,Virginia,Atlantic Coast Conference,acc,Virginia
2005,2305,Kansas Jayhawks,Kansas,Big 12 Conference,big12,Kansas
2005,201,Oklahoma Sooners,Oklahoma,Big 12 Conference,big12,Oklahoma
2005,197,Oklahoma State Cowboys,Oklahoma State,Big 12 Conference,big12,Oklahoma St.
2005,2641,Texas Tech Red Raiders,Texas Tech,Big 12 Conference,big12,Texas Tech
2005,66,Iowa State Cyclones,Iowa State,Big 12 Conference,big12,Iowa St.
2005,251,Texas Longhorns,Texas,Big 12 Conference,big12,Texas
2005,245,Texas A&M Aggies,Texas A&M,Big 12 Conference,big12,Texas A&M
2005,142,Missouri Tigers,Missouri,Big 12 Conference,big12,Missouri
2005,158,Nebraska Cornhuskers,Nebraska,Big 12 Conference,big12,Nebraska
2005,2306,Kansas State Wildcats,Kansas State,Big 12 Conference,big12,Kansas St.
2005,38,Colorado Buffaloes,Colorado,Big 12 Conference,big12,Colorado
2005,239,Baylor Bears,Baylor,Big 12 Conference,big12,Baylor
2005,41,UConn Huskies,UConn,Big East Conference,bige,Connecticut
2005,103,Boston College Eagles,Boston College,Big East Conference,bige,Boston College
2005,222,Villanova Wildcats,Villanova,Big East Conference,bige,Villanova
2005,183,Syracuse Orange,Syracuse,Big East Conference,bige,Syracuse
2005,221,Pittsburgh Panthers,Pittsburgh,Big East Conference,bige,Pittsburgh
2005,87,Notre Dame Fighting Irish,Notre Dame,Big East Conference,bige,Notre Dame
2005,277,West Virginia Mountaineers,West Virginia,Big East Conference,bige,West Virginia
2005,46,Georgetown Hoyas,Georgetown,Big East Conference,bige,Georgetown
2005,2550,Seton Hall Pirates,Seton Hall,Big East Conference,bige,Seton Hall
2005,2507,Providence Friars,Providence,Big East Conference,bige,Providence
2005,2599,St. John's Red Storm,St. John's,Big East Conference,bige,St. John's
2005,164,Rutgers Scarlet Knights,Rutgers,Big East Conference,bige,Rutgers
2005,2502,Portland State Vikings,Portland State,Big Sky Conference,bsky,Portland St.
2005,147,Montana State Bobcats,Montana State,Big Sky Conference,bsky,Montana St.
2005,149,Montana Grizzlies,Montana,Big Sky Conference,bsky,Montana
2005,16,Sacramento State Hornets,Sacramento State,Big Sky Conference,bsky,Sacramento St.
2005,2692,Weber State Wildcats,Weber State,Big Sky Conference,bsky,Weber St.
2005,331,Eastern Washington Eagles,Eastern Washington,Big Sky Conference,bsky,Eastern Washington
2005,2464,Northern Arizona Lumberjacks,Northern Arizona,Big Sky Conference,bsky,Northern Arizona
2005,304,Idaho State Bengals,Idaho State,Big Sky Conference,bsky,Idaho St.
2005,2737,Winthrop Eagles,Winthrop,Big South Conference,bsou,Winthrop
2005,2335,Liberty Flames,Liberty,Big South Conference,bsou,Liberty
2005,2427,UNC Asheville Bulldogs,UNC Asheville,Big South Conference,bsou,UNC Asheville
2005,3,Birmingham-Southern Panthers,Birmingham-Southern,Big South Conference,bsou,
2005,324,Coastal Carolina Chanticleers,Coastal Carolina,Big South Conference,bsou,Coastal Carolina
2005,2272,High Point Panthers,High Point,Big South Conference,bsou,High Point
2005,2127,Charleston Southern Buccaneers,Charleston Southern,Big South Conference,bsou,Charleston Southern
2005,2515,Radford Highlanders,Radford,Big South Conference,bsou,Radford
2005,2678,VMI Keydets,VMI,Big South Conference,bsou,VMI
2005,356,Illinois Fighting Illini,Illinois,Big Ten Conference,big10,Illinois
2005,127,Michigan State Spartans,Michigan State,Big Ten Conference,big10,Michigan St.
2005,275,Wisconsin Badgers,Wisconsin,Big Ten Conference,big10,Wisconsin
2005,84,Indiana Hoosiers,Indiana,Big Ten Conference,big10,Indiana
2005,135,Minnesota Golden Gophers,Minnesota,Big Ten Conference,big10,Minnesota
2005,194,Ohio State Buckeyes,Ohio State,Big Ten Conference,big10,Ohio St.
2005,2294,Iowa Hawkeyes,Iowa,Big Ten Conference,big10,Iowa
2005,77,Northwestern Wildcats,Northwestern,Big Ten Conference,big10,Northwestern
2005,130,Michigan Wolverines,Michigan,Big Ten Conference,big10,Michigan
2005,2509,Purdue Boilermakers,Purdue,Big Ten Conference,big10,Purdue
2005,213,Penn State Nittany Lions,Penn State,Big Ten Conference,big10,Penn St.
2005,279,Pacific Tigers,Pacific,Big West Conference,bigw,Pacific
2005,328,Utah State Aggies,Utah State,Big West Conference,bigw,Utah St.
2005,2463,Cal State Northridge Matadors,Cal State Northridge,Big West Conference,bigw,Cal St. Northridge
2005,2239,Cal State Fullerton Titans,Cal State Fullerton,Big West Conference,bigw,Cal St. Fullerton
2005,300,UC Irvine Anteaters,UC Irvine,Big West Conference,bigw,UC Irvine
2005,299,Long Beach State Beach,Long Beach State,Big West Conference,bigw,Long Beach St.
2005,2540,UC Santa Barbara Gauchos,UC Santa Barbara,Big West Conference,bigw,UC Santa Barbara
2005,70,Idaho Vandals,Idaho,Big West Conference,bigw,Idaho
2005,27,UC Riverside Highlanders,UC Riverside,Big West Conference,bigw,UC Riverside
2005,13,Cal Poly Mustangs,Cal Poly,Big West Conference,bigw,Cal Poly
2005,295,Old Dominion Monarchs,Old Dominion,Coastal Athletic Association,col,Old Dominion
2005,2670,VCU Rams,VCU,Coastal Athletic Association,col,VCU
2005,350,UNC Wilmington Seahawks,UNC Wilmington,Coastal Athletic Association,col,UNC Wilmington
2005,2182,Drexel Dragons,Drexel,Coastal Athletic Association,col,Drexel
2005,2275,Hofstra Pride,Hofstra,Coastal Athletic Association,col,Hofstra
2005,2244,George Mason Patriots,George Mason,Coastal Athletic Association,col,George Mason
2005,48,Delaware Blue Hens,Delaware,Coastal Athletic Association,col,Delaware
2005,256,James Madison Dukes,James Madison,Coastal Athletic Association,col,James Madison
2005,2729,William & Mary Tribe,William & Mary,Coastal Athletic Association,col,William & Mary
2005,119,Towson Tigers,Towson,Coastal Athletic Association,col,Towson
2005,97,Louisville Cardinals,Louisville,Conference USA,usa,Louisville
2005,2132,Cincinnati Bearcats,Cincinnati,Conference USA,usa,Cincinnati
2005,2429,Charlotte 49ers,Charlotte,Conference USA,usa,Charlotte
2005,305,DePaul Blue Demons,DePaul,Conference USA,usa,DePaul
2005,5,UAB Blazers,UAB,Conference USA,usa,UAB
2005,248,Houston Cougars,Houston,Conference USA,usa,Houston
2005,235,Memphis Tigers,Memphis,Conference USA,usa,Memphis
2005,2628,TCU Horned Frogs,TCU,Conference USA,usa,TCU
2005,269,Marquette Golden Eagles,Marquette,Conference USA,usa,Marquette
2005,139,Saint Louis Billikens,Saint Louis,Conference USA,usa,Saint Louis
2005,58,South Florida Bulls,South Florida,Conference USA,usa,South Florida
2005,151,East Carolina Pirates,East Carolina,Conference USA,usa,East Carolina
2005,2655,Tulane Green Wave,Tulane,Conference USA,usa,Tulane
2005,2572,Southern Miss Golden Eagles,Southern Miss,Conference USA,usa,Southern Miss
2005,2542,Savannah State Tigers,Savannah State,Division I Independents,ind,Savannah St.
2005,2458,Northern Colorado Bears,Northern Colorado,Division I Independents,ind,Northern Colorado
2005,292,UT Rio Grande Valley Vaqueros,UT Rio Grande Valley,Division I Independents,ind,UT Rio Grande Valley
2005,357,Texas A&M-Corpus Christi Islanders,Texas A&M-Corpus Christi,Division I Independents,ind,Texas A&M Corpus Chris
2005,2870,Purdue Fort Wayne Mastodons,Purdue Fort Wayne,Division I Independents,ind,Purdue Fort Wayne
2005,2344,Longwood Lancers,Longwood,Division I Independents,ind,Longwood
2005,3084,Utah Valley Wolverines,Utah Valley,Division I Independents,ind,Utah Valley
2005,302,UC Davis Aggies,UC Davis,Division I Independents,ind,UC Davis
2005,270,Milwaukee Panthers,Milwaukee,Horizon League,hor,Milwaukee
2005,2739,Green Bay Phoenix,Green Bay,Horizon League,hor,Green Bay
2005,2174,Detroit Mercy Titans,Detroit Mercy,Horizon League,hor,Detroit Mercy
2005,2350,Loyola Chicago Ramblers,Loyola Chicago,Horizon League,hor,Loyola Chicago
2005,2750,Wright State Raiders,Wright State,Horizon League,hor,Wright St.
2005,82,UIC Flames,UIC,Horizon League,hor,Illinois Chicago
2005,2086,Butler Bulldogs,Butler,Horizon League,hor,Butler
2005,325,Cleveland State Vikings,Cleveland State,Horizon League,hor,Cleveland St.
2005,2754,Youngstown State Penguins,Youngstown State,Horizon League,hor,Youngstown St.
2005,219,Pennsylvania Quakers,Pennsylvania,Ivy League,ivy,Penn
2005,172,Cornell Big Red,Cornell,Ivy League,ivy,Cornell
2005,159,Dartmouth Big Green,Dartmouth,Ivy League,ivy,Dartmouth
2005,43,Yale Bulldogs,Yale,Ivy League,ivy,Yale
2005,108,Harvard Crimson,Harvard,Ivy League,ivy,Harvard
2005,163,Princeton Tigers,Princeton,Ivy League,ivy,Princeton
2005,225,Brown Bears,Brown,Ivy League,ivy,Brown
2005,171,Columbia Lions,Columbia,Ivy League,ivy,Columbia
2005,2520,Rider Broncs,Rider,Metro Atlantic Athletic Conference,maac,Rider
2005,315,Niagara Purple Eagles,Niagara,Metro Atlantic Athletic Conference,maac,Niagara
2005,2217,Fairfield Stags,Fairfield,Metro Atlantic Athletic Conference,maac,Fairfield
2005,2612,Saint Peter's Peacocks,Saint Peter's,Metro Atlantic Athletic Conference,maac,Saint Peter's
2005,314,Iona Gaels,Iona,Metro Atlantic Athletic Conference,maac,Iona
2005,2363,Manhattan Jaspers,Manhattan,Metro Atlantic Athletic Conference,maac,Manhattan
2005,2099,Canisius Golden Griffins,Canisius,Metro Atlantic Athletic Conference,maac,Canisius
2005,2368,Marist Red Foxes,Marist,Metro Atlantic Athletic Conference,maac,Marist
2005,2352,Loyola Maryland Greyhounds,Loyola Maryland,Metro Atlantic Athletic Conference,maac,Loyola MD
2005,2561,Siena Saints,Siena,Metro Atlantic Athletic Conference,maac,Siena
2005,198,Oral Roberts Golden Eagles,Oral Roberts,Mid Continent Conference,midco,Oral Roberts
2005,140,Kansas City Roos,Kansas City,Mid Continent Conference,midco,UMKC
2005,2674,Valparaiso Beacons,Valparaiso,Mid Continent Conference,midco,Valparaiso
2005,85,IU Indianapolis Jaguars,IU Indianapolis,Mid Continent Conference,midco,IU Indy
2005,2710,Western Illinois Leathernecks,Western Illinois,Mid Continent Conference,midco,Western Illinois
2005,2130,Chicago State Cougars,Chicago State,Mid Continent Conference,midco,Chicago St.
2005,2473,Oakland Golden Grizzlies,Oakland,Mid Continent Conference,midco,Oakland
2005,253,Southern Utah Thunderbirds,Southern Utah,Mid Continent Conference,midco,Southern Utah
2005,2113,Centenary (LA) Gentlemen,Centenary (LA),Mid Continent Conference,midco,Centenary
2005,193,Miami (OH) RedHawks,Miami (OH),Mid-American Conference,midame,Miami OH
2005,2309,Kent State Golden Flashes,Kent State,Mid-American Conference,midame,Kent St.
2005,2006,Akron Zips,Akron,Mid-American Conference,midame,Akron
2005,195,Ohio Bobcats,Ohio,Mid-American Conference,midame,Ohio
2005,2084,Buffalo Bulls,Buffalo,Mid-American Conference,midame,Buffalo
2005,276,Marshall Thundering Herd,Marshall,Mid-American Conference,midame,Marshall
2005,2649,Toledo Rockets,Toledo,Mid-American Conference,midamw,Toledo
2005,2711,Western Michigan Broncos,Western Michigan,Mid-American Conference,midamw,Western Michigan
2005,2050,Ball State Cardinals,Ball State,Mid-American Conference,midamw,Ball St.
2005,189,Bowling Green Falcons,Bowling Green,Mid-American Conference,midamw,Bowling Green
2005,2459,Northern Illinois Huskies,Northern Illinois,Mid-American Conference,midamw,Northern Illinois
2005,2199,Eastern Michigan Eagles,Eastern Michigan,Mid-American Conference,midamw,Eastern Michigan
2005,2117,Central Michigan Chippewas,Central Michigan,Mid-American Conference,midamw,Central Michigan
2005,2169,Delaware State Hornets,Delaware State,Mid-Eastern Athletic Conference,meac,Delaware St.
2005,2154,Coppin State Eagles,Coppin State,Mid-Eastern Athletic Conference,meac,Coppin St.
2005,2261,Hampton Pirates,Hampton,Mid-Eastern Athletic Conference,meac,Hampton
2005,2415,Morgan State Bears,Morgan State,Mid-Eastern Athletic Conference,meac,Morgan St.
2005,2450,Norfolk State Spartans,Norfolk State,Mid-Eastern Athletic Conference,meac,Norfolk St.
2005,2569,South Carolina State Bulldogs,South Carolina State,Mid-Eastern Athletic Conference,meac,South Carolina St.
2005,50,Florida A&M Rattlers,Florida A&M,Mid-Eastern Athletic Conference,meac,Florida A&M
2005,2065,Bethune-Cookman Wildcats,Bethune-Cookman,Mid-Eastern Athletic Conference,meac,Bethune Cookman
2005,2448,North Carolina A&T Aggies,North Carolina A&T,Mid-Eastern Athletic Conference,meac,North Carolina A&T
2005,47,Howard Bison,Howard,Mid-Eastern Athletic Conference,meac,Howard
2005,2379,Maryland Eastern Shore Hawks,Maryland Eastern Shore,Mid-Eastern Athletic Conference,meac,Maryland Eastern Shore
2005,79,Southern Illinois Salukis,Southern Illinois,Missouri Valley Conference,mvc,Southern Illinois
2005,2724,Wichita State Shockers,Wichita State,Missouri Valley Conference,mvc,Wichita St.
2005,156,Creighton Bluejays,Creighton,Missouri Valley Conference,mvc,Creighton
2005,2460,Northern Iowa Panthers,Northern Iowa,Missouri Valley Conference,mvc,Northern Iowa
2005,2623,Missouri State Bears,Missouri State,Missouri Valley Conference,mvc,Missouri St.
2005,2287,Illinois State Redbirds,Illinois State,Missouri Valley Conference,mvc,Illinois St.
2005,2181,Drake Bulldogs,Drake,Missouri Valley Conference,mvc,Drake
2005,71,Bradley Braves,Bradley,Missouri Valley Conference,mvc,Bradley
2005,282,Indiana State Sycamores,Indiana State,Missouri Valley Conference,mvc,Indiana St.
2005,339,Evansville Purple Aces,Evansville,Missouri Valley Conference,mvc,Evansville
2005,254,Utah Utes,Utah,Mountain West Conference,mwest,Utah
2005,167,New Mexico Lobos,New Mexico,Mountain West Conference,mwest,New Mexico
2005,2005,Air Force Falcons,Air Force,Mountain West Conference,mwest,Air Force
2005,2751,Wyoming Cowboys,Wyoming,Mountain West Conference,mwest,Wyoming
2005,2439,UNLV Rebels,UNLV,Mountain West Conference,mwest,UNLV
2005,21,San Diego State Aztecs,San Diego State,Mountain West Conference,mwest,San Diego St.
2005,252,BYU Cougars,BYU,Mountain West Conference,mwest,BYU
2005,36,Colorado State Rams,Colorado State,Mountain West Conference,mwest,Colorado St.
2005,2405,Monmouth Hawks,Monmouth,Northeast Conference,neast,Monmouth
2005,161,Fairleigh Dickinson Knights,Fairleigh Dickinson,Northeast Conference,neast,Fairleigh Dickinson
2005,2523,Robert Morris Colonials,Robert Morris,Northeast Conference,neast,Robert Morris
2005,2681,Wagner Seahawks,Wagner,Northeast Conference,neast,Wagner
2005,112358,Long Island University Sharks,Long Island University,Northeast Conference,neast,LIU
2005,2598,St. Francis (PA) Red Flash,St. Francis (PA),Northeast Conference,neast,Saint Francis
2005,2597,St. Francis Brooklyn Terriers,St. Francis Brooklyn,Northeast Conference,neast,St. Francis NY
2005,2115,Central Connecticut Blue Devils,Central Connecticut,Northeast Conference,neast,Central Connecticut
2005,2514,Quinnipiac Bobcats,Quinnipiac,Northeast Conference,neast,Quinnipiac
2005,116,Mount St. Mary's Mountaineers,Mount St. Mary's,Northeast Conference,neast,Mount St. Mary's
2005,2529,Sacred Heart Pioneers,Sacred Heart,Northeast Conference,neast,Sacred Heart
2005,2635,Tennessee Tech Golden Eagles,Tennessee Tech,Ohio Valley Conference,ovc,Tennessee Tech
2005,2198,Eastern Kentucky Colonels,Eastern Kentucky,Ohio Valley Conference,ovc,Eastern Kentucky
2005,93,Murray State Racers,Murray State,Ohio Valley Conference,ovc,Murray St.
2005,2535,Samford Bulldogs,Samford,Ohio Valley Conference,ovc,Samford
2005,2046,Austin Peay Governors,Austin Peay,Ohio Valley Conference,ovc,Austin Peay
2005,2634,Tennessee State Tigers,Tennessee State,Ohio Valley Conference,ovc,Tennessee St.
2005,2546,Southeast Missouri State Redhawks,Southeast Missouri State,Ohio Valley Conference,ovc,Southeast Missouri St.
2005,2197,Eastern Illinois Panthers,Eastern Illinois,Ohio Valley Conference,ovc,Eastern Illinois
2005,2413,Morehead State Eagles,Morehead State,Ohio Valley Conference,ovc,Morehead St.
2005,2630,UT Martin Skyhawks,UT Martin,Ohio Valley Conference,ovc,Tennessee Martin
2005,55,Jacksonville State Gamecocks,Jacksonville State,Ohio Valley Conference,ovc,Jacksonville St.
2005,12,Arizona Wildcats,Arizona,Pac-12 Conference,pac12,Arizona
2005,264,Washington Huskies,Washington,Pac-12 Conference,pac12,Washington
2005,24,Stanford Cardinal,Stanford,Pac-12 Conference,pac12,Stanford
2005,26,UCLA Bruins,UCLA,Pac-12 Conference,pac12,UCLA
2005,204,Oregon State Beavers,Oregon State,Pac-12 Conference,pac12,Oregon St.
2005,9,Arizona State Sun Devils,Arizona State,Pac-12 Conference,pac12,Arizona St.
2005,265,Washington State Cougars,Washington State,Pac-12 Conference,pac12,Washington St.
2005,25,California Golden Bears,California,Pac-12 Conference,pac12,California
2005,2483,Oregon Ducks,Oregon,Pac-12 Conference,pac12,Oregon
2005,30,USC Trojans,USC,Pac-12 Conference,pac12,USC
2005,107,Holy Cross Crusaders,Holy Cross,Patriot League,pat,Holy Cross
2005,2083,Bucknell Bison,Bucknell,Patriot League,pat,Bucknell
2005,44,American University Eagles,American University,Patriot League,pat,American
2005,2142,Colgate Raiders,Colgate,Patriot League,pat,Colgate
2005,2329,Lehigh Mountain Hawks,Lehigh,Patriot League,pat,Lehigh
2005,322,Lafayette Leopards,Lafayette,Patriot League,pat,Lafayette
2005,2426,Navy Midshipmen,Navy,Patriot League,pat,Navy
2005,349,Army Black Knights,Army,Patriot League,pat,Army
2005,96,Kentucky Wildcats,Kentucky,Southeastern Conference,sece,Kentucky
2005,57,Florida Gators,Florida,Southeastern Conference,sece,Florida
2005,238,Vanderbilt Commodores,Vanderbilt,Southeastern Conference,sece,Vanderbilt
2005,2579,South Carolina Gamecocks,South Carolina,Southeastern Conference,sece,South Carolina
2005,2633,Tennessee Volunteers,Tennessee,Southeastern Conference,sece,Tennessee
2005,61,Georgia Bulldogs,Georgia,Southeastern Conference,sece,Georgia
2005,99,LSU Tigers,LSU,Southeastern Conference,secw,LSU
2005,333,Alabama Crimson Tide,Alabama,Southeastern Conference,secw,Alabama
2005,344,Mississippi State Bulldogs,Mississippi State,Southeastern Conference,secw,Mississippi St.
2005,8,Arkansas Razorbacks,Arkansas,Southeastern Conference,secw,Arkansas
2005,2,Auburn Tigers,Auburn,Southeastern Conference,secw,Auburn
2005,145,Ole Miss Rebels,Ole Miss,Southeastern Conference,secw,Mississippi
2005,2026,App State Mountaineers,App State,Southern Conference,southn,Appalachian St.
2005,2430,UNC Greensboro Spartans,UNC Greensboro,Southern Conference,southn,UNC Greensboro
2005,2210,Elon Phoenix,Elon,Southern Conference,southn,Elon
2005,2193,East Tennessee State Buccaneers,East Tennessee State,Southern Conference,southn,East Tennessee St.
2005,2717,Western Carolina Catamounts,Western Carolina,Southern Conference,southn,Western Carolina
2005,2166,Davidson Wildcats,Davidson,Southern Conference,souths,Davidson
2005,290,Georgia Southern Eagles,Georgia Southern,Southern Conference,souths,Georgia Southern
2005,232,Charleston Cougars,Charleston,Southern Conference,souths,Charleston
2005,231,Furman Paladins,Furman,Southern Conference,souths,Furman
2005,2747,Wofford Terriers,Wofford,Southern Conference,souths,Wofford
2005,2643,The Citadel Bulldogs,The Citadel,Southern Conference,souths,The Citadel
2005,2466,Northwestern State Demons,Northwestern State,Southland Conference,land,Northwestern St.
2005,2545,SE Louisiana Lions,SE Louisiana,Southland Conference,land,Southeastern Louisiana
2005,2534,Sam Houston Bearkats,Sam Houston,Southland Conference,land,Sam Houston St.
2005,2636,UTSA Roadrunners,UTSA,Southland Conference,land,UTSA
2005,2320,Lamar Cardinals,Lamar,Southland Conference,land,Lamar
2005,326,Texas State Bobcats,Texas State,Southland Conference,land,Texas St.
2005,2377,McNeese Cowboys,McNeese,Southland Conference,land,McNeese St.
2005,250,UT Arlington Mavericks,UT Arlington,Southland Conference,land,UT Arlington
2005,2617,Stephen F. Austin Lumberjacks,Stephen F. Austin,Southland Conference,land,Stephen F. Austin
2005,2433,UL Monroe Warhawks,UL Monroe,Southland Conference,land,Louisiana Monroe
2005,2447,Nicholls Colonels,Nicholls,Southland Conference,land,Nicholls St.
2005,2010,Alabama A&M Bulldogs,Alabama A&M,Southwestern Athletic Conference,swac,Alabama A&M
2005,2400,Mississippi Valley State Delta Devils,Mississippi Valley State,Southwestern Athletic Conference,swac,Mississippi Valley St.
2005,2011,Alabama State Hornets,Alabama State,Southwestern Athletic Conference,swac,Alabama St.
2005,2755,Grambling Tigers,Grambling,Southwestern Athletic Conference,swac,Grambling St.
2005,2296,Jackson State Tigers,Jackson State,Southwestern Athletic Conference,swac,Jackson St.
2005,2582,Southern Jaguars,Southern,Southwestern Athletic Conference,swac,Southern
2005,2640,Texas Southern Tigers,Texas Southern,Southwestern Athletic Conference,swac,Texas Southern
2005,2016,Alcorn State Braves,Alcorn State,Southwestern Athletic Conference,swac,Alcorn St.
2005,2504,Prairie View A&M Panthers,Prairie View A&M,Southwestern Athletic Conference,swac,Prairie View A&M
2005,2029,Arkansas-Pine Bluff Golden Lions,Arkansas-Pine Bluff,Southwestern Athletic Conference,swac,Arkansas Pine Bluff
2005,2031,Little Rock Trojans,Little Rock,Sun Belt Conference,belte,Little Rock
2005,98,Western Kentucky Hilltoppers,Western Kentucky,Sun Belt Conference,belte,Western Kentucky
2005,2032,Arkansas State Red Wolves,Arkansas State,Sun Belt Conference,belte,Arkansas St.
2005,2393,Middle Tennessee Blue Raiders,Middle Tennessee,Sun Belt Conference,belte,Middle Tennessee
2005,2229,Florida International Panthers,Florida International,Sun Belt Conference,belte,FIU
2005,2172,Denver Pioneers,Denver,Sun Belt Conference,beltw,Denver
2005,309,Louisiana Ragin' Cajuns,Louisiana,Sun Belt Conference,beltw,Louisiana
2005,2443,New Orleans Privateers,New Orleans,Sun Belt Conference,beltw,New Orleans
2005,6,South Alabama Jaguars,South Alabama,Sun Belt Conference,beltw,South Alabama
2005,249,North Texas Mean Green,North Texas,Sun Belt Conference,beltw,North Texas
2005,166,New Mexico State Aggies,New Mexico State,Sun Belt Conference,beltw,New Mexico St.
2005,2250,Gonzaga Bulldogs,Gonzaga,West Coast Conference,wcc,Gonzaga
2005,2608,Saint Mary's Gaels,Saint Mary's,West Coast Conference,wcc,Saint Mary's
2005,2541,Santa Clara Broncos,Santa Clara,West Coast Conference,wcc,Santa Clara
2005,301,San Diego Toreros,San Diego,West Coast Conference,wcc,San Diego
2005,2492,Pepperdine Waves,Pepperdine,West Coast Conference,wcc,Pepperdine
2005,2539,San Francisco Dons,San Francisco,West Coast Conference,wcc,San Francisco
2005,2501,Portland Pilots,Portland,West Coast Conference,wcc,Portland
2005,2351,Loyola Marymount Lions,Loyola Marymount,West Coast Conference,wcc,Loyola Marymount
2005,2440,Nevada Wolf Pack,Nevada,Western Athletic Conference,wac,Nevada
2005,2638,UTEP Miners,UTEP,Western Athletic Conference,wac,UTEP
2005,242,Rice Owls,Rice,Western Athletic Conference,wac,Rice
2005,2348,Louisiana Tech Bulldogs,Louisiana Tech,Western Athletic Conference,wac,Louisiana Tech
2005,2567,SMU Mustangs,SMU,Western Athletic Conference,wac,SMU
2005,278,Fresno State Bulldogs,Fresno State,Western Athletic Conference,wac,Fresno St.
2005,62,Hawai'i Rainbow Warriors,Hawai'i,Western Athletic Conference,wac,Hawaii
2005,68,Boise State Broncos,Boise State,Western Athletic Conference,wac,Boise St.
2005,202,Tulsa Golden Hurricane,Tulsa,Western Athletic Conference,wac,Tulsa
2005,23,San José State Spartans,San José State,Western Athletic Conference,wac,San Jose St.
2006,2057,Belmont Bruins,Belmont,ASUN Conference,a-sun,Belmont
2006,288,Lipscomb Bisons,Lipscomb,ASUN Conference,a-sun,Lipscomb
2006,2226,Florida Atlantic Owls,Florida Atlantic,ASUN Conference,a-sun,Florida Atlantic
2006,2241,Gardner-Webb Runnin' Bulldogs,Gardner-Webb,ASUN Conference,a-sun,Gardner Webb
2006,2193,East Tennessee State Buccaneers,East Tennessee State,ASUN Conference,a-sun,East Tennessee St.
2006,56,Stetson Hatters,Stetson,ASUN Conference,a-sun,Stetson
2006,338,Kennesaw State Owls,Kennesaw State,ASUN Conference,a-sun,Kennesaw St.
2006,2097,Campbell Fighting Camels,Campbell,ASUN Conference,a-sun,Campbell
2006,2382,Mercer Bears,Mercer,ASUN Conference,a-sun,Mercer
2006,2454,North Florida Ospreys,North Florida,ASUN Conference,a-sun,North Florida
2006,294,Jacksonville Dolphins,Jacksonville,ASUN Conference,a-sun,Jacksonville
2006,399,UAlbany Great Danes,UAlbany,America East Conference,aeast,Albany
2006,2066,Binghamton Bearcats,Binghamton,America East Conference,aeast,Binghamton
2006,42,Hartford Hawks,Hartford,America East Conference,aeast,Hartford
2006,104,Boston University Terriers,Boston University,America East Conference,aeast,Boston University
2006,160,New Hampshire Wildcats,New Hampshire,America East Conference,aeast,New Hampshire
2006,261,Vermont Catamounts,Vermont,America East Conference,aeast,Vermont
2006,311,Maine Black Bears,Maine,America East Conference,aeast,Maine
2006,2378,UMBC Retrievers,UMBC,America East Conference,aeast,UMBC
2006,2619,Stony Brook Seawolves,Stony Brook,America East Conference,aeast,Stony Brook
2006,45,George Washington Revolutionaries,George Washington,Atlantic 10 Conference,atl10,George Washington
2006,2429,Charlotte 49ers,Charlotte,Atlantic 10 Conference,atl10,Charlotte
2006,139,Saint Louis Billikens,Saint Louis,Atlantic 10 Conference,atl10,Saint Louis
2006,2325,La Salle Explorers,La Salle,Atlantic 10 Conference,atl10,La Salle
2006,2230,Fordham Rams,Fordham,Atlantic 10 Conference,atl10,Fordham
2006,2603,Saint Joseph's Hawks,Saint Joseph's,Atlantic 10 Conference,atl10,Saint Joseph's
2006,2752,Xavier Musketeers,Xavier,Atlantic 10 Conference,atl10,Xavier
2006,113,Massachusetts Minutemen,Massachusetts,Atlantic 10 Conference,atl10,Massachusetts
2006,227,Rhode Island Rams,Rhode Island,Atlantic 10 Conference,atl10,Rhode Island
2006,218,Temple Owls,Temple,Atlantic 10 Conference,atl10,Temple
2006,257,Richmond Spiders,Richmond,Atlantic 10 Conference,atl10,Richmond
2006,2168,Dayton Flyers,Dayton,Atlantic 10 Conference,atl10,Dayton
2006,179,St. Bonaventure Bonnies,St. Bonaventure,Atlantic 10 Conference,atl10,St. Bonaventure
2006,2184,Duquesne Dukes,Duquesne,Atlantic 10 Conference,atl10,Duquesne
2006,150,Duke Blue Devils,Duke,Atlantic Coast Conference,acc,Duke
2006,153,North Carolina Tar Heels,North Carolina,Atlantic Coast Conference,acc,North Carolina
2006,103,Boston College Eagles,Boston College,Atlantic Coast Conference,acc,Boston College
2006,152,NC State Wolfpack,NC State,Atlantic Coast Conference,acc,N.C. State
2006,52,Florida State Seminoles,Florida State,Atlantic Coast Conference,acc,Florida St.
2006,120,Maryland Terrapins,Maryland,Atlantic Coast Conference,acc,Maryland
2006,258,Virginia Cavaliers,Virginia,Atlantic Coast Conference,acc,Virginia
2006,2390,Miami Hurricanes,Miami,Atlantic Coast Conference,acc,Miami FL
2006,228,Clemson Tigers,Clemson,Atlantic Coast Conference,acc,Clemson
2006,59,Georgia Tech Yellow Jackets,Georgia Tech,Atlantic Coast Conference,acc,Georgia Tech
2006,259,Virginia Tech Hokies,Virginia Tech,Atlantic Coast Conference,acc,Virginia Tech
2006,154,Wake Forest Demon Deacons,Wake Forest,Atlantic Coast Conference,acc,Wake Forest
2006,2305,Kansas Jayhawks,Kansas,Big 12 Conference,big12,Kansas
2006,251,Texas Longhorns,Texas,Big 12 Conference,big12,Texas
2006,201,Oklahoma Sooners,Oklahoma,Big 12 Conference,big12,Oklahoma
2006,245,Texas A&M Aggies,Texas A&M,Big 12 Conference,big12,Texas A&M
2006,38,Colorado Buffaloes,Colorado,Big 12 Conference,big12,Colorado
2006,158,Nebraska Cornhuskers,Nebraska,Big 12 Conference,big12,Nebraska
2006,2641,Texas Tech Red Raiders,Texas Tech,Big 12 Conference,big12,Texas Tech
2006,197,Oklahoma State Cowboys,Oklahoma State,Big 12 Conference,big12,Oklahoma St.
2006,2306,Kansas State Wildcats,Kansas State,Big 12 Conference,big12,Kansas St.
2006,66,Iowa State Cyclones,Iowa State,Big 12 Conference,big12,Iowa St.
2006,142,Missouri Tigers,Missouri,Big 12 Conference,big12,Missouri
2006,239,Baylor Bears,Baylor,Big 12 Conference,big12,Baylor
2006,222,Villanova Wildcats,Villanova,Big East Conference,bige,Villanova
2006,41,UConn Huskies,UConn,Big East Conference,bige,Connecticut
2006,277,West Virginia Mountaineers,West Virginia,Big East Conference,bige,West Virginia
2006,269,Marquette Golden Eagles,Marquette,Big East Conference,bige,Marquette
2006,46,Georgetown Hoyas,Georgetown,Big East Conference,bige,Georgetown
2006,221,Pittsburgh Panthers,Pittsburgh,Big East Conference,bige,Pittsburgh
2006,2550,Seton Hall Pirates,Seton Hall,Big East Conference,bige,Seton Hall
2006,2132,Cincinnati Bearcats,Cincinnati,Big East Conference,bige,Cincinnati
2006,164,Rutgers Scarlet Knights,Rutgers,Big East Conference,bige,Rutgers
2006,183,Syracuse Orange,Syracuse,Big East Conference,bige,Syracuse
2006,87,Notre Dame Fighting Irish,Notre Dame,Big East Conference,bige,Notre Dame
2006,97,Louisville Cardinals,Louisville,Big East Conference,bige,Louisville
2006,305,DePaul Blue Demons,DePaul,Big East Conference,bige,DePaul
2006,2507,Providence Friars,Providence,Big East Conference,bige,Providence
2006,2599,St. John's Red Storm,St. John's,Big East Conference,bige,St. John's
2006,58,South Florida Bulls,South Florida,Big East Conference,bige,South Florida
2006,2464,Northern Arizona Lumberjacks,Northern Arizona,Big Sky Conference,bsky,Northern Arizona
2006,149,Montana Grizzlies,Montana,Big Sky Conference,bsky,Montana
2006,331,Eastern Washington Eagles,Eastern Washington,Big Sky Conference,bsky,Eastern Washington
2006,147,Montana State Bobcats,Montana State,Big Sky Conference,bsky,Montana St.
2006,2502,Portland State Vikings,Portland State,Big Sky Conference,bsky,Portland St.
2006,16,Sacramento State Hornets,Sacramento State,Big Sky Conference,bsky,Sacramento St.
2006,2692,Weber State Wildcats,Weber State,Big Sky Conference,bsky,Weber St.
2006,304,Idaho State Bengals,Idaho State,Big Sky Conference,bsky,Idaho St.
2006,2737,Winthrop Eagles,Winthrop,Big South Conference,bsou,Winthrop
2006,324,Coastal Carolina Chanticleers,Coastal Carolina,Big South Conference,bsou,Coastal Carolina
2006,3,Birmingham-Southern Panthers,Birmingham-Southern,Big South Conference,bsou,
2006,2515,Radford Highlanders,Radford,Big South Conference,bsou,Radford
2006,2272,High Point Panthers,High Point,Big South Conference,bsou,High Point
2006,2127,Charleston Southern Buccaneers,Charleston Southern,Big South Conference,bsou,Charleston Southern
2006,2427,UNC Asheville Bulldogs,UNC Asheville,Big South Conference,bsou,UNC Asheville
2006,2335,Liberty Flames,Liberty,Big South Conference,bsou,Liberty
2006,2678,VMI Keydets,VMI,Big South Conference,bsou,VMI
2006,194,Ohio State Buckeyes,Ohio State,Big Ten Conference,big10,Ohio St.
2006,2294,Iowa Hawkeyes,Iowa,Big Ten Conference,big10,Iowa
2006,356,Illinois Fighting Illini,Illinois,Big Ten Conference,big10,Illinois
2006,84,Indiana Hoosiers,Indiana,Big Ten Conference,big10,Indiana
2006,275,Wisconsin Badgers,Wisconsin,Big Ten Conference,big10,Wisconsin
2006,127,Michigan State Spartans,Michigan State,Big Ten Conference,big10,Michigan St.
2006,130,Michigan Wolverines,Michigan,Big Ten Conference,big10,Michigan
2006,77,Northwestern Wildcats,Northwestern,Big Ten Conference,big10,Northwestern
2006,213,Penn State Nittany Lions,Penn State,Big Ten Conference,big10,Penn St.
2006,135,Minnesota Golden Gophers,Minnesota,Big Ten Conference,big10,Minnesota
2006,2509,Purdue Boilermakers,Purdue,Big Ten Conference,big10,Purdue
2006,279,Pacific Tigers,Pacific,Big West Conference,bigw,Pacific
2006,300,UC Irvine Anteaters,UC Irvine,Big West Conference,bigw,UC Irvine
2006,299,Long Beach State Beach,Long Beach State,Big West Conference,bigw,Long Beach St.
2006,13,Cal Poly Mustangs,Cal Poly,Big West Conference,bigw,Cal Poly
2006,2540,UC Santa Barbara Gauchos,UC Santa Barbara,Big West Conference,bigw,UC Santa Barbara
2006,2239,Cal State Fullerton Titans,Cal State Fullerton,Big West Conference,bigw,Cal St. Fullerton
2006,2463,Cal State Northridge Matadors,Cal State Northridge,Big West Conference,bigw,Cal St. Northridge
2006,27,UC Riverside Highlanders,UC Riverside,Big West Conference,bigw,UC Riverside
2006,350,UNC Wilmington Seahawks,UNC Wilmington,Coastal Athletic Association,col,UNC Wilmington
2006,2244,George Mason Patriots,George Mason,Coastal Athletic Association,col,George Mason
2006,2275,Hofstra Pride,Hofstra,Coastal Athletic Association,col,Hofstra
2006,295,Old Dominion Monarchs,Old Dominion,Coastal Athletic Association,col,Old Dominion
2006,111,Northeastern Huskies,Northeastern,Coastal Athletic Association,col,Northeastern
2006,2670,VCU Rams,VCU,Coastal Athletic Association,col,VCU
2006,119,Towson Tigers,Towson,Coastal Athletic Association,col,Towson
2006,2182,Drexel Dragons,Drexel,Coastal Athletic Association,col,Drexel
2006,48,Delaware Blue Hens,Delaware,Coastal Athletic Association,col,Delaware
2006,2247,Georgia State Panthers,Georgia State,Coastal Athletic Association,col,Georgia St.
2006,2729,William & Mary Tribe,William & Mary,Coastal Athletic Association,col,William & Mary
2006,256,James Madison Dukes,James Madison,Coastal Athletic Association,col,James Madison
2006,235,Memphis Tigers,Memphis,Conference USA,usa,Memphis
2006,5,UAB Blazers,UAB,Conference USA,usa,UAB
2006,2638,UTEP Miners,UTEP,Conference USA,usa,UTEP
2006,248,Houston Cougars,Houston,Conference USA,usa,Houston
2006,2116,UCF Knights,UCF,Conference USA,usa,UCF
2006,202,Tulsa Golden Hurricane,Tulsa,Conference USA,usa,Tulsa
2006,2655,Tulane Green Wave,Tulane,Conference USA,usa,Tulane
2006,242,Rice Owls,Rice,Conference USA,usa,Rice
2006,276,Marshall Thundering Herd,Marshall,Conference USA,usa,Marshall
2006,2567,SMU Mustangs,SMU,Conference USA,usa,SMU
2006,2572,Southern Miss Golden Eagles,Southern Miss,Conference USA,usa,Southern Miss
2006,151,East Carolina Pirates,East Carolina,Conference USA,usa,East Carolina
2006,2542,Savannah State Tigers,Savannah State,Division I Independents,ind,Savannah St.
2006,2571,South Dakota State Jackrabbits,South Dakota State,Division I Independents,ind,South Dakota St.
2006,2449,North Dakota State Bison,North Dakota State,Division I Independents,ind,North Dakota St.
2006,2870,Purdue Fort Wayne Mastodons,Purdue Fort Wayne,Division I Independents,ind,Purdue Fort Wayne
2006,2458,Northern Colorado Bears,Northern Colorado,Division I Independents,ind,Northern Colorado
2006,302,UC Davis Aggies,UC Davis,Division I Independents,ind,UC Davis
2006,2344,Longwood Lancers,Longwood,Division I Independents,ind,Longwood
2006,3084,Utah Valley Wolverines,Utah Valley,Division I Independents,ind,Utah Valley
2006,292,UT Rio Grande Valley Vaqueros,UT Rio Grande Valley,Division I Independents,ind,UT Rio Grande Valley
2006,357,Texas A&M-Corpus Christi Islanders,Texas A&M-Corpus Christi,Division I Independents,ind,Texas A&M Corpus Chris
2006,270,Milwaukee Panthers,Milwaukee,Horizon League,hor,Milwaukee
2006,2086,Butler Bulldogs,Butler,Horizon League,hor,Butler
2006,2750,Wright State Raiders,Wright State,Horizon League,hor,Wright St.
2006,2739,Green Bay Phoenix,Green Bay,Horizon League,hor,Green Bay
2006,2174,Detroit Mercy Titans,Detroit Mercy,Horizon League,hor,Detroit Mercy
2006,82,UIC Flames,UIC,Horizon League,hor,Illinois Chicago
2006,2350,Loyola Chicago Ramblers,Loyola Chicago,Horizon League,hor,Loyola Chicago
2006,325,Cleveland State Vikings,Cleveland State,Horizon League,hor,Cleveland St.
2006,2754,Youngstown State Penguins,Youngstown State,Horizon League,hor,Youngstown St.
2006,219,Pennsylvania Quakers,Pennsylvania,Ivy League,ivy,Penn
2006,163,Princeton Tigers,Princeton,Ivy League,ivy,Princeton
2006,172,Cornell Big Red,Cornell,Ivy League,ivy,Cornell
2006,43,Yale Bulldogs,Yale,Ivy League,ivy,Yale
2006,225,Brown Bears,Brown,Ivy League,ivy,Brown
2006,108,Harvard Crimson,Harvard,Ivy League,ivy,Harvard
2006,159,Dartmouth Big Green,Dartmouth,Ivy League,ivy,Dartmouth
2006,171,Columbia Lions,Columbia,Ivy League,ivy,Columbia
2006,2363,Manhattan Jaspers,Manhattan,Metro Atlantic Athletic Conference,maac,Manhattan
2006,314,Iona Gaels,Iona,Metro Atlantic Athletic Conference,maac,Iona
2006,2368,Marist Red Foxes,Marist,Metro Atlantic Athletic Conference,maac,Marist
2006,2561,Siena Saints,Siena,Metro Atlantic Athletic Conference,maac,Siena
2006,2612,Saint Peter's Peacocks,Saint Peter's,Metro Atlantic Athletic Conference,maac,Saint Peter's
2006,2352,Loyola Maryland Greyhounds,Loyola Maryland,Metro Atlantic Athletic Conference,maac,Loyola MD
2006,2217,Fairfield Stags,Fairfield,Metro Atlantic Athletic Conference,maac,Fairfield
2006,315,Niagara Purple Eagles,Niagara,Metro Atlantic Athletic Conference,maac,Niagara
2006,2099,Canisius Golden Griffins,Canisius,Metro Atlantic Athletic Conference,maac,Canisius
2006,2520,Rider Broncs,Rider,Metro Atlantic Athletic Conference,maac,Rider
2006,85,IU Indianapolis Jaguars,IU Indianapolis,Mid Continent Conference,midco,IU Indy
2006,198,Oral Roberts Golden Eagles,Oral Roberts,Mid Continent Conference,midco,Oral Roberts
2006,140,Kansas City Roos,Kansas City,Mid Continent Conference,midco,UMKC
2006,253,Southern Utah Thunderbirds,Southern Utah,Mid Continent Conference,midco,Southern Utah
2006,2130,Chicago State Cougars,Chicago State,Mid Continent Conference,midco,Chicago St.
2006,2674,Valparaiso Beacons,Valparaiso,Mid Continent Conference,midco,Valparaiso
2006,2473,Oakland Golden Grizzlies,Oakland,Mid Continent Conference,midco,Oakland
2006,2710,Western Illinois Leathernecks,Western Illinois,Mid Continent Conference,midco,Western Illinois
2006,2113,Centenary (LA) Gentlemen,Centenary (LA),Mid Continent Conference,midco,Centenary
2006,2309,Kent State Golden Flashes,Kent State,Mid-American Conference,midame,Kent St.
2006,193,Miami (OH) RedHawks,Miami (OH),Mid-American Conference,midame,Miami OH
2006,2006,Akron Zips,Akron,Mid-American Conference,midame,Akron
2006,195,Ohio Bobcats,Ohio,Mid-American Conference,midame,Ohio
2006,2084,Buffalo Bulls,Buffalo,Mid-American Conference,midame,Buffalo
2006,189,Bowling Green Falcons,Bowling Green,Mid-American Conference,midame,Bowling Green
2006,2459,Northern Illinois Huskies,Northern Illinois,Mid-American Conference,midamw,Northern Illinois
2006,2711,Western Michigan Broncos,Western Michigan,Mid-American Conference,midamw,Western Michigan
2006,2649,Toledo Rockets,Toledo,Mid-American Conference,midamw,Toledo
2006,2050,Ball State Cardinals,Ball State,Mid-American Conference,midamw,Ball St.
2006,2199,Eastern Michigan Eagles,Eastern Michigan,Mid-American Conference,midamw,Eastern Michigan
2006,2117,Central Michigan Chippewas,Central Michigan,Mid-American Conference,midamw,Central Michigan
2006,2169,Delaware State Hornets,Delaware State,Mid-Eastern Athletic Conference,meac,Delaware St.
2006,2154,Coppin State Eagles,Coppin State,Mid-Eastern Athletic Conference,meac,Coppin St.
2006,2065,Bethune-Cookman Wildcats,Bethune-Cookman,Mid-Eastern Athletic Conference,meac,Bethune Cookman
2006,2569,South Carolina State Bulldogs,South Carolina State,Mid-Eastern Athletic Conference,meac,South Carolina St.
2006,50,Florida A&M Rattlers,Florida A&M,Mid-Eastern Athletic Conference,meac,Florida A&M
2006,2261,Hampton Pirates,Hampton,Mid-Eastern Athletic Conference,meac,Hampton
2006,2450,Norfolk State Spartans,Norfolk State,Mid-Eastern Athletic Conference,meac,Norfolk St.
2006,2448,North Carolina A&T Aggies,North Carolina A&T,Mid-Eastern Athletic Conference,meac,North Carolina A&T
2006,47,Howard Bison,Howard,Mid-Eastern Athletic Conference,meac,Howard
2006,2415,Morgan State Bears,Morgan State,Mid-Eastern Athletic Conference,meac,Morgan St.
2006,2379,Maryland Eastern Shore Hawks,Maryland Eastern Shore,Mid-Eastern Athletic Conference,meac,Maryland Eastern Shore
2006,2724,Wichita State Shockers,Wichita State,Missouri Valley Conference,mvc,Wichita St.
2006,79,Southern Illinois Salukis,Southern Illinois,Missouri Valley Conference,mvc,Southern Illinois
2006,2623,Missouri State Bears,Missouri State,Missouri Valley Conference,mvc,Missouri St.
2006,156,Creighton Bluejays,Creighton,Missouri Valley Conference,mvc,Creighton
2006,71,Bradley Braves,Bradley,Missouri Valley Conference,mvc,Bradley
2006,2460,Northern Iowa Panthers,Northern Iowa,Missouri Valley Conference,mvc,Northern Iowa
2006,339,Evansville Purple Aces,Evansville,Missouri Valley Conference,mvc,Evansville
2006,2181,Drake Bulldogs,Drake,Missouri Valley Conference,mvc,Drake
2006,2287,Illinois State Redbirds,Illinois State,Missouri Valley Conference,mvc,Illinois St.
2006,282,Indiana State Sycamores,Indiana State,Missouri Valley Conference,mvc,Indiana St.
2006,21,San Diego State Aztecs,San Diego State,Mountain West Conference,mwest,San Diego St.
2006,252,BYU Cougars,BYU,Mountain West Conference,mwest,BYU
2006,2005,Air Force Falcons,Air Force,Mountain West Conference,mwest,Air Force
2006,2439,UNLV Rebels,UNLV,Mountain West Conference,mwest,UNLV
2006,167,New Mexico Lobos,New Mexico,Mountain West Conference,mwest,New Mexico
2006,254,Utah Utes,Utah,Mountain West Conference,mwest,Utah
2006,2751,Wyoming Cowboys,Wyoming,Mountain West Conference,mwest,Wyoming
2006,36,Colorado State Rams,Colorado State,Mountain West Conference,mwest,Colorado St.
2006,2628,TCU Horned Frogs,TCU,Mountain West Conference,mwest,TCU
2006,161,Fairleigh Dickinson Knights,Fairleigh Dickinson,Northeast Conference,neast,Fairleigh Dickinson
2006,2115,Central Connecticut Blue Devils,Central Connecticut,Northeast Conference,neast,Central Connecticut
2006,2405,Monmouth Hawks,Monmouth,Northeast Conference,neast,Monmouth
2006,116,Mount St. Mary's Mountaineers,Mount St. Mary's,Northeast Conference,neast,Mount St. Mary's
2006,2523,Robert Morris Colonials,Robert Morris,Northeast Conference,neast,Robert Morris
2006,112358,Long Island University Sharks,Long Island University,Northeast Conference,neast,LIU
2006,2529,Sacred Heart Pioneers,Sacred Heart,Northeast Conference,neast,Sacred Heart
2006,2597,St. Francis Brooklyn Terriers,St. Francis Brooklyn,Northeast Conference,neast,St. Francis NY
2006,2514,Quinnipiac Bobcats,Quinnipiac,Northeast Conference,neast,Quinnipiac
2006,2681,Wagner Seahawks,Wagner,Northeast Conference,neast,Wagner
2006,2598,St. Francis (PA) Red Flash,St. Francis (PA),Northeast Conference,neast,Saint Francis
2006,93,Murray State Racers,Murray State,Ohio Valley Conference,ovc,Murray St.
2006,2535,Samford Bulldogs,Samford,Ohio Valley Conference,ovc,Samford
2006,2635,Tennessee Tech Golden Eagles,Tennessee Tech,Ohio Valley Conference,ovc,Tennessee Tech
2006,55,Jacksonville State Gamecocks,Jacksonville State,Ohio Valley Conference,ovc,Jacksonville St.
2006,2198,Eastern Kentucky Colonels,Eastern Kentucky,Ohio Valley Conference,ovc,Eastern Kentucky
2006,2046,Austin Peay Governors,Austin Peay,Ohio Valley Conference,ovc,Austin Peay
2006,2634,Tennessee State Tigers,Tennessee State,Ohio Valley Conference,ovc,Tennessee St.
2006,2630,UT Martin Skyhawks,UT Martin,Ohio Valley Conference,ovc,Tennessee Martin
2006,2197,Eastern Illinois Panthers,Eastern Illinois,Ohio Valley Conference,ovc,Eastern Illinois
2006,2546,Southeast Missouri State Redhawks,Southeast Missouri State,Ohio Valley Conference,ovc,Southeast Missouri St.
2006,2413,Morehead State Eagles,Morehead State,Ohio Valley Conference,ovc,Morehead St.
2006,26,UCLA Bruins,UCLA,Pac-12 Conference,pac12,UCLA
2006,264,Washington Huskies,Washington,Pac-12 Conference,pac12,Washington
2006,25,California Golden Bears,California,Pac-12 Conference,pac12,California
2006,12,Arizona Wildcats,Arizona,Pac-12 Conference,pac12,Arizona
2006,24,Stanford Cardinal,Stanford,Pac-12 Conference,pac12,Stanford
2006,30,USC Trojans,USC,Pac-12 Conference,pac12,USC
2006,2483,Oregon Ducks,Oregon,Pac-12 Conference,pac12,Oregon
2006,9,Arizona State Sun Devils,Arizona State,Pac-12 Conference,pac12,Arizona St.
2006,204,Oregon State Beavers,Oregon State,Pac-12 Conference,pac12,Oregon St.
2006,265,Washington State Cougars,Washington State,Pac-12 Conference,pac12,Washington St.
2006,2083,Bucknell Bison,Bucknell,Patriot League,pat,Bucknell
2006,2329,Lehigh Mountain Hawks,Lehigh,Patriot League,pat,Lehigh
2006,107,Holy Cross Crusaders,Holy Cross,Patriot League,pat,Holy Cross
2006,44,American University Eagles,American University,Patriot League,pat,American
2006,322,Lafayette Leopards,Lafayette,Patriot League,pat,Lafayette
2006,2142,Colgate Raiders,Colgate,Patriot League,pat,Colgate
2006,2426,Navy Midshipmen,Navy,Patriot League,pat,Navy
2006,349,Army Black Knights,Army,Patriot League,pat,Army
2006,2633,Tennessee Volunteers,Tennessee,Southeastern Conference,sece,Tennessee
2006,57,Florida Gators,Florida,Southeastern Conference,sece,Florida
2006,96,Kentucky Wildcats,Kentucky,Southeastern Conference,sece,Kentucky
2006,238,Vanderbilt Commodores,Vanderbilt,Southeastern Conference,sece,Vanderbilt
2006,2579,South Carolina Gamecocks,South Carolina,Southeastern Conference,sece,South Carolina
2006,61,Georgia Bulldogs,Georgia,Southeastern Conference,sece,Georgia
2006,99,LSU Tigers,LSU,Southeastern Conference,secw,LSU
2006,333,Alabama Crimson Tide,Alabama,Southeastern Conference,secw,Alabama
2006,8,Arkansas Razorbacks,Arkansas,Southeastern Conference,secw,Arkansas
2006,344,Mississippi State Bulldogs,Mississippi State,Southeastern Conference,secw,Mississippi St.
2006,2,Auburn Tigers,Auburn,Southeastern Conference,secw,Auburn
2006,145,Ole Miss Rebels,Ole Miss,Southeastern Conference,secw,Mississippi
2006,2210,Elon Phoenix,Elon,Southern Conference,southn,Elon
2006,236,Chattanooga Mocs,Chattanooga,Southern Conference,southn,Chattanooga
2006,2717,Western Carolina Catamounts,Western Carolina,Southern Conference,southn,Western Carolina
2006,2026,App State Mountaineers,App State,Southern Conference,southn,Appalachian St.
2006,2430,UNC Greensboro Spartans,UNC Greensboro,Southern Conference,southn,UNC Greensboro
2006,290,Georgia Southern Eagles,Georgia Southern,Southern Conference,souths,Georgia Southern
2006,2166,Davidson Wildcats,Davidson,Southern Conference,souths,Davidson
2006,232,Charleston Cougars,Charleston,Southern Conference,souths,Charleston
2006,231,Furman Paladins,Furman,Southern Conference,souths,Furman
2006,2747,Wofford Terriers,Wofford,Southern Conference,souths,Wofford
2006,2643,The Citadel Bulldogs,The Citadel,Southern Conference,souths,The Citadel
2006,2466,Northwestern State Demons,Northwestern State,Southland Conference,land,Northwestern St.
2006,2534,Sam Houston Bearkats,Sam Houston,Southland Conference,land,Sam Houston St.
2006,2545,SE Louisiana Lions,SE Louisiana,Southland Conference,land,Southeastern Louisiana
2006,2377,McNeese Cowboys,McNeese,Southland Conference,land,McNeese St.
2006,2320,Lamar Cardinals,Lamar,Southland Conference,land,Lamar
2006,2617,Stephen F. Austin Lumberjacks,Stephen F. Austin,Southland Conference,land,Stephen F. Austin
2006,250,UT Arlington Mavericks,UT Arlington,Southland Conference,land,UT Arlington
2006,2636,UTSA Roadrunners,UTSA,Southland Conference,land,UTSA
2006,2433,UL Monroe Warhawks,UL Monroe,Southland Conference,land,Louisiana Monroe
2006,2447,Nicholls Colonels,Nicholls,Southland Conference,land,Nicholls St.
2006,326,Texas State Bobcats,Texas State,Southland Conference,land,Texas St.
2006,2582,Southern Jaguars,Southern,Southwestern Athletic Conference,swac,Southern
2006,2010,Alabama A&M Bulldogs,Alabama A&M,Southwestern Athletic Conference,swac,Alabama A&M
2006,2755,Grambling Tigers,Grambling,Southwestern Athletic Conference,swac,Grambling St.
2006,2011,Alabama State Hornets,Alabama State,Southwestern Athletic Conference,swac,Alabama St.
2006,2296,Jackson State Tigers,Jackson State,Southwestern Athletic Conference,swac,Jackson St.
2006,2400,Mississippi Valley State Delta Devils,Mississippi Valley State,Southwestern Athletic Conference,swac,Mississippi Valley St.
2006,2016,Alcorn State Braves,Alcorn State,Southwestern Athletic Conference,swac,Alcorn St.
2006,2029,Arkansas-Pine Bluff Golden Lions,Arkansas-Pine Bluff,Southwestern Athletic Conference,swac,Arkansas Pine Bluff
2006,2640,Texas Southern Tigers,Texas Southern,Southwestern Athletic Conference,swac,Texas Southern
2006,2504,Prairie View A&M Panthers,Prairie View A&M,Southwestern Athletic Conference,swac,Prairie View A&M
2006,98,Western Kentucky Hilltoppers,Western Kentucky,Sun Belt Conference,belte,Western Kentucky
2006,2393,Middle Tennessee Blue Raiders,Middle Tennessee,Sun Belt Conference,belte,Middle Tennessee
2006,2032,Arkansas State Red Wolves,Arkansas State,Sun Belt Conference,belte,Arkansas St.
2006,2031,Little Rock Trojans,Little Rock,Sun Belt Conference,belte,Little Rock
2006,2229,Florida International Panthers,Florida International,Sun Belt Conference,belte,FIU
2006,6,South Alabama Jaguars,South Alabama,Sun Belt Conference,beltw,South Alabama
2006,309,Louisiana Ragin' Cajuns,Louisiana,Sun Belt Conference,beltw,Louisiana
2006,2172,Denver Pioneers,Denver,Sun Belt Conference,beltw,Denver
2006,2653,Troy Trojans,Troy,Sun Belt Conference,beltw,Troy
2006,249,North Texas Mean Green,North Texas,Sun Belt Conference,beltw,North Texas
2006,2443,New Orleans Privateers,New Orleans,Sun Belt Conference,beltw,New Orleans
2006,2250,Gonzaga Bulldogs,Gonzaga,West Coast Conference,wcc,Gonzaga
2006,2351,Loyola Marymount Lions,Loyola Marymount,West Coast Conference,wcc,Loyola Marymount
2006,2608,Saint Mary's Gaels,Saint Mary's,West Coast Conference,wcc,Saint Mary's
2006,2539,San Francisco Dons,San Francisco,West Coast Conference,wcc,San Francisco
2006,301,San Diego Toreros,San Diego,West Coast Conference,wcc,San Diego
2006,2501,Portland Pilots,Portland,West Coast Conference,wcc,Portland
2006,2541,Santa Clara Broncos,Santa Clara,West Coast Conference,wcc,Santa Clara
2006,2492,Pepperdine Waves,Pepperdine,West Coast Conference,wcc,Pepperdine
2006,2440,Nevada Wolf Pack,Nevada,Western Athletic Conference,wac,Nevada
2006,328,Utah State Aggies,Utah State,Western Athletic Conference,wac,Utah St.
2006,2348,Louisiana Tech Bulldogs,Louisiana Tech,Western Athletic Conference,wac,Louisiana Tech
2006,62,Hawai'i Rainbow Warriors,Hawai'i,Western Athletic Conference,wac,Hawaii
2006,166,New Mexico State Aggies,New Mexico State,Western Athletic Conference,wac,New Mexico St.
2006,278,Fresno State Bulldogs,Fresno State,Western Athletic Conference,wac,Fresno St.
2006,68,Boise State Broncos,Boise State,Western Athletic Conference,wac,Boise St.
2006,23,San José State Spartans,San José State,Western Athletic Conference,wac,San Jose St.
2006,70,Idaho Vandals,Idaho,Western Athletic Conference,wac,Idaho
2007,2193,East Tennessee State Buccaneers,East Tennessee State,ASUN Conference,a-sun,East Tennessee St.
2007,2057,Belmont Bruins,Belmont,ASUN Conference,a-sun,Belmont
2007,294,Jacksonville Dolphins,Jacksonville,ASUN Conference,a-sun,Jacksonville
2007,288,Lipscomb Bisons,Lipscomb,ASUN Conference,a-sun,Lipscomb
2007,338,Kennesaw State Owls,Kennesaw State,ASUN Conference,a-sun,Kennesaw St.
2007,2382,Mercer Bears,Mercer,ASUN Conference,a-sun,Mercer
2007,2241,Gardner-Webb Runnin' Bulldogs,Gardner-Webb,ASUN Conference,a-sun,Gardner Webb
2007,2097,Campbell Fighting Camels,Campbell,ASUN Conference,a-sun,Campbell
2007,56,Stetson Hatters,Stetson,ASUN Conference,a-sun,Stetson
2007,2454,North Florida Ospreys,North Florida,ASUN Conference,a-sun,North Florida
2007,261,Vermont Catamounts,Vermont,America East Conference,aeast,Vermont
2007,399,UAlbany Great Danes,UAlbany,America East Conference,aeast,Albany
2007,104,Boston University Terriers,Boston University,America East Conference,aeast,Boston University
2007,2378,UMBC Retrievers,UMBC,America East Conference,aeast,UMBC
2007,311,Maine Black Bears,Maine,America East Conference,aeast,Maine
2007,160,New Hampshire Wildcats,New Hampshire,America East Conference,aeast,New Hampshire
2007,42,Hartford Hawks,Hartford,America East Conference,aeast,Hartford
2007,2066,Binghamton Bearcats,Binghamton,America East Conference,aeast,Binghamton
2007,2619,Stony Brook Seawolves,Stony Brook,America East Conference,aeast,Stony Brook
2007,113,Massachusetts Minutemen,Massachusetts,Atlantic 10 Conference,atl10,Massachusetts
2007,2752,Xavier Musketeers,Xavier,Atlantic 10 Conference,atl10,Xavier
2007,45,George Washington Revolutionaries,George Washington,Atlantic 10 Conference,atl10,George Washington
2007,227,Rhode Island Rams,Rhode Island,Atlantic 10 Conference,atl10,Rhode Island
2007,2230,Fordham Rams,Fordham,Atlantic 10 Conference,atl10,Fordham
2007,2603,Saint Joseph's Hawks,Saint Joseph's,Atlantic 10 Conference,atl10,Saint Joseph's
2007,2168,Dayton Flyers,Dayton,Atlantic 10 Conference,atl10,Dayton
2007,139,Saint Louis Billikens,Saint Louis,Atlantic 10 Conference,atl10,Saint Louis
2007,2429,Charlotte 49ers,Charlotte,Atlantic 10 Conference,atl10,Charlotte
2007,2184,Duquesne Dukes,Duquesne,Atlantic 10 Conference,atl10,Duquesne
2007,218,Temple Owls,Temple,Atlantic 10 Conference,atl10,Temple
2007,179,St. Bonaventure Bonnies,St. Bonaventure,Atlantic 10 Conference,atl10,St. Bonaventure
2007,257,Richmond Spiders,Richmond,Atlantic 10 Conference,atl10,Richmond
2007,2325,La Salle Explorers,La Salle,Atlantic 10 Conference,atl10,La Salle
2007,258,Virginia Cavaliers,Virginia,Atlantic Coast Conference,acc,Virginia
2007,153,North Carolina Tar Heels,North Carolina,Atlantic Coast Conference,acc,North Carolina
2007,103,Boston College Eagles,Boston College,Atlantic Coast Conference,acc,Boston College
2007,259,Virginia Tech Hokies,Virginia Tech,Atlantic Coast Conference,acc,Virginia Tech
2007,120,Maryland Terrapins,Maryland,Atlantic Coast Conference,acc,Maryland
2007,59,Georgia Tech Yellow Jackets,Georgia Tech,Atlantic Coast Conference,acc,Georgia Tech
2007,150,Duke Blue Devils,Duke,Atlantic Coast Conference,acc,Duke
2007,52,Florida State Seminoles,Florida State,Atlantic Coast Conference,acc,Florida St.
2007,228,Clemson Tigers,Clemson,Atlantic Coast Conference,acc,Clemson
2007,154,Wake Forest Demon Deacons,Wake Forest,Atlantic Coast Conference,acc,Wake Forest
2007,152,NC State Wolfpack,NC State,Atlantic Coast Conference,acc,N.C. State
2007,2390,Miami Hurricanes,Miami,Atlantic Coast Conference,acc,Miami FL
2007,2305,Kansas Jayhawks,Kansas,Big 12 Conference,big12,Kansas
2007,245,Texas A&M Aggies,Texas A&M,Big 12 Conference,big12,Texas A&M
2007,251,Texas Longhorns,Texas,Big 12 Conference,big12,Texas
2007,2306,Kansas State Wildcats,Kansas State,Big 12 Conference,big12,Kansas St.
2007,2641,Texas Tech Red Raiders,Texas Tech,Big 12 Conference,big12,Texas Tech
2007,142,Missouri Tigers,Missouri,Big 12 Conference,big12,Missouri
2007,201,Oklahoma Sooners,Oklahoma,Big 12 Conference,big12,Oklahoma
2007,66,Iowa State Cyclones,Iowa State,Big 12 Conference,big12,Iowa St.
2007,197,Oklahoma State Cowboys,Oklahoma State,Big 12 Conference,big12,Oklahoma St.
2007,158,Nebraska Cornhuskers,Nebraska,Big 12 Conference,big12,Nebraska
2007,239,Baylor Bears,Baylor,Big 12 Conference,big12,Baylor
2007,38,Colorado Buffaloes,Colorado,Big 12 Conference,big12,Colorado
2007,46,Georgetown Hoyas,Georgetown,Big East Conference,bige,Georgetown
2007,97,Louisville Cardinals,Louisville,Big East Conference,bige,Louisville
2007,221,Pittsburgh Panthers,Pittsburgh,Big East Conference,bige,Pittsburgh
2007,87,Notre Dame Fighting Irish,Notre Dame,Big East Conference,bige,Notre Dame
2007,183,Syracuse Orange,Syracuse,Big East Conference,bige,Syracuse
2007,269,Marquette Golden Eagles,Marquette,Big East Conference,bige,Marquette
2007,305,DePaul Blue Demons,DePaul,Big East Conference,bige,DePaul
2007,222,Villanova Wildcats,Villanova,Big East Conference,bige,Villanova
2007,277,West Virginia Mountaineers,West Virginia,Big East Conference,bige,West Virginia
2007,2507,Providence Friars,Providence,Big East Conference,bige,Providence
2007,2599,St. John's Red Storm,St. John's,Big East Conference,bige,St. John's
2007,41,UConn Huskies,UConn,Big East Conference,bige,Connecticut
2007,2550,Seton Hall Pirates,Seton Hall,Big East Conference,bige,Seton Hall
2007,58,South Florida Bulls,South Florida,Big East Conference,bige,South Florida
2007,164,Rutgers Scarlet Knights,Rutgers,Big East Conference,bige,Rutgers
2007,2132,Cincinnati Bearcats,Cincinnati,Big East Conference,bige,Cincinnati
2007,2464,Northern Arizona Lumberjacks,Northern Arizona,Big Sky Conference,bsky,Northern Arizona
2007,2692,Weber State Wildcats,Weber State,Big Sky Conference,bsky,Weber St.
2007,149,Montana Grizzlies,Montana,Big Sky Conference,bsky,Montana
2007,2502,Portland State Vikings,Portland State,Big Sky Conference,bsky,Portland St.
2007,147,Montana State Bobcats,Montana State,Big Sky Conference,bsky,Montana St.
2007,304,Idaho State Bengals,Idaho State,Big Sky Conference,bsky,Idaho St.
2007,331,Eastern Washington Eagles,Eastern Washington,Big Sky Conference,bsky,Eastern Washington
2007,16,Sacramento State Hornets,Sacramento State,Big Sky Conference,bsky,Sacramento St.
2007,2458,Northern Colorado Bears,Northern Colorado,Big Sky Conference,bsky,Northern Colorado
2007,2737,Winthrop Eagles,Winthrop,Big South Conference,bsou,Winthrop
2007,2272,High Point Panthers,High Point,Big South Conference,bsou,High Point
2007,2335,Liberty Flames,Liberty,Big South Conference,bsou,Liberty
2007,324,Coastal Carolina Chanticleers,Coastal Carolina,Big South Conference,bsou,Coastal Carolina
2007,2427,UNC Asheville Bulldogs,UNC Asheville,Big South Conference,bsou,UNC Asheville
2007,2678,VMI Keydets,VMI,Big South Conference,bsou,VMI
2007,2515,Radford Highlanders,Radford,Big South Conference,bsou,Radford
2007,2127,Charleston Southern Buccaneers,Charleston Southern,Big South Conference,bsou,Charleston Southern
2007,194,Ohio State Buckeyes,Ohio State,Big Ten Conference,big10,Ohio St.
2007,275,Wisconsin Badgers,Wisconsin,Big Ten Conference,big10,Wisconsin
2007,84,Indiana Hoosiers,Indiana,Big Ten Conference,big10,Indiana
2007,2294,Iowa Hawkeyes,Iowa,Big Ten Conference,big10,Iowa
2007,2509,Purdue Boilermakers,Purdue,Big Ten Conference,big10,Purdue
2007,356,Illinois Fighting Illini,Illinois,Big Ten Conference,big10,Illinois
2007,130,Michigan Wolverines,Michigan,Big Ten Conference,big10,Michigan
2007,127,Michigan State Spartans,Michigan State,Big Ten Conference,big10,Michigan St.
2007,135,Minnesota Golden Gophers,Minnesota,Big Ten Conference,big10,Minnesota
2007,213,Penn State Nittany Lions,Penn State,Big Ten Conference,big10,Penn St.
2007,77,Northwestern Wildcats,Northwestern,Big Ten Conference,big10,Northwestern
2007,299,Long Beach State Beach,Long Beach State,Big West Conference,bigw,Long Beach St.
2007,2540,UC Santa Barbara Gauchos,UC Santa Barbara,Big West Conference,bigw,UC Santa Barbara
2007,13,Cal Poly Mustangs,Cal Poly,Big West Conference,bigw,Cal Poly
2007,2239,Cal State Fullerton Titans,Cal State Fullerton,Big West Conference,bigw,Cal St. Fullerton
2007,300,UC Irvine Anteaters,UC Irvine,Big West Conference,bigw,UC Irvine
2007,279,Pacific Tigers,Pacific,Big West Conference,bigw,Pacific
2007,2463,Cal State Northridge Matadors,Cal State Northridge,Big West Conference,bigw,Cal St. Northridge
2007,27,UC Riverside Highlanders,UC Riverside,Big West Conference,bigw,UC Riverside
2007,2670,VCU Rams,VCU,Coastal Athletic Association,col,VCU
2007,295,Old Dominion Monarchs,Old Dominion,Coastal Athletic Association,col,Old Dominion
2007,2275,Hofstra Pride,Hofstra,Coastal Athletic Association,col,Hofstra
2007,2182,Drexel Dragons,Drexel,Coastal Athletic Association,col,Drexel
2007,2244,George Mason Patriots,George Mason,Coastal Athletic Association,col,George Mason
2007,111,Northeastern Huskies,Northeastern,Coastal Athletic Association,col,Northeastern
2007,119,Towson Tigers,Towson,Coastal Athletic Association,col,Towson
2007,2729,William & Mary Tribe,William & Mary,Coastal Athletic Association,col,William & Mary
2007,2247,Georgia State Panthers,Georgia State,Coastal Athletic Association,col,Georgia St.
2007,256,James Madison Dukes,James Madison,Coastal Athletic Association,col,James Madison
2007,350,UNC Wilmington Seahawks,UNC Wilmington,Coastal Athletic Association,col,UNC Wilmington
2007,48,Delaware Blue Hens,Delaware,Coastal Athletic Association,col,Delaware
2007,235,Memphis Tigers,Memphis,Conference USA,usa,Memphis
2007,2116,UCF Knights,UCF,Conference USA,usa,UCF
2007,248,Houston Cougars,Houston,Conference USA,usa,Houston
2007,2572,Southern Miss Golden Eagles,Southern Miss,Conference USA,usa,Southern Miss
2007,2655,Tulane Green Wave,Tulane,Conference USA,usa,Tulane
2007,202,Tulsa Golden Hurricane,Tulsa,Conference USA,usa,Tulsa
2007,242,Rice Owls,Rice,Conference USA,usa,Rice
2007,276,Marshall Thundering Herd,Marshall,Conference USA,usa,Marshall
2007,5,UAB Blazers,UAB,Conference USA,usa,UAB
2007,2638,UTEP Miners,UTEP,Conference USA,usa,UTEP
2007,2567,SMU Mustangs,SMU,Conference USA,usa,SMU
2007,151,East Carolina Pirates,East Carolina,Conference USA,usa,East Carolina
2007,2736,Winston-Salem Rams,Winston-Salem,Division I Independents,ind,Winston Salem St.
2007,2571,South Dakota State Jackrabbits,South Dakota State,Division I Independents,ind,South Dakota St.
2007,2542,Savannah State Tigers,Savannah State,Division I Independents,ind,Savannah St.
2007,2449,North Dakota State Bison,North Dakota State,Division I Independents,ind,North Dakota St.
2007,302,UC Davis Aggies,UC Davis,Division I Independents,ind,UC Davis
2007,2870,Purdue Fort Wayne Mastodons,Purdue Fort Wayne,Division I Independents,ind,Purdue Fort Wayne
2007,292,UT Rio Grande Valley Vaqueros,UT Rio Grande Valley,Division I Independents,ind,UT Rio Grande Valley
2007,3084,Utah Valley Wolverines,Utah Valley,Division I Independents,ind,Utah Valley
2007,2885,NJIT Highlanders,NJIT,Division I Independents,ind,NJIT
2007,2344,Longwood Lancers,Longwood,Division I Independents,ind,Longwood
2007,2130,Chicago State Cougars,Chicago State,Division I Independents,ind,Chicago St.
2007,2750,Wright State Raiders,Wright State,Horizon League,hor,Wright St.
2007,2086,Butler Bulldogs,Butler,Horizon League,hor,Butler
2007,2350,Loyola Chicago Ramblers,Loyola Chicago,Horizon League,hor,Loyola Chicago
2007,2754,Youngstown State Penguins,Youngstown State,Horizon League,hor,Youngstown St.
2007,2739,Green Bay Phoenix,Green Bay,Horizon League,hor,Green Bay
2007,82,UIC Flames,UIC,Horizon League,hor,Illinois Chicago
2007,270,Milwaukee Panthers,Milwaukee,Horizon League,hor,Milwaukee
2007,2174,Detroit Mercy Titans,Detroit Mercy,Horizon League,hor,Detroit Mercy
2007,325,Cleveland State Vikings,Cleveland State,Horizon League,hor,Cleveland St.
2007,219,Pennsylvania Quakers,Pennsylvania,Ivy League,ivy,Penn
2007,43,Yale Bulldogs,Yale,Ivy League,ivy,Yale
2007,172,Cornell Big Red,Cornell,Ivy League,ivy,Cornell
2007,171,Columbia Lions,Columbia,Ivy League,ivy,Columbia
2007,225,Brown Bears,Brown,Ivy League,ivy,Brown
2007,108,Harvard Crimson,Harvard,Ivy League,ivy,Harvard
2007,159,Dartmouth Big Green,Dartmouth,Ivy League,ivy,Dartmouth
2007,163,Princeton Tigers,Princeton,Ivy League,ivy,Princeton
2007,2368,Marist Red Foxes,Marist,Metro Atlantic Athletic Conference,maac,Marist
2007,315,Niagara Purple Eagles,Niagara,Metro Atlantic Athletic Conference,maac,Niagara
2007,2561,Siena Saints,Siena,Metro Atlantic Athletic Conference,maac,Siena
2007,2352,Loyola Maryland Greyhounds,Loyola Maryland,Metro Atlantic Athletic Conference,maac,Loyola MD
2007,2217,Fairfield Stags,Fairfield,Metro Atlantic Athletic Conference,maac,Fairfield
2007,2363,Manhattan Jaspers,Manhattan,Metro Atlantic Athletic Conference,maac,Manhattan
2007,2520,Rider Broncs,Rider,Metro Atlantic Athletic Conference,maac,Rider
2007,2099,Canisius Golden Griffins,Canisius,Metro Atlantic Athletic Conference,maac,Canisius
2007,2612,Saint Peter's Peacocks,Saint Peter's,Metro Atlantic Athletic Conference,maac,Saint Peter's
2007,314,Iona Gaels,Iona,Metro Atlantic Athletic Conference,maac,Iona
2007,198,Oral Roberts Golden Eagles,Oral Roberts,Mid Continent Conference,midco,Oral Roberts
2007,2473,Oakland Golden Grizzlies,Oakland,Mid Continent Conference,midco,Oakland
2007,2674,Valparaiso Beacons,Valparaiso,Mid Continent Conference,midco,Valparaiso
2007,85,IU Indianapolis Jaguars,IU Indianapolis,Mid Continent Conference,midco,IU Indy
2007,140,Kansas City Roos,Kansas City,Mid Continent Conference,midco,UMKC
2007,253,Southern Utah Thunderbirds,Southern Utah,Mid Continent Conference,midco,Southern Utah
2007,2113,Centenary (LA) Gentlemen,Centenary (LA),Mid Continent Conference,midco,Centenary
2007,2710,Western Illinois Leathernecks,Western Illinois,Mid Continent Conference,midco,Western Illinois
2007,2006,Akron Zips,Akron,Mid-American Conference,midame,Akron
2007,2309,Kent State Golden Flashes,Kent State,Mid-American Conference,midame,Kent St.
2007,193,Miami (OH) RedHawks,Miami (OH),Mid-American Conference,midame,Miami OH
2007,195,Ohio Bobcats,Ohio,Mid-American Conference,midame,Ohio
2007,2084,Buffalo Bulls,Buffalo,Mid-American Conference,midame,Buffalo
2007,189,Bowling Green Falcons,Bowling Green,Mid-American Conference,midame,Bowling Green
2007,2649,Toledo Rockets,Toledo,Mid-American Conference,midamw,Toledo
2007,2711,Western Michigan Broncos,Western Michigan,Mid-American Conference,midamw,Western Michigan
2007,2117,Central Michigan Chippewas,Central Michigan,Mid-American Conference,midamw,Central Michigan
2007,2199,Eastern Michigan Eagles,Eastern Michigan,Mid-American Conference,midamw,Eastern Michigan
2007,2050,Ball State Cardinals,Ball State,Mid-American Conference,midamw,Ball St.
2007,2459,Northern Illinois Huskies,Northern Illinois,Mid-American Conference,midamw,Northern Illinois
2007,2169,Delaware State Hornets,Delaware State,Mid-Eastern Athletic Conference,meac,Delaware St.
2007,50,Florida A&M Rattlers,Florida A&M,Mid-Eastern Athletic Conference,meac,Florida A&M
2007,2450,Norfolk State Spartans,Norfolk State,Mid-Eastern Athletic Conference,meac,Norfolk St.
2007,2415,Morgan State Bears,Morgan State,Mid-Eastern Athletic Conference,meac,Morgan St.
2007,2569,South Carolina State Bulldogs,South Carolina State,Mid-Eastern Athletic Conference,meac,South Carolina St.
2007,2448,North Carolina A&T Aggies,North Carolina A&T,Mid-Eastern Athletic Conference,meac,North Carolina A&T
2007,2261,Hampton Pirates,Hampton,Mid-Eastern Athletic Conference,meac,Hampton
2007,2154,Coppin State Eagles,Coppin State,Mid-Eastern Athletic Conference,meac,Coppin St.
2007,2065,Bethune-Cookman Wildcats,Bethune-Cookman,Mid-Eastern Athletic Conference,meac,Bethune Cookman
2007,47,Howard Bison,Howard,Mid-Eastern Athletic Conference,meac,Howard
2007,2379,Maryland Eastern Shore Hawks,Maryland Eastern Shore,Mid-Eastern Athletic Conference,meac,Maryland Eastern Shore
2007,79,Southern Illinois Salukis,Southern Illinois,Missouri Valley Conference,mvc,Southern Illinois
2007,156,Creighton Bluejays,Creighton,Missouri Valley Conference,mvc,Creighton
2007,2623,Missouri State Bears,Missouri State,Missouri Valley Conference,mvc,Missouri St.
2007,71,Bradley Braves,Bradley,Missouri Valley Conference,mvc,Bradley
2007,2460,Northern Iowa Panthers,Northern Iowa,Missouri Valley Conference,mvc,Northern Iowa
2007,2724,Wichita State Shockers,Wichita State,Missouri Valley Conference,mvc,Wichita St.
2007,339,Evansville Purple Aces,Evansville,Missouri Valley Conference,mvc,Evansville
2007,2287,Illinois State Redbirds,Illinois State,Missouri Valley Conference,mvc,Illinois St.
2007,2181,Drake Bulldogs,Drake,Missouri Valley Conference,mvc,Drake
2007,282,Indiana State Sycamores,Indiana State,Missouri Valley Conference,mvc,Indiana St.
2007,252,BYU Cougars,BYU,Mountain West Conference,mwest,BYU
2007,2439,UNLV Rebels,UNLV,Mountain West Conference,mwest,UNLV
2007,21,San Diego State Aztecs,San Diego State,Mountain West Conference,mwest,San Diego St.
2007,2005,Air Force Falcons,Air Force,Mountain West Conference,mwest,Air Force
2007,2751,Wyoming Cowboys,Wyoming,Mountain West Conference,mwest,Wyoming
2007,36,Colorado State Rams,Colorado State,Mountain West Conference,mwest,Colorado St.
2007,254,Utah Utes,Utah,Mountain West Conference,mwest,Utah
2007,167,New Mexico Lobos,New Mexico,Mountain West Conference,mwest,New Mexico
2007,2628,TCU Horned Frogs,TCU,Mountain West Conference,mwest,TCU
2007,2115,Central Connecticut Blue Devils,Central Connecticut,Northeast Conference,neast,Central Connecticut
2007,2529,Sacred Heart Pioneers,Sacred Heart,Northeast Conference,neast,Sacred Heart
2007,2514,Quinnipiac Bobcats,Quinnipiac,Northeast Conference,neast,Quinnipiac
2007,116,Mount St. Mary's Mountaineers,Mount St. Mary's,Northeast Conference,neast,Mount St. Mary's
2007,2523,Robert Morris Colonials,Robert Morris,Northeast Conference,neast,Robert Morris
2007,161,Fairleigh Dickinson Knights,Fairleigh Dickinson,Northeast Conference,neast,Fairleigh Dickinson
2007,2681,Wagner Seahawks,Wagner,Northeast Conference,neast,Wagner
2007,2597,St. Francis Brooklyn Terriers,St. Francis Brooklyn,Northeast Conference,neast,St. Francis NY
2007,2405,Monmouth Hawks,Monmouth,Northeast Conference,neast,Monmouth
2007,112358,Long Island University Sharks,Long Island University,Northeast Conference,neast,LIU
2007,2598,St. Francis (PA) Red Flash,St. Francis (PA),Northeast Conference,neast,Saint Francis
2007,2046,Austin Peay Governors,Austin Peay,Ohio Valley Conference,ovc,Austin Peay
2007,93,Murray State Racers,Murray State,Ohio Valley Conference,ovc,Murray St.
2007,2635,Tennessee Tech Golden Eagles,Tennessee Tech,Ohio Valley Conference,ovc,Tennessee Tech
2007,2198,Eastern Kentucky Colonels,Eastern Kentucky,Ohio Valley Conference,ovc,Eastern Kentucky
2007,2535,Samford Bulldogs,Samford,Ohio Valley Conference,ovc,Samford
2007,2546,Southeast Missouri State Redhawks,Southeast Missouri State,Ohio Valley Conference,ovc,Southeast Missouri St.
2007,2634,Tennessee State Tigers,Tennessee State,Ohio Valley Conference,ovc,Tennessee St.
2007,2413,Morehead State Eagles,Morehead State,Ohio Valley Conference,ovc,Morehead St.
2007,55,Jacksonville State Gamecocks,Jacksonville State,Ohio Valley Conference,ovc,Jacksonville St.
2007,2197,Eastern Illinois Panthers,Eastern Illinois,Ohio Valley Conference,ovc,Eastern Illinois
2007,2630,UT Martin Skyhawks,UT Martin,Ohio Valley Conference,ovc,Tennessee Martin
2007,26,UCLA Bruins,UCLA,Pac-12 Conference,pac12,UCLA
2007,265,Washington State Cougars,Washington State,Pac-12 Conference,pac12,Washington St.
2007,12,Arizona Wildcats,Arizona,Pac-12 Conference,pac12,Arizona
2007,30,USC Trojans,USC,Pac-12 Conference,pac12,USC
2007,2483,Oregon Ducks,Oregon,Pac-12 Conference,pac12,Oregon
2007,24,Stanford Cardinal,Stanford,Pac-12 Conference,pac12,Stanford
2007,264,Washington Huskies,Washington,Pac-12 Conference,pac12,Washington
2007,25,California Golden Bears,California,Pac-12 Conference,pac12,California
2007,204,Oregon State Beavers,Oregon State,Pac-12 Conference,pac12,Oregon St.
2007,9,Arizona State Sun Devils,Arizona State,Pac-12 Conference,pac12,Arizona St.
2007,2083,Bucknell Bison,Bucknell,Patriot League,pat,Bucknell
2007,107,Holy Cross Crusaders,Holy Cross,Patriot League,pat,Holy Cross
2007,2329,Lehigh Mountain Hawks,Lehigh,Patriot League,pat,Lehigh
2007,44,American University Eagles,American University,Patriot League,pat,American
2007,2142,Colgate Raiders,Colgate,Patriot League,pat,Colgate
2007,2426,Navy Midshipmen,Navy,Patriot League,pat,Navy
2007,349,Army Black Knights,Army,Patriot League,pat,Army
2007,322,Lafayette Leopards,Lafayette,Patriot League,pat,Lafayette
2007,57,Florida Gators,Florida,Southeastern Conference,sece,Florida
2007,238,Vanderbilt Commodores,Vanderbilt,Southeastern Conference,sece,Vanderbilt
2007,2633,Tennessee Volunteers,Tennessee,Southeastern Conference,sece,Tennessee
2007,96,Kentucky Wildcats,Kentucky,Southeastern Conference,sece,Kentucky
2007,61,Georgia Bulldogs,Georgia,Southeastern Conference,sece,Georgia
2007,2579,South Carolina Gamecocks,South Carolina,Southeastern Conference,sece,South Carolina
2007,344,Mississippi State Bulldogs,Mississippi State,Southeastern Conference,secw,Mississippi St.
2007,145,Ole Miss Rebels,Ole Miss,Southeastern Conference,secw,Mississippi
2007,2,Auburn Tigers,Auburn,Southeastern Conference,secw,Auburn
2007,8,Arkansas Razorbacks,Arkansas,Southeastern Conference,secw,Arkansas
2007,333,Alabama Crimson Tide,Alabama,Southeastern Conference,secw,Alabama
2007,99,LSU Tigers,LSU,Southeastern Conference,secw,LSU
2007,2026,App State Mountaineers,App State,Southern Conference,southn,Appalachian St.
2007,2430,UNC Greensboro Spartans,UNC Greensboro,Southern Conference,southn,UNC Greensboro
2007,2717,Western Carolina Catamounts,Western Carolina,Southern Conference,southn,Western Carolina
2007,236,Chattanooga Mocs,Chattanooga,Southern Conference,southn,Chattanooga
2007,2210,Elon Phoenix,Elon,Southern Conference,southn,Elon
2007,2166,Davidson Wildcats,Davidson,Southern Conference,souths,Davidson
2007,232,Charleston Cougars,Charleston,Southern Conference,souths,Charleston
2007,231,Furman Paladins,Furman,Southern Conference,souths,Furman
2007,290,Georgia Southern Eagles,Georgia Southern,Southern Conference,souths,Georgia Southern
2007,2747,Wofford Terriers,Wofford,Southern Conference,souths,Wofford
2007,2643,The Citadel Bulldogs,The Citadel,Southern Conference,souths,The Citadel
2007,2466,Northwestern State Demons,Northwestern State,Southland Conference,lande,Northwestern St.
2007,2377,McNeese Cowboys,McNeese,Southland Conference,lande,McNeese St.
2007,2320,Lamar Cardinals,Lamar,Southland Conference,lande,Lamar
2007,2545,SE Louisiana Lions,SE Louisiana,Southland Conference,lande,Southeastern Louisiana
2007,2447,Nicholls Colonels,Nicholls,Southland Conference,lande,Nicholls St.
2007,2110,Central Arkansas Bears,Central Arkansas,Southland Conference,lande,Central Arkansas
2007,357,Texas A&M-Corpus Christi Islanders,Texas A&M-Corpus Christi,Southland Conference,landw,Texas A&M Corpus Chris
2007,2534,Sam Houston Bearkats,Sam Houston,Southland Conference,landw,Sam Houston St.
2007,250,UT Arlington Mavericks,UT Arlington,Southland Conference,landw,UT Arlington
2007,2617,Stephen F. Austin Lumberjacks,Stephen F. Austin,Southland Conference,landw,Stephen F. Austin
2007,326,Texas State Bobcats,Texas State,Southland Conference,landw,Texas St.
2007,2636,UTSA Roadrunners,UTSA,Southland Conference,landw,UTSA
2007,2400,Mississippi Valley State Delta Devils,Mississippi Valley State,Southwestern Athletic Conference,swac,Mississippi Valley St.
2007,2296,Jackson State Tigers,Jackson State,Southwestern Athletic Conference,swac,Jackson St.
2007,2016,Alcorn State Braves,Alcorn State,Southwestern Athletic Conference,swac,Alcorn St.
2007,2755,Grambling Tigers,Grambling,Southwestern Athletic Conference,swac,Grambling St.
2007,2582,Southern Jaguars,Southern,Southwestern Athletic Conference,swac,Southern
2007,2029,Arkansas-Pine Bluff Golden Lions,Arkansas-Pine Bluff,Southwestern Athletic Conference,swac,Arkansas Pine Bluff
2007,2640,Texas Southern Tigers,Texas Southern,Southwestern Athletic Conference,swac,Texas Southern
2007,2011,Alabama State Hornets,Alabama State,Southwestern Athletic Conference,swac,Alabama St.
2007,2504,Prairie View A&M Panthers,Prairie View A&M,Southwestern Athletic Conference,swac,Prairie View A&M
2007,2010,Alabama A&M Bulldogs,Alabama A&M,Southwestern Athletic Conference,swac,Alabama A&M
2007,6,South Alabama Jaguars,South Alabama,Sun Belt Conference,belte,South Alabama
2007,98,Western Kentucky Hilltoppers,Western Kentucky,Sun Belt Conference,belte,Western Kentucky
2007,2226,Florida Atlantic Owls,Florida Atlantic,Sun Belt Conference,belte,Florida Atlantic
2007,2653,Troy Trojans,Troy,Sun Belt Conference,belte,Troy
2007,2393,Middle Tennessee Blue Raiders,Middle Tennessee,Sun Belt Conference,belte,Middle Tennessee
2007,2229,Florida International Panthers,Florida International,Sun Belt Conference,belte,FIU
2007,2032,Arkansas State Red Wolves,Arkansas State,Sun Belt Conference,beltw,Arkansas St.
2007,2433,UL Monroe Warhawks,UL Monroe,Sun Belt Conference,beltw,Louisiana Monroe
2007,249,North Texas Mean Green,North Texas,Sun Belt Conference,beltw,North Texas
2007,2443,New Orleans Privateers,New Orleans,Sun Belt Conference,beltw,New Orleans
2007,2031,Little Rock Trojans,Little Rock,Sun Belt Conference,beltw,Little Rock
2007,309,Louisiana Ragin' Cajuns,Louisiana,Sun Belt Conference,beltw,Louisiana
2007,2172,Denver Pioneers,Denver,Sun Belt Conference,beltw,Denver
2007,2250,Gonzaga Bulldogs,Gonzaga,West Coast Conference,wcc,Gonzaga
2007,2541,Santa Clara Broncos,Santa Clara,West Coast Conference,wcc,Santa Clara
2007,2539,San Francisco Dons,San Francisco,West Coast Conference,wcc,San Francisco
2007,2608,Saint Mary's Gaels,Saint Mary's,West Coast Conference,wcc,Saint Mary's
2007,301,San Diego Toreros,San Diego,West Coast Conference,wcc,San Diego
2007,2351,Loyola Marymount Lions,Loyola Marymount,West Coast Conference,wcc,Loyola Marymount
2007,2492,Pepperdine Waves,Pepperdine,West Coast Conference,wcc,Pepperdine
2007,2501,Portland Pilots,Portland,West Coast Conference,wcc,Portland
2007,2440,Nevada Wolf Pack,Nevada,Western Athletic Conference,wac,Nevada
2007,166,New Mexico State Aggies,New Mexico State,Western Athletic Conference,wac,New Mexico St.
2007,278,Fresno State Bulldogs,Fresno State,Western Athletic Conference,wac,Fresno St.
2007,328,Utah State Aggies,Utah State,Western Athletic Conference,wac,Utah St.
2007,68,Boise State Broncos,Boise State,Western Athletic Conference,wac,Boise St.
2007,62,Hawai'i Rainbow Warriors,Hawai'i,Western Athletic Conference,wac,Hawaii
2007,2348,Louisiana Tech Bulldogs,Louisiana Tech,Western Athletic Conference,wac,Louisiana Tech
2007,23,San José State Spartans,San José State,Western Athletic Conference,wac,San Jose St.
2007,70,Idaho Vandals,Idaho,Western Athletic Conference,wac,Idaho
2008,2057,Belmont Bruins,Belmont,ASUN Conference,a-sun,Belmont
2008,294,Jacksonville Dolphins,Jacksonville,ASUN Conference,a-sun,Jacksonville
2008,56,Stetson Hatters,Stetson,ASUN Conference,a-sun,Stetson
2008,2193,East Tennessee State Buccaneers,East Tennessee State,ASUN Conference,a-sun,East Tennessee St.
2008,2241,Gardner-Webb Runnin' Bulldogs,Gardner-Webb,ASUN Conference,a-sun,Gardner Webb
2008,288,Lipscomb Bisons,Lipscomb,ASUN Conference,a-sun,Lipscomb
2008,338,Kennesaw State Owls,Kennesaw State,ASUN Conference,a-sun,Kennesaw St.
2008,526,Florida Gulf Coast Eagles,Florida Gulf Coast,ASUN Conference,a-sun,Florida Gulf Coast
2008,2382,Mercer Bears,Mercer,ASUN Conference,a-sun,Mercer
2008,2908,South Carolina Upstate Spartans,South Carolina Upstate,ASUN Conference,a-sun,USC Upstate
2008,2097,Campbell Fighting Camels,Campbell,ASUN Conference,a-sun,Campbell
2008,2454,North Florida Ospreys,North Florida,ASUN Conference,a-sun,North Florida
2008,2378,UMBC Retrievers,UMBC,America East Conference,aeast,UMBC
2008,399,UAlbany Great Danes,UAlbany,America East Conference,aeast,Albany
2008,42,Hartford Hawks,Hartford,America East Conference,aeast,Hartford
2008,104,Boston University Terriers,Boston University,America East Conference,aeast,Boston University
2008,2066,Binghamton Bearcats,Binghamton,America East Conference,aeast,Binghamton
2008,261,Vermont Catamounts,Vermont,America East Conference,aeast,Vermont
2008,160,New Hampshire Wildcats,New Hampshire,America East Conference,aeast,New Hampshire
2008,311,Maine Black Bears,Maine,America East Conference,aeast,Maine
2008,2619,Stony Brook Seawolves,Stony Brook,America East Conference,aeast,Stony Brook
2008,2752,Xavier Musketeers,Xavier,Atlantic 10 Conference,atl10,Xavier
2008,218,Temple Owls,Temple,Atlantic 10 Conference,atl10,Temple
2008,113,Massachusetts Minutemen,Massachusetts,Atlantic 10 Conference,atl10,Massachusetts
2008,257,Richmond Spiders,Richmond,Atlantic 10 Conference,atl10,Richmond
2008,2429,Charlotte 49ers,Charlotte,Atlantic 10 Conference,atl10,Charlotte
2008,2603,Saint Joseph's Hawks,Saint Joseph's,Atlantic 10 Conference,atl10,Saint Joseph's
2008,2325,La Salle Explorers,La Salle,Atlantic 10 Conference,atl10,La Salle
2008,2168,Dayton Flyers,Dayton,Atlantic 10 Conference,atl10,Dayton
2008,139,Saint Louis Billikens,Saint Louis,Atlantic 10 Conference,atl10,Saint Louis
2008,2184,Duquesne Dukes,Duquesne,Atlantic 10 Conference,atl10,Duquesne
2008,227,Rhode Island Rams,Rhode Island,Atlantic 10 Conference,atl10,Rhode Island
2008,2230,Fordham Rams,Fordham,Atlantic 10 Conference,atl10,Fordham
2008,45,George Washington Revolutionaries,George Washington,Atlantic 10 Conference,atl10,George Washington
2008,179,St. Bonaventure Bonnies,St. Bonaventure,Atlantic 10 Conference,atl10,St. Bonaventure
2008,153,North Carolina Tar Heels,North Carolina,Atlantic Coast Conference,acc,North Carolina
2008,150,Duke Blue Devils,Duke,Atlantic Coast Conference,acc,Duke
2008,228,Clemson Tigers,Clemson,Atlantic Coast Conference,acc,Clemson
2008,259,Virginia Tech Hokies,Virginia Tech,Atlantic Coast Conference,acc,Virginia Tech
2008,2390,Miami Hurricanes,Miami,Atlantic Coast Conference,acc,Miami FL
2008,120,Maryland Terrapins,Maryland,Atlantic Coast Conference,acc,Maryland
2008,59,Georgia Tech Yellow Jackets,Georgia Tech,Atlantic Coast Conference,acc,Georgia Tech
2008,154,Wake Forest Demon Deacons,Wake Forest,Atlantic Coast Conference,acc,Wake Forest
2008,52,Florida State Seminoles,Florida State,Atlantic Coast Conference,acc,Florida St.
2008,258,Virginia Cavaliers,Virginia,Atlantic Coast Conference,acc,Virginia
2008,103,Boston College Eagles,Boston College,Atlantic Coast Conference,acc,Boston College
2008,152,NC State Wolfpack,NC State,Atlantic Coast Conference,acc,N.C. State
2008,2305,Kansas Jayhawks,Kansas,Big 12 Conference,big12,Kansas
2008,251,Texas Longhorns,Texas,Big 12 Conference,big12,Texas
2008,2306,Kansas State Wildcats,Kansas State,Big 12 Conference,big12,Kansas St.
2008,239,Baylor Bears,Baylor,Big 12 Conference,big12,Baylor
2008,201,Oklahoma Sooners,Oklahoma,Big 12 Conference,big12,Oklahoma
2008,245,Texas A&M Aggies,Texas A&M,Big 12 Conference,big12,Texas A&M
2008,2641,Texas Tech Red Raiders,Texas Tech,Big 12 Conference,big12,Texas Tech
2008,197,Oklahoma State Cowboys,Oklahoma State,Big 12 Conference,big12,Oklahoma St.
2008,158,Nebraska Cornhuskers,Nebraska,Big 12 Conference,big12,Nebraska
2008,142,Missouri Tigers,Missouri,Big 12 Conference,big12,Missouri
2008,66,Iowa State Cyclones,Iowa State,Big 12 Conference,big12,Iowa St.
2008,38,Colorado Buffaloes,Colorado,Big 12 Conference,big12,Colorado
2008,46,Georgetown Hoyas,Georgetown,Big East Conference,bige,Georgetown
2008,87,Notre Dame Fighting Irish,Notre Dame,Big East Conference,bige,Notre Dame
2008,97,Louisville Cardinals,Louisville,Big East Conference,bige,Louisville
2008,41,UConn Huskies,UConn,Big East Conference,bige,Connecticut
2008,277,West Virginia Mountaineers,West Virginia,Big East Conference,bige,West Virginia
2008,269,Marquette Golden Eagles,Marquette,Big East Conference,bige,Marquette
2008,221,Pittsburgh Panthers,Pittsburgh,Big East Conference,bige,Pittsburgh
2008,183,Syracuse Orange,Syracuse,Big East Conference,bige,Syracuse
2008,222,Villanova Wildcats,Villanova,Big East Conference,bige,Villanova
2008,2132,Cincinnati Bearcats,Cincinnati,Big East Conference,bige,Cincinnati
2008,2550,Seton Hall Pirates,Seton Hall,Big East Conference,bige,Seton Hall
2008,305,DePaul Blue Demons,DePaul,Big East Conference,bige,DePaul
2008,2507,Providence Friars,Providence,Big East Conference,bige,Providence
2008,2599,St. John's Red Storm,St. John's,Big East Conference,bige,St. John's
2008,58,South Florida Bulls,South Florida,Big East Conference,bige,South Florida
2008,164,Rutgers Scarlet Knights,Rutgers,Big East Conference,bige,Rutgers
2008,2502,Portland State Vikings,Portland State,Big Sky Conference,bsky,Portland St.
2008,2464,Northern Arizona Lumberjacks,Northern Arizona,Big Sky Conference,bsky,Northern Arizona
2008,2692,Weber State Wildcats,Weber State,Big Sky Conference,bsky,Weber St.
2008,304,Idaho State Bengals,Idaho State,Big Sky Conference,bsky,Idaho St.
2008,149,Montana Grizzlies,Montana,Big Sky Conference,bsky,Montana
2008,147,Montana State Bobcats,Montana State,Big Sky Conference,bsky,Montana St.
2008,331,Eastern Washington Eagles,Eastern Washington,Big Sky Conference,bsky,Eastern Washington
2008,2458,Northern Colorado Bears,Northern Colorado,Big Sky Conference,bsky,Northern Colorado
2008,16,Sacramento State Hornets,Sacramento State,Big Sky Conference,bsky,Sacramento St.
2008,2737,Winthrop Eagles,Winthrop,Big South Conference,bsou,Winthrop
2008,2427,UNC Asheville Bulldogs,UNC Asheville,Big South Conference,bsou,UNC Asheville
2008,2272,High Point Panthers,High Point,Big South Conference,bsou,High Point
2008,2335,Liberty Flames,Liberty,Big South Conference,bsou,Liberty
2008,324,Coastal Carolina Chanticleers,Coastal Carolina,Big South Conference,bsou,Coastal Carolina
2008,2678,VMI Keydets,VMI,Big South Conference,bsou,VMI
2008,2515,Radford Highlanders,Radford,Big South Conference,bsou,Radford
2008,2127,Charleston Southern Buccaneers,Charleston Southern,Big South Conference,bsou,Charleston Southern
2008,275,Wisconsin Badgers,Wisconsin,Big Ten Conference,big10,Wisconsin
2008,2509,Purdue Boilermakers,Purdue,Big Ten Conference,big10,Purdue
2008,84,Indiana Hoosiers,Indiana,Big Ten Conference,big10,Indiana
2008,127,Michigan State Spartans,Michigan State,Big Ten Conference,big10,Michigan St.
2008,194,Ohio State Buckeyes,Ohio State,Big Ten Conference,big10,Ohio St.
2008,135,Minnesota Golden Gophers,Minnesota,Big Ten Conference,big10,Minnesota
2008,213,Penn State Nittany Lions,Penn State,Big Ten Conference,big10,Penn St.
2008,2294,Iowa Hawkeyes,Iowa,Big Ten Conference,big10,Iowa
2008,130,Michigan Wolverines,Michigan,Big Ten Conference,big10,Michigan
2008,356,Illinois Fighting Illini,Illinois,Big Ten Conference,big10,Illinois
2008,77,Northwestern Wildcats,Northwestern,Big Ten Conference,big10,Northwestern
2008,2463,Cal State Northridge Matadors,Cal State Northridge,Big West Conference,bigw,Cal St. Northridge
2008,2540,UC Santa Barbara Gauchos,UC Santa Barbara,Big West Conference,bigw,UC Santa Barbara
2008,2239,Cal State Fullerton Titans,Cal State Fullerton,Big West Conference,bigw,Cal St. Fullerton
2008,279,Pacific Tigers,Pacific,Big West Conference,bigw,Pacific
2008,300,UC Irvine Anteaters,UC Irvine,Big West Conference,bigw,UC Irvine
2008,13,Cal Poly Mustangs,Cal Poly,Big West Conference,bigw,Cal Poly
2008,27,UC Riverside Highlanders,UC Riverside,Big West Conference,bigw,UC Riverside
2008,299,Long Beach State Beach,Long Beach State,Big West Conference,bigw,Long Beach St.
2008,302,UC Davis Aggies,UC Davis,Big West Conference,bigw,UC Davis
2008,2670,VCU Rams,VCU,Coastal Athletic Association,col,VCU
2008,350,UNC Wilmington Seahawks,UNC Wilmington,Coastal Athletic Association,col,UNC Wilmington
2008,2244,George Mason Patriots,George Mason,Coastal Athletic Association,col,George Mason
2008,295,Old Dominion Monarchs,Old Dominion,Coastal Athletic Association,col,Old Dominion
2008,2729,William & Mary Tribe,William & Mary,Coastal Athletic Association,col,William & Mary
2008,48,Delaware Blue Hens,Delaware,Coastal Athletic Association,col,Delaware
2008,111,Northeastern Huskies,Northeastern,Coastal Athletic Association,col,Northeastern
2008,2275,Hofstra Pride,Hofstra,Coastal Athletic Association,col,Hofstra
2008,119,Towson Tigers,Towson,Coastal Athletic Association,col,Towson
2008,2182,Drexel Dragons,Drexel,Coastal Athletic Association,col,Drexel
2008,2247,Georgia State Panthers,Georgia State,Coastal Athletic Association,col,Georgia St.
2008,256,James Madison Dukes,James Madison,Coastal Athletic Association,col,James Madison
2008,235,Memphis Tigers,Memphis,Conference USA,usa,Memphis
2008,5,UAB Blazers,UAB,Conference USA,usa,UAB
2008,248,Houston Cougars,Houston,Conference USA,usa,Houston
2008,2116,UCF Knights,UCF,Conference USA,usa,UCF
2008,2572,Southern Miss Golden Eagles,Southern Miss,Conference USA,usa,Southern Miss
2008,276,Marshall Thundering Herd,Marshall,Conference USA,usa,Marshall
2008,2638,UTEP Miners,UTEP,Conference USA,usa,UTEP
2008,202,Tulsa Golden Hurricane,Tulsa,Conference USA,usa,Tulsa
2008,2655,Tulane Green Wave,Tulane,Conference USA,usa,Tulane
2008,151,East Carolina Pirates,East Carolina,Conference USA,usa,East Carolina
2008,2567,SMU Mustangs,SMU,Conference USA,usa,SMU
2008,242,Rice Owls,Rice,Conference USA,usa,Rice
2008,2736,Winston-Salem Rams,Winston-Salem,Division I Independents,ind,Winston Salem St.
2008,2542,Savannah State Tigers,Savannah State,Division I Independents,ind,Savannah St.
2008,2506,Presbyterian Blue Hose,Presbyterian,Division I Independents,ind,Presbyterian
2008,2344,Longwood Lancers,Longwood,Division I Independents,ind,Longwood
2008,2934,Cal State Bakersfield Roadrunners,Cal State Bakersfield,Division I Independents,ind,Cal St. Bakersfield
2008,3084,Utah Valley Wolverines,Utah Valley,Division I Independents,ind,Utah Valley
2008,2885,NJIT Highlanders,NJIT,Division I Independents,ind,NJIT
2008,292,UT Rio Grande Valley Vaqueros,UT Rio Grande Valley,Division I Independents,ind,UT Rio Grande Valley
2008,2428,North Carolina Central Eagles,North Carolina Central,Division I Independents,ind,North Carolina Central
2008,2130,Chicago State Cougars,Chicago State,Division I Independents,ind,Chicago St.
2008,2086,Butler Bulldogs,Butler,Horizon League,hor,Butler
2008,325,Cleveland State Vikings,Cleveland State,Horizon League,hor,Cleveland St.
2008,2750,Wright State Raiders,Wright State,Horizon League,hor,Wright St.
2008,82,UIC Flames,UIC,Horizon League,hor,Illinois Chicago
2008,2674,Valparaiso Beacons,Valparaiso,Horizon League,hor,Valparaiso
2008,270,Milwaukee Panthers,Milwaukee,Horizon League,hor,Milwaukee
2008,2739,Green Bay Phoenix,Green Bay,Horizon League,hor,Green Bay
2008,2350,Loyola Chicago Ramblers,Loyola Chicago,Horizon League,hor,Loyola Chicago
2008,2754,Youngstown State Penguins,Youngstown State,Horizon League,hor,Youngstown St.
2008,2174,Detroit Mercy Titans,Detroit Mercy,Horizon League,hor,Detroit Mercy
2008,172,Cornell Big Red,Cornell,Ivy League,ivy,Cornell
2008,225,Brown Bears,Brown,Ivy League,ivy,Brown
2008,219,Pennsylvania Quakers,Pennsylvania,Ivy League,ivy,Penn
2008,43,Yale Bulldogs,Yale,Ivy League,ivy,Yale
2008,171,Columbia Lions,Columbia,Ivy League,ivy,Columbia
2008,163,Princeton Tigers,Princeton,Ivy League,ivy,Princeton
2008,108,Harvard Crimson,Harvard,Ivy League,ivy,Harvard
2008,159,Dartmouth Big Green,Dartmouth,Ivy League,ivy,Dartmouth
2008,2561,Siena Saints,Siena,Metro Atlantic Athletic Conference,maac,Siena
2008,2520,Rider Broncs,Rider,Metro Atlantic Athletic Conference,maac,Rider
2008,2352,Loyola Maryland Greyhounds,Loyola Maryland,Metro Atlantic Athletic Conference,maac,Loyola MD
2008,315,Niagara Purple Eagles,Niagara,Metro Atlantic Athletic Conference,maac,Niagara
2008,2217,Fairfield Stags,Fairfield,Metro Atlantic Athletic Conference,maac,Fairfield
2008,2368,Marist Red Foxes,Marist,Metro Atlantic Athletic Conference,maac,Marist
2008,314,Iona Gaels,Iona,Metro Atlantic Athletic Conference,maac,Iona
2008,2363,Manhattan Jaspers,Manhattan,Metro Atlantic Athletic Conference,maac,Manhattan
2008,2612,Saint Peter's Peacocks,Saint Peter's,Metro Atlantic Athletic Conference,maac,Saint Peter's
2008,2099,Canisius Golden Griffins,Canisius,Metro Atlantic Athletic Conference,maac,Canisius
2008,2309,Kent State Golden Flashes,Kent State,Mid-American Conference,midame,Kent St.
2008,2006,Akron Zips,Akron,Mid-American Conference,midame,Akron
2008,193,Miami (OH) RedHawks,Miami (OH),Mid-American Conference,midame,Miami OH
2008,195,Ohio Bobcats,Ohio,Mid-American Conference,midame,Ohio
2008,189,Bowling Green Falcons,Bowling Green,Mid-American Conference,midame,Bowling Green
2008,2084,Buffalo Bulls,Buffalo,Mid-American Conference,midame,Buffalo
2008,2711,Western Michigan Broncos,Western Michigan,Mid-American Conference,midamw,Western Michigan
2008,2199,Eastern Michigan Eagles,Eastern Michigan,Mid-American Conference,midamw,Eastern Michigan
2008,2117,Central Michigan Chippewas,Central Michigan,Mid-American Conference,midamw,Central Michigan
2008,2649,Toledo Rockets,Toledo,Mid-American Conference,midamw,Toledo
2008,2050,Ball State Cardinals,Ball State,Mid-American Conference,midamw,Ball St.
2008,2459,Northern Illinois Huskies,Northern Illinois,Mid-American Conference,midamw,Northern Illinois
2008,2415,Morgan State Bears,Morgan State,Mid-Eastern Athletic Conference,meac,Morgan St.
2008,2450,Norfolk State Spartans,Norfolk State,Mid-Eastern Athletic Conference,meac,Norfolk St.
2008,2261,Hampton Pirates,Hampton,Mid-Eastern Athletic Conference,meac,Hampton
2008,2169,Delaware State Hornets,Delaware State,Mid-Eastern Athletic Conference,meac,Delaware St.
2008,50,Florida A&M Rattlers,Florida A&M,Mid-Eastern Athletic Conference,meac,Florida A&M
2008,2448,North Carolina A&T Aggies,North Carolina A&T,Mid-Eastern Athletic Conference,meac,North Carolina A&T
2008,2569,South Carolina State Bulldogs,South Carolina State,Mid-Eastern Athletic Conference,meac,South Carolina St.
2008,2154,Coppin State Eagles,Coppin State,Mid-Eastern Athletic Conference,meac,Coppin St.
2008,2065,Bethune-Cookman Wildcats,Bethune-Cookman,Mid-Eastern Athletic Conference,meac,Bethune Cookman
2008,47,Howard Bison,Howard,Mid-Eastern Athletic Conference,meac,Howard
2008,2379,Maryland Eastern Shore Hawks,Maryland Eastern Shore,Mid-Eastern Athletic Conference,meac,Maryland Eastern Shore
2008,2181,Drake Bulldogs,Drake,Missouri Valley Conference,mvc,Drake
2008,2287,Illinois State Redbirds,Illinois State,Missouri Valley Conference,mvc,Illinois St.
2008,79,Southern Illinois Salukis,Southern Illinois,Missouri Valley Conference,mvc,Southern Illinois
2008,156,Creighton Bluejays,Creighton,Missouri Valley Conference,mvc,Creighton
2008,2460,Northern Iowa Panthers,Northern Iowa,Missouri Valley Conference,mvc,Northern Iowa
2008,71,Bradley Braves,Bradley,Missouri Valley Conference,mvc,Bradley
2008,282,Indiana State Sycamores,Indiana State,Missouri Valley Conference,mvc,Indiana St.
2008,2623,Missouri State Bears,Missouri State,Missouri Valley Conference,mvc,Missouri St.
2008,2724,Wichita State Shockers,Wichita State,Missouri Valley Conference,mvc,Wichita St.
2008,339,Evansville Purple Aces,Evansville,Missouri Valley Conference,mvc,Evansville
2008,252,BYU Cougars,BYU,Mountain West Conference,mwest,BYU
2008,2439,UNLV Rebels,UNLV,Mountain West Conference,mwest,UNLV
2008,167,New Mexico Lobos,New Mexico,Mountain West Conference,mwest,New Mexico
2008,21,San Diego State Aztecs,San Diego State,Mountain West Conference,mwest,San Diego St.
2008,2005,Air Force Falcons,Air Force,Mountain West Conference,mwest,Air Force
2008,254,Utah Utes,Utah,Mountain West Conference,mwest,Utah
2008,2628,TCU Horned Frogs,TCU,Mountain West Conference,mwest,TCU
2008,2751,Wyoming Cowboys,Wyoming,Mountain West Conference,mwest,Wyoming
2008,36,Colorado State Rams,Colorado State,Mountain West Conference,mwest,Colorado St.
2008,2523,Robert Morris Colonials,Robert Morris,Northeast Conference,neast,Robert Morris
2008,2681,Wagner Seahawks,Wagner,Northeast Conference,neast,Wagner
2008,2529,Sacred Heart Pioneers,Sacred Heart,Northeast Conference,neast,Sacred Heart
2008,2514,Quinnipiac Bobcats,Quinnipiac,Northeast Conference,neast,Quinnipiac
2008,116,Mount St. Mary's Mountaineers,Mount St. Mary's,Northeast Conference,neast,Mount St. Mary's
2008,2115,Central Connecticut Blue Devils,Central Connecticut,Northeast Conference,neast,Central Connecticut
2008,112358,Long Island University Sharks,Long Island University,Northeast Conference,neast,LIU
2008,2405,Monmouth Hawks,Monmouth,Northeast Conference,neast,Monmouth
2008,2598,St. Francis (PA) Red Flash,St. Francis (PA),Northeast Conference,neast,Saint Francis
2008,2597,St. Francis Brooklyn Terriers,St. Francis Brooklyn,Northeast Conference,neast,St. Francis NY
2008,161,Fairleigh Dickinson Knights,Fairleigh Dickinson,Northeast Conference,neast,Fairleigh Dickinson
2008,2046,Austin Peay Governors,Austin Peay,Ohio Valley Conference,ovc,Austin Peay
2008,93,Murray State Racers,Murray State,Ohio Valley Conference,ovc,Murray St.
2008,2413,Morehead State Eagles,Morehead State,Ohio Valley Conference,ovc,Morehead St.
2008,2630,UT Martin Skyhawks,UT Martin,Ohio Valley Conference,ovc,Tennessee Martin
2008,2635,Tennessee Tech Golden Eagles,Tennessee Tech,Ohio Valley Conference,ovc,Tennessee Tech
2008,2634,Tennessee State Tigers,Tennessee State,Ohio Valley Conference,ovc,Tennessee St.
2008,2198,Eastern Kentucky Colonels,Eastern Kentucky,Ohio Valley Conference,ovc,Eastern Kentucky
2008,2535,Samford Bulldogs,Samford,Ohio Valley Conference,ovc,Samford
2008,2546,Southeast Missouri State Redhawks,Southeast Missouri State,Ohio Valley Conference,ovc,Southeast Missouri St.
2008,2197,Eastern Illinois Panthers,Eastern Illinois,Ohio Valley Conference,ovc,Eastern Illinois
2008,55,Jacksonville State Gamecocks,Jacksonville State,Ohio Valley Conference,ovc,Jacksonville St.
2008,26,UCLA Bruins,UCLA,Pac-12 Conference,pac12,UCLA
2008,24,Stanford Cardinal,Stanford,Pac-12 Conference,pac12,Stanford
2008,265,Washington State Cougars,Washington State,Pac-12 Conference,pac12,Washington St.
2008,30,USC Trojans,USC,Pac-12 Conference,pac12,USC
2008,9,Arizona State Sun Devils,Arizona State,Pac-12 Conference,pac12,Arizona St.
2008,2483,Oregon Ducks,Oregon,Pac-12 Conference,pac12,Oregon
2008,12,Arizona Wildcats,Arizona,Pac-12 Conference,pac12,Arizona
2008,264,Washington Huskies,Washington,Pac-12 Conference,pac12,Washington
2008,25,California Golden Bears,California,Pac-12 Conference,pac12,California
2008,204,Oregon State Beavers,Oregon State,Pac-12 Conference,pac12,Oregon St.
2008,44,American University Eagles,American University,Patriot League,pat,American
2008,2426,Navy Midshipmen,Navy,Patriot League,pat,Navy
2008,2329,Lehigh Mountain Hawks,Lehigh,Patriot League,pat,Lehigh
2008,2142,Colgate Raiders,Colgate,Patriot League,pat,Colgate
2008,2083,Bucknell Bison,Bucknell,Patriot League,pat,Bucknell
2008,349,Army Black Knights,Army,Patriot League,pat,Army
2008,322,Lafayette Leopards,Lafayette,Patriot League,pat,Lafayette
2008,107,Holy Cross Crusaders,Holy Cross,Patriot League,pat,Holy Cross
2008,2633,Tennessee Volunteers,Tennessee,Southeastern Conference,sece,Tennessee
2008,96,Kentucky Wildcats,Kentucky,Southeastern Conference,sece,Kentucky
2008,238,Vanderbilt Commodores,Vanderbilt,Southeastern Conference,sece,Vanderbilt
2008,57,Florida Gators,Florida,Southeastern Conference,sece,Florida
2008,2579,South Carolina Gamecocks,South Carolina,Southeastern Conference,sece,South Carolina
2008,61,Georgia Bulldogs,Georgia,Southeastern Conference,sece,Georgia
2008,344,Mississippi State Bulldogs,Mississippi State,Southeastern Conference,secw,Mississippi St.
2008,8,Arkansas Razorbacks,Arkansas,Southeastern Conference,secw,Arkansas
2008,145,Ole Miss Rebels,Ole Miss,Southeastern Conference,secw,Mississippi
2008,99,LSU Tigers,LSU,Southeastern Conference,secw,LSU
2008,333,Alabama Crimson Tide,Alabama,Southeastern Conference,secw,Alabama
2008,2,Auburn Tigers,Auburn,Southeastern Conference,secw,Auburn
2008,2026,App State Mountaineers,App State,Southern Conference,southn,Appalachian St.
2008,236,Chattanooga Mocs,Chattanooga,Southern Conference,southn,Chattanooga
2008,2430,UNC Greensboro Spartans,UNC Greensboro,Southern Conference,southn,UNC Greensboro
2008,2210,Elon Phoenix,Elon,Southern Conference,southn,Elon
2008,2717,Western Carolina Catamounts,Western Carolina,Southern Conference,southn,Western Carolina
2008,2166,Davidson Wildcats,Davidson,Southern Conference,souths,Davidson
2008,290,Georgia Southern Eagles,Georgia Southern,Southern Conference,souths,Georgia Southern
2008,232,Charleston Cougars,Charleston,Southern Conference,souths,Charleston
2008,2747,Wofford Terriers,Wofford,Southern Conference,souths,Wofford
2008,231,Furman Paladins,Furman,Southern Conference,souths,Furman
2008,2643,The Citadel Bulldogs,The Citadel,Southern Conference,souths,The Citadel
2008,2320,Lamar Cardinals,Lamar,Southland Conference,lande,Lamar
2008,2466,Northwestern State Demons,Northwestern State,Southland Conference,lande,Northwestern St.
2008,2545,SE Louisiana Lions,SE Louisiana,Southland Conference,lande,Southeastern Louisiana
2008,2377,McNeese Cowboys,McNeese,Southland Conference,lande,McNeese St.
2008,2447,Nicholls Colonels,Nicholls,Southland Conference,lande,Nicholls St.
2008,2110,Central Arkansas Bears,Central Arkansas,Southland Conference,lande,Central Arkansas
2008,2617,Stephen F. Austin Lumberjacks,Stephen F. Austin,Southland Conference,landw,Stephen F. Austin
2008,2534,Sam Houston Bearkats,Sam Houston,Southland Conference,landw,Sam Houston St.
2008,2636,UTSA Roadrunners,UTSA,Southland Conference,landw,UTSA
2008,250,UT Arlington Mavericks,UT Arlington,Southland Conference,landw,UT Arlington
2008,357,Texas A&M-Corpus Christi Islanders,Texas A&M-Corpus Christi,Southland Conference,landw,Texas A&M Corpus Chris
2008,326,Texas State Bobcats,Texas State,Southland Conference,landw,Texas St.
2008,2011,Alabama State Hornets,Alabama State,Southwestern Athletic Conference,swac,Alabama St.
2008,2400,Mississippi Valley State Delta Devils,Mississippi Valley State,Southwestern Athletic Conference,swac,Mississippi Valley St.
2008,2010,Alabama A&M Bulldogs,Alabama A&M,Southwestern Athletic Conference,swac,Alabama A&M
2008,2296,Jackson State Tigers,Jackson State,Southwestern Athletic Conference,swac,Jackson St.
2008,2582,Southern Jaguars,Southern,Southwestern Athletic Conference,swac,Southern
2008,2029,Arkansas-Pine Bluff Golden Lions,Arkansas-Pine Bluff,Southwestern Athletic Conference,swac,Arkansas Pine Bluff
2008,2755,Grambling Tigers,Grambling,Southwestern Athletic Conference,swac,Grambling St.
2008,2640,Texas Southern Tigers,Texas Southern,Southwestern Athletic Conference,swac,Texas Southern
2008,2016,Alcorn State Braves,Alcorn State,Southwestern Athletic Conference,swac,Alcorn St.
2008,2504,Prairie View A&M Panthers,Prairie View A&M,Southwestern Athletic Conference,swac,Prairie View A&M
2008,198,Oral Roberts Golden Eagles,Oral Roberts,Summit League,summ,Oral Roberts
2008,85,IU Indianapolis Jaguars,IU Indianapolis,Summit League,summ,IU Indy
2008,2473,Oakland Golden Grizzlies,Oakland,Summit League,summ,Oakland
2008,2449,North Dakota State Bison,North Dakota State,Summit League,summ,North Dakota St.
2008,253,Southern Utah Thunderbirds,Southern Utah,Summit League,summ,Southern Utah
2008,2870,Purdue Fort Wayne Mastodons,Purdue Fort Wayne,Summit League,summ,Purdue Fort Wayne
2008,2710,Western Illinois Leathernecks,Western Illinois,Summit League,summ,Western Illinois
2008,140,Kansas City Roos,Kansas City,Summit League,summ,UMKC
2008,2113,Centenary (LA) Gentlemen,Centenary (LA),Summit League,summ,Centenary
2008,2571,South Dakota State Jackrabbits,South Dakota State,Summit League,summ,South Dakota St.
2008,6,South Alabama Jaguars,South Alabama,Sun Belt Conference,belte,South Alabama
2008,98,Western Kentucky Hilltoppers,Western Kentucky,Sun Belt Conference,belte,Western Kentucky
2008,2393,Middle Tennessee Blue Raiders,Middle Tennessee,Sun Belt Conference,belte,Middle Tennessee
2008,2226,Florida Atlantic Owls,Florida Atlantic,Sun Belt Conference,belte,Florida Atlantic
2008,2229,Florida International Panthers,Florida International,Sun Belt Conference,belte,FIU
2008,2653,Troy Trojans,Troy,Sun Belt Conference,belte,Troy
2008,2031,Little Rock Trojans,Little Rock,Sun Belt Conference,beltw,Little Rock
2008,309,Louisiana Ragin' Cajuns,Louisiana,Sun Belt Conference,beltw,Louisiana
2008,249,North Texas Mean Green,North Texas,Sun Belt Conference,beltw,North Texas
2008,2443,New Orleans Privateers,New Orleans,Sun Belt Conference,beltw,New Orleans
2008,2172,Denver Pioneers,Denver,Sun Belt Conference,beltw,Denver
2008,2032,Arkansas State Red Wolves,Arkansas State,Sun Belt Conference,beltw,Arkansas St.
2008,2433,UL Monroe Warhawks,UL Monroe,Sun Belt Conference,beltw,Louisiana Monroe
2008,2250,Gonzaga Bulldogs,Gonzaga,West Coast Conference,wcc,Gonzaga
2008,2608,Saint Mary's Gaels,Saint Mary's,West Coast Conference,wcc,Saint Mary's
2008,301,San Diego Toreros,San Diego,West Coast Conference,wcc,San Diego
2008,2541,Santa Clara Broncos,Santa Clara,West Coast Conference,wcc,Santa Clara
2008,2539,San Francisco Dons,San Francisco,West Coast Conference,wcc,San Francisco
2008,2492,Pepperdine Waves,Pepperdine,West Coast Conference,wcc,Pepperdine
2008,2501,Portland Pilots,Portland,West Coast Conference,wcc,Portland
2008,2351,Loyola Marymount Lions,Loyola Marymount,West Coast Conference,wcc,Loyola Marymount
2008,2440,Nevada Wolf Pack,Nevada,Western Athletic Conference,wac,Nevada
2008,328,Utah State Aggies,Utah State,Western Athletic Conference,wac,Utah St.
2008,68,Boise State Broncos,Boise State,Western Athletic Conference,wac,Boise St.
2008,166,New Mexico State Aggies,New Mexico State,Western Athletic Conference,wac,New Mexico St.
2008,62,Hawai'i Rainbow Warriors,Hawai'i,Western Athletic Conference,wac,Hawaii
2008,70,Idaho Vandals,Idaho,Western Athletic Conference,wac,Idaho
2008,278,Fresno State Bulldogs,Fresno State,Western Athletic Conference,wac,Fresno St.
2008,23,San José State Spartans,San José State,Western Athletic Conference,wac,San Jose St.
2008,2348,Louisiana Tech Bulldogs,Louisiana Tech,Western Athletic Conference,wac,Louisiana Tech
2009,294,Jacksonville Dolphins,Jacksonville,ASUN Conference,a-sun,Jacksonville
2009,2057,Belmont Bruins,Belmont,ASUN Conference,a-sun,Belmont
2009,2193,East Tennessee State Buccaneers,East Tennessee State,ASUN Conference,a-sun,East Tennessee St.
2009,288,Lipscomb Bisons,Lipscomb,ASUN Conference,a-sun,Lipscomb
2009,2097,Campbell Fighting Camels,Campbell,ASUN Conference,a-sun,Campbell
2009,2382,Mercer Bears,Mercer,ASUN Conference,a-sun,Mercer
2009,56,Stetson Hatters,Stetson,ASUN Conference,a-sun,Stetson
2009,2908,South Carolina Upstate Spartans,South Carolina Upstate,ASUN Conference,a-sun,USC Upstate
2009,526,Florida Gulf Coast Eagles,Florida Gulf Coast,ASUN Conference,a-sun,Florida Gulf Coast
2009,2454,North Florida Ospreys,North Florida,ASUN Conference,a-sun,North Florida
2009,338,Kennesaw State Owls,Kennesaw State,ASUN Conference,a-sun,Kennesaw St.
2009,2066,Binghamton Bearcats,Binghamton,America East Conference,aeast,Binghamton
2009,261,Vermont Catamounts,Vermont,America East Conference,aeast,Vermont
2009,104,Boston University Terriers,Boston University,America East Conference,aeast,Boston University
2009,160,New Hampshire Wildcats,New Hampshire,America East Conference,aeast,New Hampshire
2009,2619,Stony Brook Seawolves,Stony Brook,America East Conference,aeast,Stony Brook
2009,2378,UMBC Retrievers,UMBC,America East Conference,aeast,UMBC
2009,399,UAlbany Great Danes,UAlbany,America East Conference,aeast,Albany
2009,311,Maine Black Bears,Maine,America East Conference,aeast,Maine
2009,42,Hartford Hawks,Hartford,America East Conference,aeast,Hartford
2009,2752,Xavier Musketeers,Xavier,Atlantic 10 Conference,atl10,Xavier
2009,218,Temple Owls,Temple,Atlantic 10 Conference,atl10,Temple
2009,227,Rhode Island Rams,Rhode Island,Atlantic 10 Conference,atl10,Rhode Island
2009,2168,Dayton Flyers,Dayton,Atlantic 10 Conference,atl10,Dayton
2009,2603,Saint Joseph's Hawks,Saint Joseph's,Atlantic 10 Conference,atl10,Saint Joseph's
2009,257,Richmond Spiders,Richmond,Atlantic 10 Conference,atl10,Richmond
2009,2325,La Salle Explorers,La Salle,Atlantic 10 Conference,atl10,La Salle
2009,2184,Duquesne Dukes,Duquesne,Atlantic 10 Conference,atl10,Duquesne
2009,139,Saint Louis Billikens,Saint Louis,Atlantic 10 Conference,atl10,Saint Louis
2009,113,Massachusetts Minutemen,Massachusetts,Atlantic 10 Conference,atl10,Massachusetts
2009,179,St. Bonaventure Bonnies,St. Bonaventure,Atlantic 10 Conference,atl10,St. Bonaventure
2009,2429,Charlotte 49ers,Charlotte,Atlantic 10 Conference,atl10,Charlotte
2009,45,George Washington Revolutionaries,George Washington,Atlantic 10 Conference,atl10,George Washington
2009,2230,Fordham Rams,Fordham,Atlantic 10 Conference,atl10,Fordham
2009,153,North Carolina Tar Heels,North Carolina,Atlantic Coast Conference,acc,North Carolina
2009,154,Wake Forest Demon Deacons,Wake Forest,Atlantic Coast Conference,acc,Wake Forest
2009,150,Duke Blue Devils,Duke,Atlantic Coast Conference,acc,Duke
2009,52,Florida State Seminoles,Florida State,Atlantic Coast Conference,acc,Florida St.
2009,103,Boston College Eagles,Boston College,Atlantic Coast Conference,acc,Boston College
2009,228,Clemson Tigers,Clemson,Atlantic Coast Conference,acc,Clemson
2009,259,Virginia Tech Hokies,Virginia Tech,Atlantic Coast Conference,acc,Virginia Tech
2009,2390,Miami Hurricanes,Miami,Atlantic Coast Conference,acc,Miami FL
2009,120,Maryland Terrapins,Maryland,Atlantic Coast Conference,acc,Maryland
2009,152,NC State Wolfpack,NC State,Atlantic Coast Conference,acc,N.C. State
2009,258,Virginia Cavaliers,Virginia,Atlantic Coast Conference,acc,Virginia
2009,59,Georgia Tech Yellow Jackets,Georgia Tech,Atlantic Coast Conference,acc,Georgia Tech
2009,2305,Kansas Jayhawks,Kansas,Big 12 Conference,big12,Kansas
2009,201,Oklahoma Sooners,Oklahoma,Big 12 Conference,big12,Oklahoma
2009,142,Missouri Tigers,Missouri,Big 12 Conference,big12,Missouri
2009,251,Texas Longhorns,Texas,Big 12 Conference,big12,Texas
2009,245,Texas A&M Aggies,Texas A&M,Big 12 Conference,big12,Texas A&M
2009,2306,Kansas State Wildcats,Kansas State,Big 12 Conference,big12,Kansas St.
2009,197,Oklahoma State Cowboys,Oklahoma State,Big 12 Conference,big12,Oklahoma St.
2009,158,Nebraska Cornhuskers,Nebraska,Big 12 Conference,big12,Nebraska
2009,239,Baylor Bears,Baylor,Big 12 Conference,big12,Baylor
2009,66,Iowa State Cyclones,Iowa State,Big 12 Conference,big12,Iowa St.
2009,2641,Texas Tech Red Raiders,Texas Tech,Big 12 Conference,big12,Texas Tech
2009,38,Colorado Buffaloes,Colorado,Big 12 Conference,big12,Colorado
2009,97,Louisville Cardinals,Louisville,Big East Conference,bige,Louisville
2009,221,Pittsburgh Panthers,Pittsburgh,Big East Conference,bige,Pittsburgh
2009,41,UConn Huskies,UConn,Big East Conference,bige,Connecticut
2009,222,Villanova Wildcats,Villanova,Big East Conference,bige,Villanova
2009,269,Marquette Golden Eagles,Marquette,Big East Conference,bige,Marquette
2009,183,Syracuse Orange,Syracuse,Big East Conference,bige,Syracuse
2009,277,West Virginia Mountaineers,West Virginia,Big East Conference,bige,West Virginia
2009,2507,Providence Friars,Providence,Big East Conference,bige,Providence
2009,87,Notre Dame Fighting Irish,Notre Dame,Big East Conference,bige,Notre Dame
2009,2132,Cincinnati Bearcats,Cincinnati,Big East Conference,bige,Cincinnati
2009,46,Georgetown Hoyas,Georgetown,Big East Conference,bige,Georgetown
2009,2550,Seton Hall Pirates,Seton Hall,Big East Conference,bige,Seton Hall
2009,2599,St. John's Red Storm,St. John's,Big East Conference,bige,St. John's
2009,58,South Florida Bulls,South Florida,Big East Conference,bige,South Florida
2009,164,Rutgers Scarlet Knights,Rutgers,Big East Conference,bige,Rutgers
2009,305,DePaul Blue Demons,DePaul,Big East Conference,bige,DePaul
2009,2692,Weber State Wildcats,Weber State,Big Sky Conference,bsky,Weber St.
2009,149,Montana Grizzlies,Montana,Big Sky Conference,bsky,Montana
2009,2502,Portland State Vikings,Portland State,Big Sky Conference,bsky,Portland St.
2009,304,Idaho State Bengals,Idaho State,Big Sky Conference,bsky,Idaho St.
2009,2458,Northern Colorado Bears,Northern Colorado,Big Sky Conference,bsky,Northern Colorado
2009,331,Eastern Washington Eagles,Eastern Washington,Big Sky Conference,bsky,Eastern Washington
2009,147,Montana State Bobcats,Montana State,Big Sky Conference,bsky,Montana St.
2009,2464,Northern Arizona Lumberjacks,Northern Arizona,Big Sky Conference,bsky,Northern Arizona
2009,16,Sacramento State Hornets,Sacramento State,Big Sky Conference,bsky,Sacramento St.
2009,2515,Radford Highlanders,Radford,Big South Conference,bsou,Radford
2009,2678,VMI Keydets,VMI,Big South Conference,bsou,VMI
2009,2335,Liberty Flames,Liberty,Big South Conference,bsou,Liberty
2009,2427,UNC Asheville Bulldogs,UNC Asheville,Big South Conference,bsou,UNC Asheville
2009,2737,Winthrop Eagles,Winthrop,Big South Conference,bsou,Winthrop
2009,2506,Presbyterian Blue Hose,Presbyterian,Big South Conference,bsou,Presbyterian
2009,2241,Gardner-Webb Runnin' Bulldogs,Gardner-Webb,Big South Conference,bsou,Gardner Webb
2009,324,Coastal Carolina Chanticleers,Coastal Carolina,Big South Conference,bsou,Coastal Carolina
2009,2272,High Point Panthers,High Point,Big South Conference,bsou,High Point
2009,2127,Charleston Southern Buccaneers,Charleston Southern,Big South Conference,bsou,Charleston Southern
2009,127,Michigan State Spartans,Michigan State,Big Ten Conference,big10,Michigan St.
2009,356,Illinois Fighting Illini,Illinois,Big Ten Conference,big10,Illinois
2009,2509,Purdue Boilermakers,Purdue,Big Ten Conference,big10,Purdue
2009,275,Wisconsin Badgers,Wisconsin,Big Ten Conference,big10,Wisconsin
2009,194,Ohio State Buckeyes,Ohio State,Big Ten Conference,big10,Ohio St.
2009,213,Penn State Nittany Lions,Penn State,Big Ten Conference,big10,Penn St.
2009,130,Michigan Wolverines,Michigan,Big Ten Conference,big10,Michigan
2009,135,Minnesota Golden Gophers,Minnesota,Big Ten Conference,big10,Minnesota
2009,77,Northwestern Wildcats,Northwestern,Big Ten Conference,big10,Northwestern
2009,2294,Iowa Hawkeyes,Iowa,Big Ten Conference,big10,Iowa
2009,84,Indiana Hoosiers,Indiana,Big Ten Conference,big10,Indiana
2009,2463,Cal State Northridge Matadors,Cal State Northridge,Big West Conference,bigw,Cal St. Northridge
2009,299,Long Beach State Beach,Long Beach State,Big West Conference,bigw,Long Beach St.
2009,279,Pacific Tigers,Pacific,Big West Conference,bigw,Pacific
2009,300,UC Irvine Anteaters,UC Irvine,Big West Conference,bigw,UC Irvine
2009,2540,UC Santa Barbara Gauchos,UC Santa Barbara,Big West Conference,bigw,UC Santa Barbara
2009,27,UC Riverside Highlanders,UC Riverside,Big West Conference,bigw,UC Riverside
2009,302,UC Davis Aggies,UC Davis,Big West Conference,bigw,UC Davis
2009,2239,Cal State Fullerton Titans,Cal State Fullerton,Big West Conference,bigw,Cal St. Fullerton
2009,13,Cal Poly Mustangs,Cal Poly,Big West Conference,bigw,Cal Poly
2009,2670,VCU Rams,VCU,Coastal Athletic Association,col,VCU
2009,2244,George Mason Patriots,George Mason,Coastal Athletic Association,col,George Mason
2009,111,Northeastern Huskies,Northeastern,Coastal Athletic Association,col,Northeastern
2009,295,Old Dominion Monarchs,Old Dominion,Coastal Athletic Association,col,Old Dominion
2009,2275,Hofstra Pride,Hofstra,Coastal Athletic Association,col,Hofstra
2009,2182,Drexel Dragons,Drexel,Coastal Athletic Association,col,Drexel
2009,256,James Madison Dukes,James Madison,Coastal Athletic Association,col,James Madison
2009,2247,Georgia State Panthers,Georgia State,Coastal Athletic Association,col,Georgia St.
2009,48,Delaware Blue Hens,Delaware,Coastal Athletic Association,col,Delaware
2009,119,Towson Tigers,Towson,Coastal Athletic Association,col,Towson
2009,2729,William & Mary Tribe,William & Mary,Coastal Athletic Association,col,William & Mary
2009,350,UNC Wilmington Seahawks,UNC Wilmington,Coastal Athletic Association,col,UNC Wilmington
2009,235,Memphis Tigers,Memphis,Conference USA,usa,Memphis
2009,202,Tulsa Golden Hurricane,Tulsa,Conference USA,usa,Tulsa
2009,5,UAB Blazers,UAB,Conference USA,usa,UAB
2009,248,Houston Cougars,Houston,Conference USA,usa,Houston
2009,2638,UTEP Miners,UTEP,Conference USA,usa,UTEP
2009,276,Marshall Thundering Herd,Marshall,Conference USA,usa,Marshall
2009,2116,UCF Knights,UCF,Conference USA,usa,UCF
2009,2655,Tulane Green Wave,Tulane,Conference USA,usa,Tulane
2009,151,East Carolina Pirates,East Carolina,Conference USA,usa,East Carolina
2009,2572,Southern Miss Golden Eagles,Southern Miss,Conference USA,usa,Southern Miss
2009,242,Rice Owls,Rice,Conference USA,usa,Rice
2009,2567,SMU Mustangs,SMU,Conference USA,usa,SMU
2009,2736,Winston-Salem Rams,Winston-Salem,Division I Independents,ind,Winston Salem St.
2009,2417,Morris Brown Wolverines,Morris Brown,Division I Independents,ind,
2009,2542,Savannah State Tigers,Savannah State,Division I Independents,ind,Savannah St.
2009,2934,Cal State Bakersfield Roadrunners,Cal State Bakersfield,Division I Independents,ind,Cal St. Bakersfield
2009,2885,NJIT Highlanders,NJIT,Division I Independents,ind,NJIT
2009,2428,North Carolina Central Eagles,North Carolina Central,Division I Independents,ind,North Carolina Central
2009,2277,Houston Christian Huskies,Houston Christian,Division I Independents,ind,Houston Christian
2009,2803,Bryant Bulldogs,Bryant,Division I Independents,ind,Bryant
2009,2565,SIU Edwardsville Cougars,SIU Edwardsville,Division I Independents,ind,SIU Edwardsville
2009,292,UT Rio Grande Valley Vaqueros,UT Rio Grande Valley,Division I Independents,ind,UT Rio Grande Valley
2009,2344,Longwood Lancers,Longwood,Division I Independents,ind,Longwood
2009,3084,Utah Valley Wolverines,Utah Valley,Division I Independents,ind,Utah Valley
2009,2130,Chicago State Cougars,Chicago State,Division I Independents,ind,Chicago St.
2009,2547,Seattle U Redhawks,Seattle U,Division I Independents,ind,Seattle
2009,155,North Dakota Fighting Hawks,North Dakota,Division I Independents,ind,North Dakota
2009,233,South Dakota Coyotes,South Dakota,Division I Independents,ind,South Dakota
2009,2086,Butler Bulldogs,Butler,Horizon League,hor,Butler
2009,2739,Green Bay Phoenix,Green Bay,Horizon League,hor,Green Bay
2009,2750,Wright State Raiders,Wright State,Horizon League,hor,Wright St.
2009,325,Cleveland State Vikings,Cleveland State,Horizon League,hor,Cleveland St.
2009,270,Milwaukee Panthers,Milwaukee,Horizon League,hor,Milwaukee
2009,82,UIC Flames,UIC,Horizon League,hor,Illinois Chicago
2009,2754,Youngstown State Penguins,Youngstown State,Horizon League,hor,Youngstown St.
2009,2350,Loyola Chicago Ramblers,Loyola Chicago,Horizon League,hor,Loyola Chicago
2009,2674,Valparaiso Beacons,Valparaiso,Horizon League,hor,Valparaiso
2009,2174,Detroit Mercy Titans,Detroit Mercy,Horizon League,hor,Detroit Mercy
2009,172,Cornell Big Red,Cornell,Ivy League,ivy,Cornell
2009,43,Yale Bulldogs,Yale,Ivy League,ivy,Yale
2009,163,Princeton Tigers,Princeton,Ivy League,ivy,Princeton
2009,159,Dartmouth Big Green,Dartmouth,Ivy League,ivy,Dartmouth
2009,171,Columbia Lions,Columbia,Ivy League,ivy,Columbia
2009,219,Pennsylvania Quakers,Pennsylvania,Ivy League,ivy,Penn
2009,108,Harvard Crimson,Harvard,Ivy League,ivy,Harvard
2009,225,Brown Bears,Brown,Ivy League,ivy,Brown
2009,2561,Siena Saints,Siena,Metro Atlantic Athletic Conference,maac,Siena
2009,315,Niagara Purple Eagles,Niagara,Metro Atlantic Athletic Conference,maac,Niagara
2009,2520,Rider Broncs,Rider,Metro Atlantic Athletic Conference,maac,Rider
2009,2363,Manhattan Jaspers,Manhattan,Metro Atlantic Athletic Conference,maac,Manhattan
2009,2217,Fairfield Stags,Fairfield,Metro Atlantic Athletic Conference,maac,Fairfield
2009,2612,Saint Peter's Peacocks,Saint Peter's,Metro Atlantic Athletic Conference,maac,Saint Peter's
2009,2352,Loyola Maryland Greyhounds,Loyola Maryland,Metro Atlantic Athletic Conference,maac,Loyola MD
2009,314,Iona Gaels,Iona,Metro Atlantic Athletic Conference,maac,Iona
2009,2368,Marist Red Foxes,Marist,Metro Atlantic Athletic Conference,maac,Marist
2009,2099,Canisius Golden Griffins,Canisius,Metro Atlantic Athletic Conference,maac,Canisius
2009,189,Bowling Green Falcons,Bowling Green,Mid-American Conference,midame,Bowling Green
2009,2084,Buffalo Bulls,Buffalo,Mid-American Conference,midame,Buffalo
2009,193,Miami (OH) RedHawks,Miami (OH),Mid-American Conference,midame,Miami OH
2009,2309,Kent State Golden Flashes,Kent State,Mid-American Conference,midame,Kent St.
2009,2006,Akron Zips,Akron,Mid-American Conference,midame,Akron
2009,195,Ohio Bobcats,Ohio,Mid-American Conference,midame,Ohio
2009,2711,Western Michigan Broncos,Western Michigan,Mid-American Conference,midamw,Western Michigan
2009,2117,Central Michigan Chippewas,Central Michigan,Mid-American Conference,midamw,Central Michigan
2009,2050,Ball State Cardinals,Ball State,Mid-American Conference,midamw,Ball St.
2009,2199,Eastern Michigan Eagles,Eastern Michigan,Mid-American Conference,midamw,Eastern Michigan
2009,2649,Toledo Rockets,Toledo,Mid-American Conference,midamw,Toledo
2009,2459,Northern Illinois Huskies,Northern Illinois,Mid-American Conference,midamw,Northern Illinois
2009,2415,Morgan State Bears,Morgan State,Mid-Eastern Athletic Conference,meac,Morgan St.
2009,2569,South Carolina State Bulldogs,South Carolina State,Mid-Eastern Athletic Conference,meac,South Carolina St.
2009,2154,Coppin State Eagles,Coppin State,Mid-Eastern Athletic Conference,meac,Coppin St.
2009,2450,Norfolk State Spartans,Norfolk State,Mid-Eastern Athletic Conference,meac,Norfolk St.
2009,2448,North Carolina A&T Aggies,North Carolina A&T,Mid-Eastern Athletic Conference,meac,North Carolina A&T
2009,2065,Bethune-Cookman Wildcats,Bethune-Cookman,Mid-Eastern Athletic Conference,meac,Bethune Cookman
2009,2261,Hampton Pirates,Hampton,Mid-Eastern Athletic Conference,meac,Hampton
2009,2169,Delaware State Hornets,Delaware State,Mid-Eastern Athletic Conference,meac,Delaware St.
2009,47,Howard Bison,Howard,Mid-Eastern Athletic Conference,meac,Howard
2009,50,Florida A&M Rattlers,Florida A&M,Mid-Eastern Athletic Conference,meac,Florida A&M
2009,2379,Maryland Eastern Shore Hawks,Maryland Eastern Shore,Mid-Eastern Athletic Conference,meac,Maryland Eastern Shore
2009,2460,Northern Iowa Panthers,Northern Iowa,Missouri Valley Conference,mvc,Northern Iowa
2009,156,Creighton Bluejays,Creighton,Missouri Valley Conference,mvc,Creighton
2009,2287,Illinois State Redbirds,Illinois State,Missouri Valley Conference,mvc,Illinois St.
2009,71,Bradley Braves,Bradley,Missouri Valley Conference,mvc,Bradley
2009,79,Southern Illinois Salukis,Southern Illinois,Missouri Valley Conference,mvc,Southern Illinois
2009,2724,Wichita State Shockers,Wichita State,Missouri Valley Conference,mvc,Wichita St.
2009,339,Evansville Purple Aces,Evansville,Missouri Valley Conference,mvc,Evansville
2009,282,Indiana State Sycamores,Indiana State,Missouri Valley Conference,mvc,Indiana St.
2009,2181,Drake Bulldogs,Drake,Missouri Valley Conference,mvc,Drake
2009,2623,Missouri State Bears,Missouri State,Missouri Valley Conference,mvc,Missouri St.
2009,167,New Mexico Lobos,New Mexico,Mountain West Conference,mwest,New Mexico
2009,254,Utah Utes,Utah,Mountain West Conference,mwest,Utah
2009,252,BYU Cougars,BYU,Mountain West Conference,mwest,BYU
2009,21,San Diego State Aztecs,San Diego State,Mountain West Conference,mwest,San Diego St.
2009,2439,UNLV Rebels,UNLV,Mountain West Conference,mwest,UNLV
2009,2751,Wyoming Cowboys,Wyoming,Mountain West Conference,mwest,Wyoming
2009,2628,TCU Horned Frogs,TCU,Mountain West Conference,mwest,TCU
2009,36,Colorado State Rams,Colorado State,Mountain West Conference,mwest,Colorado St.
2009,2005,Air Force Falcons,Air Force,Mountain West Conference,mwest,Air Force
2009,2523,Robert Morris Colonials,Robert Morris,Northeast Conference,neast,Robert Morris
2009,112358,Long Island University Sharks,Long Island University,Northeast Conference,neast,LIU
2009,2529,Sacred Heart Pioneers,Sacred Heart,Northeast Conference,neast,Sacred Heart
2009,116,Mount St. Mary's Mountaineers,Mount St. Mary's,Northeast Conference,neast,Mount St. Mary's
2009,2514,Quinnipiac Bobcats,Quinnipiac,Northeast Conference,neast,Quinnipiac
2009,2115,Central Connecticut Blue Devils,Central Connecticut,Northeast Conference,neast,Central Connecticut
2009,2681,Wagner Seahawks,Wagner,Northeast Conference,neast,Wagner
2009,2597,St. Francis Brooklyn Terriers,St. Francis Brooklyn,Northeast Conference,neast,St. Francis NY
2009,2405,Monmouth Hawks,Monmouth,Northeast Conference,neast,Monmouth
2009,161,Fairleigh Dickinson Knights,Fairleigh Dickinson,Northeast Conference,neast,Fairleigh Dickinson
2009,2598,St. Francis (PA) Red Flash,St. Francis (PA),Northeast Conference,neast,Saint Francis
2009,2630,UT Martin Skyhawks,UT Martin,Ohio Valley Conference,ovc,Tennessee Martin
2009,2046,Austin Peay Governors,Austin Peay,Ohio Valley Conference,ovc,Austin Peay
2009,93,Murray State Racers,Murray State,Ohio Valley Conference,ovc,Murray St.
2009,2413,Morehead State Eagles,Morehead State,Ohio Valley Conference,ovc,Morehead St.
2009,2198,Eastern Kentucky Colonels,Eastern Kentucky,Ohio Valley Conference,ovc,Eastern Kentucky
2009,2634,Tennessee State Tigers,Tennessee State,Ohio Valley Conference,ovc,Tennessee St.
2009,2197,Eastern Illinois Panthers,Eastern Illinois,Ohio Valley Conference,ovc,Eastern Illinois
2009,2635,Tennessee Tech Golden Eagles,Tennessee Tech,Ohio Valley Conference,ovc,Tennessee Tech
2009,55,Jacksonville State Gamecocks,Jacksonville State,Ohio Valley Conference,ovc,Jacksonville St.
2009,2546,Southeast Missouri State Redhawks,Southeast Missouri State,Ohio Valley Conference,ovc,Southeast Missouri St.
2009,264,Washington Huskies,Washington,Pac-12 Conference,pac12,Washington
2009,26,UCLA Bruins,UCLA,Pac-12 Conference,pac12,UCLA
2009,25,California Golden Bears,California,Pac-12 Conference,pac12,California
2009,9,Arizona State Sun Devils,Arizona State,Pac-12 Conference,pac12,Arizona St.
2009,12,Arizona Wildcats,Arizona,Pac-12 Conference,pac12,Arizona
2009,30,USC Trojans,USC,Pac-12 Conference,pac12,USC
2009,265,Washington State Cougars,Washington State,Pac-12 Conference,pac12,Washington St.
2009,204,Oregon State Beavers,Oregon State,Pac-12 Conference,pac12,Oregon St.
2009,24,Stanford Cardinal,Stanford,Pac-12 Conference,pac12,Stanford
2009,2483,Oregon Ducks,Oregon,Pac-12 Conference,pac12,Oregon
2009,44,American University Eagles,American University,Patriot League,pat,American
2009,107,Holy Cross Crusaders,Holy Cross,Patriot League,pat,Holy Cross
2009,2426,Navy Midshipmen,Navy,Patriot League,pat,Navy
2009,349,Army Black Knights,Army,Patriot League,pat,Army
2009,2142,Colgate Raiders,Colgate,Patriot League,pat,Colgate
2009,2329,Lehigh Mountain Hawks,Lehigh,Patriot League,pat,Lehigh
2009,2083,Bucknell Bison,Bucknell,Patriot League,pat,Bucknell
2009,322,Lafayette Leopards,Lafayette,Patriot League,pat,Lafayette
2009,2633,Tennessee Volunteers,Tennessee,Southeastern Conference,sece,Tennessee
2009,2579,South Carolina Gamecocks,South Carolina,Southeastern Conference,sece,South Carolina
2009,57,Florida Gators,Florida,Southeastern Conference,sece,Florida
2009,238,Vanderbilt Commodores,Vanderbilt,Southeastern Conference,sece,Vanderbilt
2009,96,Kentucky Wildcats,Kentucky,Southeastern Conference,sece,Kentucky
2009,61,Georgia Bulldogs,Georgia,Southeastern Conference,sece,Georgia
2009,99,LSU Tigers,LSU,Southeastern Conference,secw,LSU
2009,2,Auburn Tigers,Auburn,Southeastern Conference,secw,Auburn
2009,344,Mississippi State Bulldogs,Mississippi State,Southeastern Conference,secw,Mississippi St.
2009,145,Ole Miss Rebels,Ole Miss,Southeastern Conference,secw,Mississippi
2009,333,Alabama Crimson Tide,Alabama,Southeastern Conference,secw,Alabama
2009,8,Arkansas Razorbacks,Arkansas,Southeastern Conference,secw,Arkansas
2009,2717,Western Carolina Catamounts,Western Carolina,Southern Conference,southn,Western Carolina
2009,236,Chattanooga Mocs,Chattanooga,Southern Conference,southn,Chattanooga
2009,2026,App State Mountaineers,App State,Southern Conference,southn,Appalachian St.
2009,2535,Samford Bulldogs,Samford,Southern Conference,southn,Samford
2009,2210,Elon Phoenix,Elon,Southern Conference,southn,Elon
2009,2430,UNC Greensboro Spartans,UNC Greensboro,Southern Conference,southn,UNC Greensboro
2009,2166,Davidson Wildcats,Davidson,Southern Conference,souths,Davidson
2009,232,Charleston Cougars,Charleston,Southern Conference,souths,Charleston
2009,2643,The Citadel Bulldogs,The Citadel,Southern Conference,souths,The Citadel
2009,2747,Wofford Terriers,Wofford,Southern Conference,souths,Wofford
2009,290,Georgia Southern Eagles,Georgia Southern,Southern Conference,souths,Georgia Southern
2009,231,Furman Paladins,Furman,Southern Conference,souths,Furman
2009,2617,Stephen F. Austin Lumberjacks,Stephen F. Austin,Southland Conference,lande,Stephen F. Austin
2009,2447,Nicholls Colonels,Nicholls,Southland Conference,lande,Nicholls St.
2009,2545,SE Louisiana Lions,SE Louisiana,Southland Conference,lande,Southeastern Louisiana
2009,2377,McNeese Cowboys,McNeese,Southland Conference,lande,McNeese St.
2009,2466,Northwestern State Demons,Northwestern State,Southland Conference,lande,Northwestern St.
2009,2110,Central Arkansas Bears,Central Arkansas,Southland Conference,lande,Central Arkansas
2009,2534,Sam Houston Bearkats,Sam Houston,Southland Conference,landw,Sam Houston St.
2009,357,Texas A&M-Corpus Christi Islanders,Texas A&M-Corpus Christi,Southland Conference,landw,Texas A&M Corpus Chris
2009,250,UT Arlington Mavericks,UT Arlington,Southland Conference,landw,UT Arlington
2009,2636,UTSA Roadrunners,UTSA,Southland Conference,landw,UTSA
2009,326,Texas State Bobcats,Texas State,Southland Conference,landw,Texas St.
2009,2320,Lamar Cardinals,Lamar,Southland Conference,landw,Lamar
2009,2011,Alabama State Hornets,Alabama State,Southwestern Athletic Conference,swac,Alabama St.
2009,2296,Jackson State Tigers,Jackson State,Southwestern Athletic Conference,swac,Jackson St.
2009,2504,Prairie View A&M Panthers,Prairie View A&M,Southwestern Athletic Conference,swac,Prairie View A&M
2009,2029,Arkansas-Pine Bluff Golden Lions,Arkansas-Pine Bluff,Southwestern Athletic Conference,swac,Arkansas Pine Bluff
2009,2582,Southern Jaguars,Southern,Southwestern Athletic Conference,swac,Southern
2009,2400,Mississippi Valley State Delta Devils,Mississippi Valley State,Southwestern Athletic Conference,swac,Mississippi Valley St.
2009,2640,Texas Southern Tigers,Texas Southern,Southwestern Athletic Conference,swac,Texas Southern
2009,2010,Alabama A&M Bulldogs,Alabama A&M,Southwestern Athletic Conference,swac,Alabama A&M
2009,2016,Alcorn State Braves,Alcorn State,Southwestern Athletic Conference,swac,Alcorn St.
2009,2755,Grambling Tigers,Grambling,Southwestern Athletic Conference,swac,Grambling St.
2009,2449,North Dakota State Bison,North Dakota State,Summit League,summ,North Dakota St.
2009,198,Oral Roberts Golden Eagles,Oral Roberts,Summit League,summ,Oral Roberts
2009,2473,Oakland Golden Grizzlies,Oakland,Summit League,summ,Oakland
2009,85,IU Indianapolis Jaguars,IU Indianapolis,Summit League,summ,IU Indy
2009,253,Southern Utah Thunderbirds,Southern Utah,Summit League,summ,Southern Utah
2009,2870,Purdue Fort Wayne Mastodons,Purdue Fort Wayne,Summit League,summ,Purdue Fort Wayne
2009,2571,South Dakota State Jackrabbits,South Dakota State,Summit League,summ,South Dakota St.
2009,2710,Western Illinois Leathernecks,Western Illinois,Summit League,summ,Western Illinois
2009,2113,Centenary (LA) Gentlemen,Centenary (LA),Summit League,summ,Centenary
2009,140,Kansas City Roos,Kansas City,Summit League,summ,UMKC
2009,98,Western Kentucky Hilltoppers,Western Kentucky,Sun Belt Conference,belte,Western Kentucky
2009,2653,Troy Trojans,Troy,Sun Belt Conference,belte,Troy
2009,6,South Alabama Jaguars,South Alabama,Sun Belt Conference,belte,South Alabama
2009,2393,Middle Tennessee Blue Raiders,Middle Tennessee,Sun Belt Conference,belte,Middle Tennessee
2009,2229,Florida International Panthers,Florida International,Sun Belt Conference,belte,FIU
2009,2226,Florida Atlantic Owls,Florida Atlantic,Sun Belt Conference,belte,Florida Atlantic
2009,2031,Little Rock Trojans,Little Rock,Sun Belt Conference,beltw,Little Rock
2009,249,North Texas Mean Green,North Texas,Sun Belt Conference,beltw,North Texas
2009,2172,Denver Pioneers,Denver,Sun Belt Conference,beltw,Denver
2009,309,Louisiana Ragin' Cajuns,Louisiana,Sun Belt Conference,beltw,Louisiana
2009,2443,New Orleans Privateers,New Orleans,Sun Belt Conference,beltw,New Orleans
2009,2433,UL Monroe Warhawks,UL Monroe,Sun Belt Conference,beltw,Louisiana Monroe
2009,2032,Arkansas State Red Wolves,Arkansas State,Sun Belt Conference,beltw,Arkansas St.
2009,2250,Gonzaga Bulldogs,Gonzaga,West Coast Conference,wcc,Gonzaga
2009,2608,Saint Mary's Gaels,Saint Mary's,West Coast Conference,wcc,Saint Mary's
2009,2501,Portland Pilots,Portland,West Coast Conference,wcc,Portland
2009,2541,Santa Clara Broncos,Santa Clara,West Coast Conference,wcc,Santa Clara
2009,301,San Diego Toreros,San Diego,West Coast Conference,wcc,San Diego
2009,2492,Pepperdine Waves,Pepperdine,West Coast Conference,wcc,Pepperdine
2009,2539,San Francisco Dons,San Francisco,West Coast Conference,wcc,San Francisco
2009,2351,Loyola Marymount Lions,Loyola Marymount,West Coast Conference,wcc,Loyola Marymount
2009,328,Utah State Aggies,Utah State,Western Athletic Conference,wac,Utah St.
2009,2440,Nevada Wolf Pack,Nevada,Western Athletic Conference,wac,Nevada
2009,68,Boise State Broncos,Boise State,Western Athletic Conference,wac,Boise St.
2009,70,Idaho Vandals,Idaho,Western Athletic Conference,wac,Idaho
2009,166,New Mexico State Aggies,New Mexico State,Western Athletic Conference,wac,New Mexico St.
2009,23,San José State Spartans,San José State,Western Athletic Conference,wac,San Jose St.
2009,2348,Louisiana Tech Bulldogs,Louisiana Tech,Western Athletic Conference,wac,Louisiana Tech
2009,62,Hawai'i Rainbow Warriors,Hawai'i,Western Athletic Conference,wac,Hawaii
2009,278,Fresno State Bulldogs,Fresno State,Western Athletic Conference,wac,Fresno St.
2010,2097,Campbell Fighting Camels,Campbell,ASUN Conference,a-sun,Campbell
2010,2193,East Tennessee State Buccaneers,East Tennessee State,ASUN Conference,a-sun,East Tennessee St.
2010,2382,Mercer Bears,Mercer,ASUN Conference,a-sun,Mercer
2010,2454,North Florida Ospreys,North Florida,ASUN Conference,a-sun,North Florida
2010,338,Kennesaw State Owls,Kennesaw State,ASUN Conference,a-sun,Kennesaw St.
2010,2908,South Carolina Upstate Spartans,South Carolina Upstate,ASUN Conference,a-sun,USC Upstate
2010,526,Florida Gulf Coast Eagles,Florida Gulf Coast,ASUN Conference,a-sun,Florida Gulf Coast
2010,2057,Belmont Bruins,Belmont,ASUN Conference,a-sun,Belmont
2010,56,Stetson Hatters,Stetson,ASUN Conference,a-sun,Stetson
2010,294,Jacksonville Dolphins,Jacksonville,ASUN Conference,a-sun,Jacksonville
2010,288,Lipscomb Bisons,Lipscomb,ASUN Conference,a-sun,Lipscomb
2010,2619,Stony Brook Seawolves,Stony Brook,America East Conference,aeast,Stony Brook
2010,261,Vermont Catamounts,Vermont,America East Conference,aeast,Vermont
2010,311,Maine Black Bears,Maine,America East Conference,aeast,Maine
2010,2066,Binghamton Bearcats,Binghamton,America East Conference,aeast,Binghamton
2010,160,New Hampshire Wildcats,New Hampshire,America East Conference,aeast,New Hampshire
2010,2378,UMBC Retrievers,UMBC,America East Conference,aeast,UMBC
2010,399,UAlbany Great Danes,UAlbany,America East Conference,aeast,Albany
2010,104,Boston University Terriers,Boston University,America East Conference,aeast,Boston University
2010,42,Hartford Hawks,Hartford,America East Conference,aeast,Hartford
2010,218,Temple Owls,Temple,Atlantic 10 Conference,atl10,Temple
2010,257,Richmond Spiders,Richmond,Atlantic 10 Conference,atl10,Richmond
2010,139,Saint Louis Billikens,Saint Louis,Atlantic 10 Conference,atl10,Saint Louis
2010,227,Rhode Island Rams,Rhode Island,Atlantic 10 Conference,atl10,Rhode Island
2010,2168,Dayton Flyers,Dayton,Atlantic 10 Conference,atl10,Dayton
2010,2184,Duquesne Dukes,Duquesne,Atlantic 10 Conference,atl10,Duquesne
2010,45,George Washington Revolutionaries,George Washington,Atlantic 10 Conference,atl10,George Washington
2010,113,Massachusetts Minutemen,Massachusetts,Atlantic 10 Conference,atl10,Massachusetts
2010,2325,La Salle Explorers,La Salle,Atlantic 10 Conference,atl10,La Salle
2010,2230,Fordham Rams,Fordham,Atlantic 10 Conference,atl10,Fordham
2010,2752,Xavier Musketeers,Xavier,Atlantic 10 Conference,atl10,Xavier
2010,2429,Charlotte 49ers,Charlotte,Atlantic 10 Conference,atl10,Charlotte
2010,179,St. Bonaventure Bonnies,St. Bonaventure,Atlantic 10 Conference,atl10,St. Bonaventure
2010,2603,Saint Joseph's Hawks,Saint Joseph's,Atlantic 10 Conference,atl10,Saint Joseph's
2010,150,Duke Blue Devils,Duke,Atlantic Coast Conference,acc,Duke
2010,259,Virginia Tech Hokies,Virginia Tech,Atlantic Coast Conference,acc,Virginia Tech
2010,228,Clemson Tigers,Clemson,Atlantic Coast Conference,acc,Clemson
2010,59,Georgia Tech Yellow Jackets,Georgia Tech,Atlantic Coast Conference,acc,Georgia Tech
2010,103,Boston College Eagles,Boston College,Atlantic Coast Conference,acc,Boston College
2010,152,NC State Wolfpack,NC State,Atlantic Coast Conference,acc,N.C. State
2010,2390,Miami Hurricanes,Miami,Atlantic Coast Conference,acc,Miami FL
2010,120,Maryland Terrapins,Maryland,Atlantic Coast Conference,acc,Maryland
2010,52,Florida State Seminoles,Florida State,Atlantic Coast Conference,acc,Florida St.
2010,154,Wake Forest Demon Deacons,Wake Forest,Atlantic Coast Conference,acc,Wake Forest
2010,153,North Carolina Tar Heels,North Carolina,Atlantic Coast Conference,acc,North Carolina
2010,258,Virginia Cavaliers,Virginia,Atlantic Coast Conference,acc,Virginia
2010,2305,Kansas Jayhawks,Kansas,Big 12 Conference,big12,Kansas
2010,2306,Kansas State Wildcats,Kansas State,Big 12 Conference,big12,Kansas St.
2010,142,Missouri Tigers,Missouri,Big 12 Conference,big12,Missouri
2010,251,Texas Longhorns,Texas,Big 12 Conference,big12,Texas
2010,38,Colorado Buffaloes,Colorado,Big 12 Conference,big12,Colorado
2010,2641,Texas Tech Red Raiders,Texas Tech,Big 12 Conference,big12,Texas Tech
2010,158,Nebraska Cornhuskers,Nebraska,Big 12 Conference,big12,Nebraska
2010,239,Baylor Bears,Baylor,Big 12 Conference,big12,Baylor
2010,197,Oklahoma State Cowboys,Oklahoma State,Big 12 Conference,big12,Oklahoma St.
2010,66,Iowa State Cyclones,Iowa State,Big 12 Conference,big12,Iowa St.
2010,245,Texas A&M Aggies,Texas A&M,Big 12 Conference,big12,Texas A&M
2010,201,Oklahoma Sooners,Oklahoma,Big 12 Conference,big12,Oklahoma
2010,183,Syracuse Orange,Syracuse,Big East Conference,bige,Syracuse
2010,277,West Virginia Mountaineers,West Virginia,Big East Conference,bige,West Virginia
2010,269,Marquette Golden Eagles,Marquette,Big East Conference,bige,Marquette
2010,46,Georgetown Hoyas,Georgetown,Big East Conference,bige,Georgetown
2010,58,South Florida Bulls,South Florida,Big East Conference,bige,South Florida
2010,2132,Cincinnati Bearcats,Cincinnati,Big East Conference,bige,Cincinnati
2010,2599,St. John's Red Storm,St. John's,Big East Conference,bige,St. John's
2010,164,Rutgers Scarlet Knights,Rutgers,Big East Conference,bige,Rutgers
2010,2507,Providence Friars,Providence,Big East Conference,bige,Providence
2010,305,DePaul Blue Demons,DePaul,Big East Conference,bige,DePaul
2010,222,Villanova Wildcats,Villanova,Big East Conference,bige,Villanova
2010,97,Louisville Cardinals,Louisville,Big East Conference,bige,Louisville
2010,87,Notre Dame Fighting Irish,Notre Dame,Big East Conference,bige,Notre Dame
2010,2550,Seton Hall Pirates,Seton Hall,Big East Conference,bige,Seton Hall
2010,41,UConn Huskies,UConn,Big East Conference,bige,Connecticut
2010,221,Pittsburgh Panthers,Pittsburgh,Big East Conference,bige,Pittsburgh
2010,2692,Weber State Wildcats,Weber State,Big Sky Conference,bsky,Weber St.
2010,2458,Northern Colorado Bears,Northern Colorado,Big Sky Conference,bsky,Northern Colorado
2010,149,Montana Grizzlies,Montana,Big Sky Conference,bsky,Montana
2010,2464,Northern Arizona Lumberjacks,Northern Arizona,Big Sky Conference,bsky,Northern Arizona
2010,2502,Portland State Vikings,Portland State,Big Sky Conference,bsky,Portland St.
2010,331,Eastern Washington Eagles,Eastern Washington,Big Sky Conference,bsky,Eastern Washington
2010,304,Idaho State Bengals,Idaho State,Big Sky Conference,bsky,Idaho St.
2010,16,Sacramento State Hornets,Sacramento State,Big Sky Conference,bsky,Sacramento St.
2010,147,Montana State Bobcats,Montana State,Big Sky Conference,bsky,Montana St.
2010,324,Coastal Carolina Chanticleers,Coastal Carolina,Big South Conference,bsou,Coastal Carolina
2010,2515,Radford Highlanders,Radford,Big South Conference,bsou,Radford
2010,2737,Winthrop Eagles,Winthrop,Big South Conference,bsou,Winthrop
2010,2427,UNC Asheville Bulldogs,UNC Asheville,Big South Conference,bsou,UNC Asheville
2010,2272,High Point Panthers,High Point,Big South Conference,bsou,High Point
2010,2127,Charleston Southern Buccaneers,Charleston Southern,Big South Conference,bsou,Charleston Southern
2010,2678,VMI Keydets,VMI,Big South Conference,bsou,VMI
2010,2506,Presbyterian Blue Hose,Presbyterian,Big South Conference,bsou,Presbyterian
2010,2335,Liberty Flames,Liberty,Big South Conference,bsou,Liberty
2010,2241,Gardner-Webb Runnin' Bulldogs,Gardner-Webb,Big South Conference,bsou,Gardner Webb
2010,2509,Purdue Boilermakers,Purdue,Big Ten Conference,big10,Purdue
2010,275,Wisconsin Badgers,Wisconsin,Big Ten Conference,big10,Wisconsin
2010,356,Illinois Fighting Illini,Illinois,Big Ten Conference,big10,Illinois
2010,135,Minnesota Golden Gophers,Minnesota,Big Ten Conference,big10,Minnesota
2010,77,Northwestern Wildcats,Northwestern,Big Ten Conference,big10,Northwestern
2010,84,Indiana Hoosiers,Indiana,Big Ten Conference,big10,Indiana
2010,213,Penn State Nittany Lions,Penn State,Big Ten Conference,big10,Penn St.
2010,194,Ohio State Buckeyes,Ohio State,Big Ten Conference,big10,Ohio St.
2010,130,Michigan Wolverines,Michigan,Big Ten Conference,big10,Michigan
2010,2294,Iowa Hawkeyes,Iowa,Big Ten Conference,big10,Iowa
2010,127,Michigan State Spartans,Michigan State,Big Ten Conference,big10,Michigan St.
2010,2540,UC Santa Barbara Gauchos,UC Santa Barbara,Big West Conference,bigw,UC Santa Barbara
2010,2239,Cal State Fullerton Titans,Cal State Fullerton,Big West Conference,bigw,Cal St. Fullerton
2010,13,Cal Poly Mustangs,Cal Poly,Big West Conference,bigw,Cal Poly
2010,300,UC Irvine Anteaters,UC Irvine,Big West Conference,bigw,UC Irvine
2010,27,UC Riverside Highlanders,UC Riverside,Big West Conference,bigw,UC Riverside
2010,279,Pacific Tigers,Pacific,Big West Conference,bigw,Pacific
2010,299,Long Beach State Beach,Long Beach State,Big West Conference,bigw,Long Beach St.
2010,2463,Cal State Northridge Matadors,Cal State Northridge,Big West Conference,bigw,Cal St. Northridge
2010,302,UC Davis Aggies,UC Davis,Big West Conference,bigw,UC Davis
2010,295,Old Dominion Monarchs,Old Dominion,Coastal Athletic Association,col,Old Dominion
2010,111,Northeastern Huskies,Northeastern,Coastal Athletic Association,col,Northeastern
2010,2729,William & Mary Tribe,William & Mary,Coastal Athletic Association,col,William & Mary
2010,2670,VCU Rams,VCU,Coastal Athletic Association,col,VCU
2010,2275,Hofstra Pride,Hofstra,Coastal Athletic Association,col,Hofstra
2010,119,Towson Tigers,Towson,Coastal Athletic Association,col,Towson
2010,2247,Georgia State Panthers,Georgia State,Coastal Athletic Association,col,Georgia St.
2010,256,James Madison Dukes,James Madison,Coastal Athletic Association,col,James Madison
2010,48,Delaware Blue Hens,Delaware,Coastal Athletic Association,col,Delaware
2010,2244,George Mason Patriots,George Mason,Coastal Athletic Association,col,George Mason
2010,2182,Drexel Dragons,Drexel,Coastal Athletic Association,col,Drexel
2010,350,UNC Wilmington Seahawks,UNC Wilmington,Coastal Athletic Association,col,UNC Wilmington
2010,2638,UTEP Miners,UTEP,Conference USA,usa,UTEP
2010,235,Memphis Tigers,Memphis,Conference USA,usa,Memphis
2010,5,UAB Blazers,UAB,Conference USA,usa,UAB
2010,202,Tulsa Golden Hurricane,Tulsa,Conference USA,usa,Tulsa
2010,2572,Southern Miss Golden Eagles,Southern Miss,Conference USA,usa,Southern Miss
2010,248,Houston Cougars,Houston,Conference USA,usa,Houston
2010,2116,UCF Knights,UCF,Conference USA,usa,UCF
2010,151,East Carolina Pirates,East Carolina,Conference USA,usa,East Carolina
2010,2655,Tulane Green Wave,Tulane,Conference USA,usa,Tulane
2010,242,Rice Owls,Rice,Conference USA,usa,Rice
2010,276,Marshall Thundering Herd,Marshall,Conference USA,usa,Marshall
2010,2567,SMU Mustangs,SMU,Conference USA,usa,SMU
2010,2736,Winston-Salem Rams,Winston-Salem,Division I Independents,ind,Winston Salem St.
2010,2542,Savannah State Tigers,Savannah State,Division I Independents,ind,Savannah St.
2010,2934,Cal State Bakersfield Roadrunners,Cal State Bakersfield,Division I Independents,ind,Cal St. Bakersfield
2010,2344,Longwood Lancers,Longwood,Division I Independents,ind,Longwood
2010,2547,Seattle U Redhawks,Seattle U,Division I Independents,ind,Seattle
2010,2428,North Carolina Central Eagles,North Carolina Central,Division I Independents,ind,North Carolina Central
2010,2565,SIU Edwardsville Cougars,SIU Edwardsville,Division I Independents,ind,SIU Edwardsville
2010,233,South Dakota Coyotes,South Dakota,Great West,grw,South Dakota
2010,2277,Houston Christian Huskies,Houston Christian,Great West,grw,Houston Christian
2010,3084,Utah Valley Wolverines,Utah Valley,Great West,grw,Utah Valley
2010,155,North Dakota Fighting Hawks,North Dakota,Great West,grw,North Dakota
2010,2885,NJIT Highlanders,NJIT,Great West,grw,NJIT
2010,292,UT Rio Grande Valley Vaqueros,UT Rio Grande Valley,Great West,grw,UT Rio Grande Valley
2010,2130,Chicago State Cougars,Chicago State,Great West,grw,Chicago St.
2010,2086,Butler Bulldogs,Butler,Horizon League,hor,Butler
2010,2750,Wright State Raiders,Wright State,Horizon League,hor,Wright St.
2010,2739,Green Bay Phoenix,Green Bay,Horizon League,hor,Green Bay
2010,270,Milwaukee Panthers,Milwaukee,Horizon League,hor,Milwaukee
2010,2174,Detroit Mercy Titans,Detroit Mercy,Horizon League,hor,Detroit Mercy
2010,2350,Loyola Chicago Ramblers,Loyola Chicago,Horizon League,hor,Loyola Chicago
2010,82,UIC Flames,UIC,Horizon League,hor,Illinois Chicago
2010,2754,Youngstown State Penguins,Youngstown State,Horizon League,hor,Youngstown St.
2010,325,Cleveland State Vikings,Cleveland State,Horizon League,hor,Cleveland St.
2010,2674,Valparaiso Beacons,Valparaiso,Horizon League,hor,Valparaiso
2010,172,Cornell Big Red,Cornell,Ivy League,ivy,Cornell
2010,163,Princeton Tigers,Princeton,Ivy League,ivy,Princeton
2010,108,Harvard Crimson,Harvard,Ivy League,ivy,Harvard
2010,43,Yale Bulldogs,Yale,Ivy League,ivy,Yale
2010,171,Columbia Lions,Columbia,Ivy League,ivy,Columbia
2010,159,Dartmouth Big Green,Dartmouth,Ivy League,ivy,Dartmouth
2010,225,Brown Bears,Brown,Ivy League,ivy,Brown
2010,219,Pennsylvania Quakers,Pennsylvania,Ivy League,ivy,Penn
2010,2561,Siena Saints,Siena,Metro Atlantic Athletic Conference,maac,Siena
2010,2217,Fairfield Stags,Fairfield,Metro Atlantic Athletic Conference,maac,Fairfield
2010,314,Iona Gaels,Iona,Metro Atlantic Athletic Conference,maac,Iona
2010,2612,Saint Peter's Peacocks,Saint Peter's,Metro Atlantic Athletic Conference,maac,Saint Peter's
2010,315,Niagara Purple Eagles,Niagara,Metro Atlantic Athletic Conference,maac,Niagara
2010,2099,Canisius Golden Griffins,Canisius,Metro Atlantic Athletic Conference,maac,Canisius
2010,2352,Loyola Maryland Greyhounds,Loyola Maryland,Metro Atlantic Athletic Conference,maac,Loyola MD
2010,2363,Manhattan Jaspers,Manhattan,Metro Atlantic Athletic Conference,maac,Manhattan
2010,2368,Marist Red Foxes,Marist,Metro Atlantic Athletic Conference,maac,Marist
2010,2520,Rider Broncs,Rider,Metro Atlantic Athletic Conference,maac,Rider
2010,2309,Kent State Golden Flashes,Kent State,Mid-American Conference,midame,Kent St.
2010,2006,Akron Zips,Akron,Mid-American Conference,midame,Akron
2010,193,Miami (OH) RedHawks,Miami (OH),Mid-American Conference,midame,Miami OH
2010,2084,Buffalo Bulls,Buffalo,Mid-American Conference,midame,Buffalo
2010,195,Ohio Bobcats,Ohio,Mid-American Conference,midame,Ohio
2010,189,Bowling Green Falcons,Bowling Green,Mid-American Conference,midame,Bowling Green
2010,2117,Central Michigan Chippewas,Central Michigan,Mid-American Conference,midamw,Central Michigan
2010,2050,Ball State Cardinals,Ball State,Mid-American Conference,midamw,Ball St.
2010,2199,Eastern Michigan Eagles,Eastern Michigan,Mid-American Conference,midamw,Eastern Michigan
2010,2711,Western Michigan Broncos,Western Michigan,Mid-American Conference,midamw,Western Michigan
2010,2459,Northern Illinois Huskies,Northern Illinois,Mid-American Conference,midamw,Northern Illinois
2010,2649,Toledo Rockets,Toledo,Mid-American Conference,midamw,Toledo
2010,2415,Morgan State Bears,Morgan State,Mid-Eastern Athletic Conference,meac,Morgan St.
2010,2169,Delaware State Hornets,Delaware State,Mid-Eastern Athletic Conference,meac,Delaware St.
2010,2569,South Carolina State Bulldogs,South Carolina State,Mid-Eastern Athletic Conference,meac,South Carolina St.
2010,2450,Norfolk State Spartans,Norfolk State,Mid-Eastern Athletic Conference,meac,Norfolk St.
2010,2261,Hampton Pirates,Hampton,Mid-Eastern Athletic Conference,meac,Hampton
2010,2065,Bethune-Cookman Wildcats,Bethune-Cookman,Mid-Eastern Athletic Conference,meac,Bethune Cookman
2010,2448,North Carolina A&T Aggies,North Carolina A&T,Mid-Eastern Athletic Conference,meac,North Carolina A&T
2010,50,Florida A&M Rattlers,Florida A&M,Mid-Eastern Athletic Conference,meac,Florida A&M
2010,2154,Coppin State Eagles,Coppin State,Mid-Eastern Athletic Conference,meac,Coppin St.
2010,2379,Maryland Eastern Shore Hawks,Maryland Eastern Shore,Mid-Eastern Athletic Conference,meac,Maryland Eastern Shore
2010,47,Howard Bison,Howard,Mid-Eastern Athletic Conference,meac,Howard
2010,2460,Northern Iowa Panthers,Northern Iowa,Missouri Valley Conference,mvc,Northern Iowa
2010,2724,Wichita State Shockers,Wichita State,Missouri Valley Conference,mvc,Wichita St.
2010,2287,Illinois State Redbirds,Illinois State,Missouri Valley Conference,mvc,Illinois St.
2010,156,Creighton Bluejays,Creighton,Missouri Valley Conference,mvc,Creighton
2010,282,Indiana State Sycamores,Indiana State,Missouri Valley Conference,mvc,Indiana St.
2010,2623,Missouri State Bears,Missouri State,Missouri Valley Conference,mvc,Missouri St.
2010,2181,Drake Bulldogs,Drake,Missouri Valley Conference,mvc,Drake
2010,79,Southern Illinois Salukis,Southern Illinois,Missouri Valley Conference,mvc,Southern Illinois
2010,339,Evansville Purple Aces,Evansville,Missouri Valley Conference,mvc,Evansville
2010,71,Bradley Braves,Bradley,Missouri Valley Conference,mvc,Bradley
2010,167,New Mexico Lobos,New Mexico,Mountain West Conference,mwest,New Mexico
2010,252,BYU Cougars,BYU,Mountain West Conference,mwest,BYU
2010,21,San Diego State Aztecs,San Diego State,Mountain West Conference,mwest,San Diego St.
2010,36,Colorado State Rams,Colorado State,Mountain West Conference,mwest,Colorado St.
2010,2628,TCU Horned Frogs,TCU,Mountain West Conference,mwest,TCU
2010,2751,Wyoming Cowboys,Wyoming,Mountain West Conference,mwest,Wyoming
2010,2005,Air Force Falcons,Air Force,Mountain West Conference,mwest,Air Force
2010,2439,UNLV Rebels,UNLV,Mountain West Conference,mwest,UNLV
2010,254,Utah Utes,Utah,Mountain West Conference,mwest,Utah
2010,2514,Quinnipiac Bobcats,Quinnipiac,Northeast Conference,neast,Quinnipiac
2010,116,Mount St. Mary's Mountaineers,Mount St. Mary's,Northeast Conference,neast,Mount St. Mary's
2010,112358,Long Island University Sharks,Long Island University,Northeast Conference,neast,LIU
2010,161,Fairleigh Dickinson Knights,Fairleigh Dickinson,Northeast Conference,neast,Fairleigh Dickinson
2010,2115,Central Connecticut Blue Devils,Central Connecticut,Northeast Conference,neast,Central Connecticut
2010,2405,Monmouth Hawks,Monmouth,Northeast Conference,neast,Monmouth
2010,2529,Sacred Heart Pioneers,Sacred Heart,Northeast Conference,neast,Sacred Heart
2010,2681,Wagner Seahawks,Wagner,Northeast Conference,neast,Wagner
2010,2803,Bryant Bulldogs,Bryant,Northeast Conference,neast,Bryant
2010,2523,Robert Morris Colonials,Robert Morris,Northeast Conference,neast,Robert Morris
2010,2598,St. Francis (PA) Red Flash,St. Francis (PA),Northeast Conference,neast,Saint Francis
2010,2597,St. Francis Brooklyn Terriers,St. Francis Brooklyn,Northeast Conference,neast,St. Francis NY
2010,93,Murray State Racers,Murray State,Ohio Valley Conference,ovc,Murray St.
2010,2413,Morehead State Eagles,Morehead State,Ohio Valley Conference,ovc,Morehead St.
2010,2197,Eastern Illinois Panthers,Eastern Illinois,Ohio Valley Conference,ovc,Eastern Illinois
2010,2635,Tennessee Tech Golden Eagles,Tennessee Tech,Ohio Valley Conference,ovc,Tennessee Tech
2010,55,Jacksonville State Gamecocks,Jacksonville State,Ohio Valley Conference,ovc,Jacksonville St.
2010,2634,Tennessee State Tigers,Tennessee State,Ohio Valley Conference,ovc,Tennessee St.
2010,2546,Southeast Missouri State Redhawks,Southeast Missouri State,Ohio Valley Conference,ovc,Southeast Missouri St.
2010,2630,UT Martin Skyhawks,UT Martin,Ohio Valley Conference,ovc,Tennessee Martin
2010,2198,Eastern Kentucky Colonels,Eastern Kentucky,Ohio Valley Conference,ovc,Eastern Kentucky
2010,2046,Austin Peay Governors,Austin Peay,Ohio Valley Conference,ovc,Austin Peay
2010,25,California Golden Bears,California,Pac-12 Conference,pac12,California
2010,9,Arizona State Sun Devils,Arizona State,Pac-12 Conference,pac12,Arizona St.
2010,264,Washington Huskies,Washington,Pac-12 Conference,pac12,Washington
2010,12,Arizona Wildcats,Arizona,Pac-12 Conference,pac12,Arizona
2010,30,USC Trojans,USC,Pac-12 Conference,pac12,USC
2010,2483,Oregon Ducks,Oregon,Pac-12 Conference,pac12,Oregon
2010,265,Washington State Cougars,Washington State,Pac-12 Conference,pac12,Washington St.
2010,26,UCLA Bruins,UCLA,Pac-12 Conference,pac12,UCLA
2010,204,Oregon State Beavers,Oregon State,Pac-12 Conference,pac12,Oregon St.
2010,24,Stanford Cardinal,Stanford,Pac-12 Conference,pac12,Stanford
2010,2329,Lehigh Mountain Hawks,Lehigh,Patriot League,pat,Lehigh
2010,2083,Bucknell Bison,Bucknell,Patriot League,pat,Bucknell
2010,322,Lafayette Leopards,Lafayette,Patriot League,pat,Lafayette
2010,2426,Navy Midshipmen,Navy,Patriot League,pat,Navy
2010,2142,Colgate Raiders,Colgate,Patriot League,pat,Colgate
2010,107,Holy Cross Crusaders,Holy Cross,Patriot League,pat,Holy Cross
2010,349,Army Black Knights,Army,Patriot League,pat,Army
2010,44,American University Eagles,American University,Patriot League,pat,American
2010,96,Kentucky Wildcats,Kentucky,Southeastern Conference,sece,Kentucky
2010,238,Vanderbilt Commodores,Vanderbilt,Southeastern Conference,sece,Vanderbilt
2010,2633,Tennessee Volunteers,Tennessee,Southeastern Conference,sece,Tennessee
2010,57,Florida Gators,Florida,Southeastern Conference,sece,Florida
2010,2579,South Carolina Gamecocks,South Carolina,Southeastern Conference,sece,South Carolina
2010,61,Georgia Bulldogs,Georgia,Southeastern Conference,sece,Georgia
2010,344,Mississippi State Bulldogs,Mississippi State,Southeastern Conference,secw,Mississippi St.
2010,145,Ole Miss Rebels,Ole Miss,Southeastern Conference,secw,Mississippi
2010,8,Arkansas Razorbacks,Arkansas,Southeastern Conference,secw,Arkansas
2010,2,Auburn Tigers,Auburn,Southeastern Conference,secw,Auburn
2010,333,Alabama Crimson Tide,Alabama,Southeastern Conference,secw,Alabama
2010,99,LSU Tigers,LSU,Southeastern Conference,secw,LSU
2010,2026,App State Mountaineers,App State,Southern Conference,southn,Appalachian St.
2010,2717,Western Carolina Catamounts,Western Carolina,Southern Conference,southn,Western Carolina
2010,2430,UNC Greensboro Spartans,UNC Greensboro,Southern Conference,southn,UNC Greensboro
2010,236,Chattanooga Mocs,Chattanooga,Southern Conference,southn,Chattanooga
2010,2210,Elon Phoenix,Elon,Southern Conference,southn,Elon
2010,2535,Samford Bulldogs,Samford,Southern Conference,southn,Samford
2010,2747,Wofford Terriers,Wofford,Southern Conference,souths,Wofford
2010,232,Charleston Cougars,Charleston,Southern Conference,souths,Charleston
2010,2166,Davidson Wildcats,Davidson,Southern Conference,souths,Davidson
2010,2643,The Citadel Bulldogs,The Citadel,Southern Conference,souths,The Citadel
2010,231,Furman Paladins,Furman,Southern Conference,souths,Furman
2010,290,Georgia Southern Eagles,Georgia Southern,Southern Conference,souths,Georgia Southern
2010,2617,Stephen F. Austin Lumberjacks,Stephen F. Austin,Southland Conference,lande,Stephen F. Austin
2010,2545,SE Louisiana Lions,SE Louisiana,Southland Conference,lande,Southeastern Louisiana
2010,2447,Nicholls Colonels,Nicholls,Southland Conference,lande,Nicholls St.
2010,2377,McNeese Cowboys,McNeese,Southland Conference,lande,McNeese St.
2010,2466,Northwestern State Demons,Northwestern State,Southland Conference,lande,Northwestern St.
2010,2110,Central Arkansas Bears,Central Arkansas,Southland Conference,lande,Central Arkansas
2010,2534,Sam Houston Bearkats,Sam Houston,Southland Conference,landw,Sam Houston St.
2010,357,Texas A&M-Corpus Christi Islanders,Texas A&M-Corpus Christi,Southland Conference,landw,Texas A&M Corpus Chris
2010,2636,UTSA Roadrunners,UTSA,Southland Conference,landw,UTSA
2010,326,Texas State Bobcats,Texas State,Southland Conference,landw,Texas St.
2010,250,UT Arlington Mavericks,UT Arlington,Southland Conference,landw,UT Arlington
2010,2320,Lamar Cardinals,Lamar,Southland Conference,landw,Lamar
2010,2296,Jackson State Tigers,Jackson State,Southwestern Athletic Conference,swac,Jackson St.
2010,2029,Arkansas-Pine Bluff Golden Lions,Arkansas-Pine Bluff,Southwestern Athletic Conference,swac,Arkansas Pine Bluff
2010,2011,Alabama State Hornets,Alabama State,Southwestern Athletic Conference,swac,Alabama St.
2010,2504,Prairie View A&M Panthers,Prairie View A&M,Southwestern Athletic Conference,swac,Prairie View A&M
2010,2010,Alabama A&M Bulldogs,Alabama A&M,Southwestern Athletic Conference,swac,Alabama A&M
2010,2755,Grambling Tigers,Grambling,Southwestern Athletic Conference,swac,Grambling St.
2010,2582,Southern Jaguars,Southern,Southwestern Athletic Conference,swac,Southern
2010,2016,Alcorn State Braves,Alcorn State,Southwestern Athletic Conference,swac,Alcorn St.
2010,2640,Texas Southern Tigers,Texas Southern,Southwestern Athletic Conference,swac,Texas Southern
2010,2400,Mississippi Valley State Delta Devils,Mississippi Valley State,Southwestern Athletic Conference,swac,Mississippi Valley St.
2010,2473,Oakland Golden Grizzlies,Oakland,Summit League,summ,Oakland
2010,85,IU Indianapolis Jaguars,IU Indianapolis,Summit League,summ,IU Indy
2010,198,Oral Roberts Golden Eagles,Oral Roberts,Summit League,summ,Oral Roberts
2010,2571,South Dakota State Jackrabbits,South Dakota State,Summit League,summ,South Dakota St.
2010,2870,Purdue Fort Wayne Mastodons,Purdue Fort Wayne,Summit League,summ,Purdue Fort Wayne
2010,2449,North Dakota State Bison,North Dakota State,Summit League,summ,North Dakota St.
2010,2710,Western Illinois Leathernecks,Western Illinois,Summit League,summ,Western Illinois
2010,2113,Centenary (LA) Gentlemen,Centenary (LA),Summit League,summ,Centenary
2010,140,Kansas City Roos,Kansas City,Summit League,summ,UMKC
2010,253,Southern Utah Thunderbirds,Southern Utah,Summit League,summ,Southern Utah
2010,2653,Troy Trojans,Troy,Sun Belt Conference,belte,Troy
2010,2393,Middle Tennessee Blue Raiders,Middle Tennessee,Sun Belt Conference,belte,Middle Tennessee
2010,98,Western Kentucky Hilltoppers,Western Kentucky,Sun Belt Conference,belte,Western Kentucky
2010,2226,Florida Atlantic Owls,Florida Atlantic,Sun Belt Conference,belte,Florida Atlantic
2010,6,South Alabama Jaguars,South Alabama,Sun Belt Conference,belte,South Alabama
2010,2229,Florida International Panthers,Florida International,Sun Belt Conference,belte,FIU
2010,249,North Texas Mean Green,North Texas,Sun Belt Conference,beltw,North Texas
2010,2032,Arkansas State Red Wolves,Arkansas State,Sun Belt Conference,beltw,Arkansas St.
2010,309,Louisiana Ragin' Cajuns,Louisiana,Sun Belt Conference,beltw,Louisiana
2010,2172,Denver Pioneers,Denver,Sun Belt Conference,beltw,Denver
2010,2433,UL Monroe Warhawks,UL Monroe,Sun Belt Conference,beltw,Louisiana Monroe
2010,2031,Little Rock Trojans,Little Rock,Sun Belt Conference,beltw,Little Rock
2010,2443,New Orleans Privateers,New Orleans,Sun Belt Conference,beltw,New Orleans
2010,2250,Gonzaga Bulldogs,Gonzaga,West Coast Conference,wcc,Gonzaga
2010,2608,Saint Mary's Gaels,Saint Mary's,West Coast Conference,wcc,Saint Mary's
2010,2501,Portland Pilots,Portland,West Coast Conference,wcc,Portland
2010,2351,Loyola Marymount Lions,Loyola Marymount,West Coast Conference,wcc,Loyola Marymount
2010,301,San Diego Toreros,San Diego,West Coast Conference,wcc,San Diego
2010,2541,Santa Clara Broncos,Santa Clara,West Coast Conference,wcc,Santa Clara
2010,2539,San Francisco Dons,San Francisco,West Coast Conference,wcc,San Francisco
2010,2492,Pepperdine Waves,Pepperdine,West Coast Conference,wcc,Pepperdine
2010,328,Utah State Aggies,Utah State,Western Athletic Conference,wac,Utah St.
2010,166,New Mexico State Aggies,New Mexico State,Western Athletic Conference,wac,New Mexico St.
2010,2348,Louisiana Tech Bulldogs,Louisiana Tech,Western Athletic Conference,wac,Louisiana Tech
2010,278,Fresno State Bulldogs,Fresno State,Western Athletic Conference,wac,Fresno St.
2010,70,Idaho Vandals,Idaho,Western Athletic Conference,wac,Idaho
2010,68,Boise State Broncos,Boise State,Western Athletic Conference,wac,Boise St.
2010,62,Hawai'i Rainbow Warriors,Hawai'i,Western Athletic Conference,wac,Hawaii
2010,2440,Nevada Wolf Pack,Nevada,Western Athletic Conference,wac,Nevada
2010,23,San José State Spartans,San José State,Western Athletic Conference,wac,San Jose St.
2011,2057,Belmont Bruins,Belmont,ASUN Conference,a-sun,Belmont
2011,2193,East Tennessee State Buccaneers,East Tennessee State,ASUN Conference,a-sun,East Tennessee St.
2011,294,Jacksonville Dolphins,Jacksonville,ASUN Conference,a-sun,Jacksonville
2011,288,Lipscomb Bisons,Lipscomb,ASUN Conference,a-sun,Lipscomb
2011,2382,Mercer Bears,Mercer,ASUN Conference,a-sun,Mercer
2011,2454,North Florida Ospreys,North Florida,ASUN Conference,a-sun,North Florida
2011,526,Florida Gulf Coast Eagles,Florida Gulf Coast,ASUN Conference,a-sun,Florida Gulf Coast
2011,2097,Campbell Fighting Camels,Campbell,ASUN Conference,a-sun,Campbell
2011,2908,South Carolina Upstate Spartans,South Carolina Upstate,ASUN Conference,a-sun,USC Upstate
2011,338,Kennesaw State Owls,Kennesaw State,ASUN Conference,a-sun,Kennesaw St.
2011,56,Stetson Hatters,Stetson,ASUN Conference,a-sun,Stetson
2011,261,Vermont Catamounts,Vermont,America East Conference,aeast,Vermont
2011,104,Boston University Terriers,Boston University,America East Conference,aeast,Boston University
2011,399,UAlbany Great Danes,UAlbany,America East Conference,aeast,Albany
2011,2619,Stony Brook Seawolves,Stony Brook,America East Conference,aeast,Stony Brook
2011,42,Hartford Hawks,Hartford,America East Conference,aeast,Hartford
2011,160,New Hampshire Wildcats,New Hampshire,America East Conference,aeast,New Hampshire
2011,2066,Binghamton Bearcats,Binghamton,America East Conference,aeast,Binghamton
2011,311,Maine Black Bears,Maine,America East Conference,aeast,Maine
2011,2378,UMBC Retrievers,UMBC,America East Conference,aeast,UMBC
2011,2752,Xavier Musketeers,Xavier,Atlantic 10 Conference,atl10,Xavier
2011,218,Temple Owls,Temple,Atlantic 10 Conference,atl10,Temple
2011,257,Richmond Spiders,Richmond,Atlantic 10 Conference,atl10,Richmond
2011,2184,Duquesne Dukes,Duquesne,Atlantic 10 Conference,atl10,Duquesne
2011,227,Rhode Island Rams,Rhode Island,Atlantic 10 Conference,atl10,Rhode Island
2011,179,St. Bonaventure Bonnies,St. Bonaventure,Atlantic 10 Conference,atl10,St. Bonaventure
2011,2168,Dayton Flyers,Dayton,Atlantic 10 Conference,atl10,Dayton
2011,2325,La Salle Explorers,La Salle,Atlantic 10 Conference,atl10,La Salle
2011,2603,Saint Joseph's Hawks,Saint Joseph's,Atlantic 10 Conference,atl10,Saint Joseph's
2011,2429,Charlotte 49ers,Charlotte,Atlantic 10 Conference,atl10,Charlotte
2011,2230,Fordham Rams,Fordham,Atlantic 10 Conference,atl10,Fordham
2011,45,George Washington Revolutionaries,George Washington,Atlantic 10 Conference,atl10,George Washington
2011,113,Massachusetts Minutemen,Massachusetts,Atlantic 10 Conference,atl10,Massachusetts
2011,139,Saint Louis Billikens,Saint Louis,Atlantic 10 Conference,atl10,Saint Louis
2011,153,North Carolina Tar Heels,North Carolina,Atlantic Coast Conference,acc,North Carolina
2011,150,Duke Blue Devils,Duke,Atlantic Coast Conference,acc,Duke
2011,52,Florida State Seminoles,Florida State,Atlantic Coast Conference,acc,Florida St.
2011,259,Virginia Tech Hokies,Virginia Tech,Atlantic Coast Conference,acc,Virginia Tech
2011,228,Clemson Tigers,Clemson,Atlantic Coast Conference,acc,Clemson
2011,120,Maryland Terrapins,Maryland,Atlantic Coast Conference,acc,Maryland
2011,2390,Miami Hurricanes,Miami,Atlantic Coast Conference,acc,Miami FL
2011,152,NC State Wolfpack,NC State,Atlantic Coast Conference,acc,N.C. State
2011,154,Wake Forest Demon Deacons,Wake Forest,Atlantic Coast Conference,acc,Wake Forest
2011,258,Virginia Cavaliers,Virginia,Atlantic Coast Conference,acc,Virginia
2011,59,Georgia Tech Yellow Jackets,Georgia Tech,Atlantic Coast Conference,acc,Georgia Tech
2011,103,Boston College Eagles,Boston College,Atlantic Coast Conference,acc,Boston College
2011,2305,Kansas Jayhawks,Kansas,Big 12 Conference,big12,Kansas
2011,251,Texas Longhorns,Texas,Big 12 Conference,big12,Texas
2011,245,Texas A&M Aggies,Texas A&M,Big 12 Conference,big12,Texas A&M
2011,142,Missouri Tigers,Missouri,Big 12 Conference,big12,Missouri
2011,158,Nebraska Cornhuskers,Nebraska,Big 12 Conference,big12,Nebraska
2011,197,Oklahoma State Cowboys,Oklahoma State,Big 12 Conference,big12,Oklahoma St.
2011,201,Oklahoma Sooners,Oklahoma,Big 12 Conference,big12,Oklahoma
2011,66,Iowa State Cyclones,Iowa State,Big 12 Conference,big12,Iowa St.
2011,2306,Kansas State Wildcats,Kansas State,Big 12 Conference,big12,Kansas St.
2011,38,Colorado Buffaloes,Colorado,Big 12 Conference,big12,Colorado
2011,239,Baylor Bears,Baylor,Big 12 Conference,big12,Baylor
2011,2641,Texas Tech Red Raiders,Texas Tech,Big 12 Conference,big12,Texas Tech
2011,221,Pittsburgh Panthers,Pittsburgh,Big East Conference,bige,Pittsburgh
2011,87,Notre Dame Fighting Irish,Notre Dame,Big East Conference,bige,Notre Dame
2011,183,Syracuse Orange,Syracuse,Big East Conference,bige,Syracuse
2011,2132,Cincinnati Bearcats,Cincinnati,Big East Conference,bige,Cincinnati
2011,46,Georgetown Hoyas,Georgetown,Big East Conference,bige,Georgetown
2011,41,UConn Huskies,UConn,Big East Conference,bige,Connecticut
2011,2550,Seton Hall Pirates,Seton Hall,Big East Conference,bige,Seton Hall
2011,164,Rutgers Scarlet Knights,Rutgers,Big East Conference,bige,Rutgers
2011,2507,Providence Friars,Providence,Big East Conference,bige,Providence
2011,58,South Florida Bulls,South Florida,Big East Conference,bige,South Florida
2011,305,DePaul Blue Demons,DePaul,Big East Conference,bige,DePaul
2011,97,Louisville Cardinals,Louisville,Big East Conference,bige,Louisville
2011,277,West Virginia Mountaineers,West Virginia,Big East Conference,bige,West Virginia
2011,222,Villanova Wildcats,Villanova,Big East Conference,bige,Villanova
2011,2599,St. John's Red Storm,St. John's,Big East Conference,bige,St. John's
2011,269,Marquette Golden Eagles,Marquette,Big East Conference,bige,Marquette
2011,2458,Northern Colorado Bears,Northern Colorado,Big Sky Conference,bsky,Northern Colorado
2011,149,Montana Grizzlies,Montana,Big Sky Conference,bsky,Montana
2011,2692,Weber State Wildcats,Weber State,Big Sky Conference,bsky,Weber St.
2011,2464,Northern Arizona Lumberjacks,Northern Arizona,Big Sky Conference,bsky,Northern Arizona
2011,147,Montana State Bobcats,Montana State,Big Sky Conference,bsky,Montana St.
2011,2502,Portland State Vikings,Portland State,Big Sky Conference,bsky,Portland St.
2011,304,Idaho State Bengals,Idaho State,Big Sky Conference,bsky,Idaho St.
2011,331,Eastern Washington Eagles,Eastern Washington,Big Sky Conference,bsky,Eastern Washington
2011,16,Sacramento State Hornets,Sacramento State,Big Sky Conference,bsky,Sacramento St.
2011,324,Coastal Carolina Chanticleers,Coastal Carolina,Big South Conference,bsou,Coastal Carolina
2011,2335,Liberty Flames,Liberty,Big South Conference,bsou,Liberty
2011,2427,UNC Asheville Bulldogs,UNC Asheville,Big South Conference,bsou,UNC Asheville
2011,2678,VMI Keydets,VMI,Big South Conference,bsou,VMI
2011,2127,Charleston Southern Buccaneers,Charleston Southern,Big South Conference,bsou,Charleston Southern
2011,2506,Presbyterian Blue Hose,Presbyterian,Big South Conference,bsou,Presbyterian
2011,2241,Gardner-Webb Runnin' Bulldogs,Gardner-Webb,Big South Conference,bsou,Gardner Webb
2011,2515,Radford Highlanders,Radford,Big South Conference,bsou,Radford
2011,2737,Winthrop Eagles,Winthrop,Big South Conference,bsou,Winthrop
2011,2272,High Point Panthers,High Point,Big South Conference,bsou,High Point
2011,194,Ohio State Buckeyes,Ohio State,Big Ten Conference,big10,Ohio St.
2011,2509,Purdue Boilermakers,Purdue,Big Ten Conference,big10,Purdue
2011,275,Wisconsin Badgers,Wisconsin,Big Ten Conference,big10,Wisconsin
2011,130,Michigan Wolverines,Michigan,Big Ten Conference,big10,Michigan
2011,77,Northwestern Wildcats,Northwestern,Big Ten Conference,big10,Northwestern
2011,135,Minnesota Golden Gophers,Minnesota,Big Ten Conference,big10,Minnesota
2011,2294,Iowa Hawkeyes,Iowa,Big Ten Conference,big10,Iowa
2011,84,Indiana Hoosiers,Indiana,Big Ten Conference,big10,Indiana
2011,356,Illinois Fighting Illini,Illinois,Big Ten Conference,big10,Illinois
2011,213,Penn State Nittany Lions,Penn State,Big Ten Conference,big10,Penn St.
2011,127,Michigan State Spartans,Michigan State,Big Ten Conference,big10,Michigan St.
2011,299,Long Beach State Beach,Long Beach State,Big West Conference,bigw,Long Beach St.
2011,13,Cal Poly Mustangs,Cal Poly,Big West Conference,bigw,Cal Poly
2011,2463,Cal State Northridge Matadors,Cal State Northridge,Big West Conference,bigw,Cal St. Northridge
2011,2540,UC Santa Barbara Gauchos,UC Santa Barbara,Big West Conference,bigw,UC Santa Barbara
2011,2239,Cal State Fullerton Titans,Cal State Fullerton,Big West Conference,bigw,Cal St. Fullerton
2011,300,UC Irvine Anteaters,UC Irvine,Big West Conference,bigw,UC Irvine
2011,302,UC Davis Aggies,UC Davis,Big West Conference,bigw,UC Davis
2011,279,Pacific Tigers,Pacific,Big West Conference,bigw,Pacific
2011,27,UC Riverside Highlanders,UC Riverside,Big West Conference,bigw,UC Riverside
2011,2244,George Mason Patriots,George Mason,Coastal Athletic Association,col,George Mason
2011,295,Old Dominion Monarchs,Old Dominion,Coastal Athletic Association,col,Old Dominion
2011,2670,VCU Rams,VCU,Coastal Athletic Association,col,VCU
2011,2182,Drexel Dragons,Drexel,Coastal Athletic Association,col,Drexel
2011,256,James Madison Dukes,James Madison,Coastal Athletic Association,col,James Madison
2011,48,Delaware Blue Hens,Delaware,Coastal Athletic Association,col,Delaware
2011,350,UNC Wilmington Seahawks,UNC Wilmington,Coastal Athletic Association,col,UNC Wilmington
2011,2247,Georgia State Panthers,Georgia State,Coastal Athletic Association,col,Georgia St.
2011,2729,William & Mary Tribe,William & Mary,Coastal Athletic Association,col,William & Mary
2011,119,Towson Tigers,Towson,Coastal Athletic Association,col,Towson
2011,2275,Hofstra Pride,Hofstra,Coastal Athletic Association,col,Hofstra
2011,111,Northeastern Huskies,Northeastern,Coastal Athletic Association,col,Northeastern
2011,5,UAB Blazers,UAB,Conference USA,usa,UAB
2011,2638,UTEP Miners,UTEP,Conference USA,usa,UTEP
2011,235,Memphis Tigers,Memphis,Conference USA,usa,Memphis
2011,2572,Southern Miss Golden Eagles,Southern Miss,Conference USA,usa,Southern Miss
2011,2567,SMU Mustangs,SMU,Conference USA,usa,SMU
2011,2116,UCF Knights,UCF,Conference USA,usa,UCF
2011,242,Rice Owls,Rice,Conference USA,usa,Rice
2011,248,Houston Cougars,Houston,Conference USA,usa,Houston
2011,2655,Tulane Green Wave,Tulane,Conference USA,usa,Tulane
2011,202,Tulsa Golden Hurricane,Tulsa,Conference USA,usa,Tulsa
2011,276,Marshall Thundering Herd,Marshall,Conference USA,usa,Marshall
2011,151,East Carolina Pirates,East Carolina,Conference USA,usa,East Carolina
2011,2542,Savannah State Tigers,Savannah State,Division I Independents,ind,Savannah St.
2011,2443,New Orleans Privateers,New Orleans,Division I Independents,ind,New Orleans
2011,2565,SIU Edwardsville Cougars,SIU Edwardsville,Division I Independents,ind,SIU Edwardsville
2011,2428,North Carolina Central Eagles,North Carolina Central,Division I Independents,ind,North Carolina Central
2011,2934,Cal State Bakersfield Roadrunners,Cal State Bakersfield,Division I Independents,ind,Cal St. Bakersfield
2011,2547,Seattle U Redhawks,Seattle U,Division I Independents,ind,Seattle
2011,2344,Longwood Lancers,Longwood,Division I Independents,ind,Longwood
2011,3084,Utah Valley Wolverines,Utah Valley,Great West,grw,Utah Valley
2011,2885,NJIT Highlanders,NJIT,Great West,grw,NJIT
2011,155,North Dakota Fighting Hawks,North Dakota,Great West,grw,North Dakota
2011,233,South Dakota Coyotes,South Dakota,Great West,grw,South Dakota
2011,2130,Chicago State Cougars,Chicago State,Great West,grw,Chicago St.
2011,2277,Houston Christian Huskies,Houston Christian,Great West,grw,Houston Christian
2011,292,UT Rio Grande Valley Vaqueros,UT Rio Grande Valley,Great West,grw,UT Rio Grande Valley
2011,325,Cleveland State Vikings,Cleveland State,Horizon League,hor,Cleveland St.
2011,2674,Valparaiso Beacons,Valparaiso,Horizon League,hor,Valparaiso
2011,2750,Wright State Raiders,Wright State,Horizon League,hor,Wright St.
2011,2739,Green Bay Phoenix,Green Bay,Horizon League,hor,Green Bay
2011,2350,Loyola Chicago Ramblers,Loyola Chicago,Horizon League,hor,Loyola Chicago
2011,2754,Youngstown State Penguins,Youngstown State,Horizon League,hor,Youngstown St.
2011,2086,Butler Bulldogs,Butler,Horizon League,hor,Butler
2011,2174,Detroit Mercy Titans,Detroit Mercy,Horizon League,hor,Detroit Mercy
2011,82,UIC Flames,UIC,Horizon League,hor,Illinois Chicago
2011,270,Milwaukee Panthers,Milwaukee,Horizon League,hor,Milwaukee
2011,163,Princeton Tigers,Princeton,Ivy League,ivy,Princeton
2011,43,Yale Bulldogs,Yale,Ivy League,ivy,Yale
2011,219,Pennsylvania Quakers,Pennsylvania,Ivy League,ivy,Penn
2011,171,Columbia Lions,Columbia,Ivy League,ivy,Columbia
2011,225,Brown Bears,Brown,Ivy League,ivy,Brown
2011,159,Dartmouth Big Green,Dartmouth,Ivy League,ivy,Dartmouth
2011,108,Harvard Crimson,Harvard,Ivy League,ivy,Harvard
2011,172,Cornell Big Red,Cornell,Ivy League,ivy,Cornell
2011,2217,Fairfield Stags,Fairfield,Metro Atlantic Athletic Conference,maac,Fairfield
2011,314,Iona Gaels,Iona,Metro Atlantic Athletic Conference,maac,Iona
2011,2612,Saint Peter's Peacocks,Saint Peter's,Metro Atlantic Athletic Conference,maac,Saint Peter's
2011,2352,Loyola Maryland Greyhounds,Loyola Maryland,Metro Atlantic Athletic Conference,maac,Loyola MD
2011,2099,Canisius Golden Griffins,Canisius,Metro Atlantic Athletic Conference,maac,Canisius
2011,2561,Siena Saints,Siena,Metro Atlantic Athletic Conference,maac,Siena
2011,315,Niagara Purple Eagles,Niagara,Metro Atlantic Athletic Conference,maac,Niagara
2011,2363,Manhattan Jaspers,Manhattan,Metro Atlantic Athletic Conference,maac,Manhattan
2011,2520,Rider Broncs,Rider,Metro Atlantic Athletic Conference,maac,Rider
2011,2368,Marist Red Foxes,Marist,Metro Atlantic Athletic Conference,maac,Marist
2011,2309,Kent State Golden Flashes,Kent State,Mid-American Conference,midame,Kent St.
2011,193,Miami (OH) RedHawks,Miami (OH),Mid-American Conference,midame,Miami OH
2011,195,Ohio Bobcats,Ohio,Mid-American Conference,midame,Ohio
2011,2006,Akron Zips,Akron,Mid-American Conference,midame,Akron
2011,2084,Buffalo Bulls,Buffalo,Mid-American Conference,midame,Buffalo
2011,189,Bowling Green Falcons,Bowling Green,Mid-American Conference,midame,Bowling Green
2011,2711,Western Michigan Broncos,Western Michigan,Mid-American Conference,midamw,Western Michigan
2011,2050,Ball State Cardinals,Ball State,Mid-American Conference,midamw,Ball St.
2011,2117,Central Michigan Chippewas,Central Michigan,Mid-American Conference,midamw,Central Michigan
2011,2199,Eastern Michigan Eagles,Eastern Michigan,Mid-American Conference,midamw,Eastern Michigan
2011,2459,Northern Illinois Huskies,Northern Illinois,Mid-American Conference,midamw,Northern Illinois
2011,2649,Toledo Rockets,Toledo,Mid-American Conference,midamw,Toledo
2011,2065,Bethune-Cookman Wildcats,Bethune-Cookman,Mid-Eastern Athletic Conference,meac,Bethune Cookman
2011,2261,Hampton Pirates,Hampton,Mid-Eastern Athletic Conference,meac,Hampton
2011,2415,Morgan State Bears,Morgan State,Mid-Eastern Athletic Conference,meac,Morgan St.
2011,2448,North Carolina A&T Aggies,North Carolina A&T,Mid-Eastern Athletic Conference,meac,North Carolina A&T
2011,2450,Norfolk State Spartans,Norfolk State,Mid-Eastern Athletic Conference,meac,Norfolk St.
2011,50,Florida A&M Rattlers,Florida A&M,Mid-Eastern Athletic Conference,meac,Florida A&M
2011,2569,South Carolina State Bulldogs,South Carolina State,Mid-Eastern Athletic Conference,meac,South Carolina St.
2011,47,Howard Bison,Howard,Mid-Eastern Athletic Conference,meac,Howard
2011,2154,Coppin State Eagles,Coppin State,Mid-Eastern Athletic Conference,meac,Coppin St.
2011,2169,Delaware State Hornets,Delaware State,Mid-Eastern Athletic Conference,meac,Delaware St.
2011,2379,Maryland Eastern Shore Hawks,Maryland Eastern Shore,Mid-Eastern Athletic Conference,meac,Maryland Eastern Shore
2011,2623,Missouri State Bears,Missouri State,Missouri Valley Conference,mvc,Missouri St.
2011,2724,Wichita State Shockers,Wichita State,Missouri Valley Conference,mvc,Wichita St.
2011,282,Indiana State Sycamores,Indiana State,Missouri Valley Conference,mvc,Indiana St.
2011,156,Creighton Bluejays,Creighton,Missouri Valley Conference,mvc,Creighton
2011,339,Evansville Purple Aces,Evansville,Missouri Valley Conference,mvc,Evansville
2011,2181,Drake Bulldogs,Drake,Missouri Valley Conference,mvc,Drake
2011,79,Southern Illinois Salukis,Southern Illinois,Missouri Valley Conference,mvc,Southern Illinois
2011,2287,Illinois State Redbirds,Illinois State,Missouri Valley Conference,mvc,Illinois St.
2011,2460,Northern Iowa Panthers,Northern Iowa,Missouri Valley Conference,mvc,Northern Iowa
2011,71,Bradley Braves,Bradley,Missouri Valley Conference,mvc,Bradley
2011,21,San Diego State Aztecs,San Diego State,Mountain West Conference,mwest,San Diego St.
2011,2439,UNLV Rebels,UNLV,Mountain West Conference,mwest,UNLV
2011,36,Colorado State Rams,Colorado State,Mountain West Conference,mwest,Colorado St.
2011,167,New Mexico Lobos,New Mexico,Mountain West Conference,mwest,New Mexico
2011,2005,Air Force Falcons,Air Force,Mountain West Conference,mwest,Air Force
2011,2751,Wyoming Cowboys,Wyoming,Mountain West Conference,mwest,Wyoming
2011,2628,TCU Horned Frogs,TCU,Mountain West Conference,mwest,TCU
2011,252,BYU Cougars,BYU,Mountain West Conference,mwest,BYU
2011,254,Utah Utes,Utah,Mountain West Conference,mwest,Utah
2011,2803,Bryant Bulldogs,Bryant,Northeast Conference,neast,Bryant
2011,2598,St. Francis (PA) Red Flash,St. Francis (PA),Northeast Conference,neast,Saint Francis
2011,112358,Long Island University Sharks,Long Island University,Northeast Conference,neast,LIU
2011,2514,Quinnipiac Bobcats,Quinnipiac,Northeast Conference,neast,Quinnipiac
2011,2523,Robert Morris Colonials,Robert Morris,Northeast Conference,neast,Robert Morris
2011,2115,Central Connecticut Blue Devils,Central Connecticut,Northeast Conference,neast,Central Connecticut
2011,2597,St. Francis Brooklyn Terriers,St. Francis Brooklyn,Northeast Conference,neast,St. Francis NY
2011,2681,Wagner Seahawks,Wagner,Northeast Conference,neast,Wagner
2011,2529,Sacred Heart Pioneers,Sacred Heart,Northeast Conference,neast,Sacred Heart
2011,2405,Monmouth Hawks,Monmouth,Northeast Conference,neast,Monmouth
2011,161,Fairleigh Dickinson Knights,Fairleigh Dickinson,Northeast Conference,neast,Fairleigh Dickinson
2011,116,Mount St. Mary's Mountaineers,Mount St. Mary's,Northeast Conference,neast,Mount St. Mary's
2011,93,Murray State Racers,Murray State,Ohio Valley Conference,ovc,Murray St.
2011,2413,Morehead State Eagles,Morehead State,Ohio Valley Conference,ovc,Morehead St.
2011,2635,Tennessee Tech Golden Eagles,Tennessee Tech,Ohio Valley Conference,ovc,Tennessee Tech
2011,2634,Tennessee State Tigers,Tennessee State,Ohio Valley Conference,ovc,Tennessee St.
2011,2198,Eastern Kentucky Colonels,Eastern Kentucky,Ohio Valley Conference,ovc,Eastern Kentucky
2011,2630,UT Martin Skyhawks,UT Martin,Ohio Valley Conference,ovc,Tennessee Martin
2011,2197,Eastern Illinois Panthers,Eastern Illinois,Ohio Valley Conference,ovc,Eastern Illinois
2011,55,Jacksonville State Gamecocks,Jacksonville State,Ohio Valley Conference,ovc,Jacksonville St.
2011,2046,Austin Peay Governors,Austin Peay,Ohio Valley Conference,ovc,Austin Peay
2011,2546,Southeast Missouri State Redhawks,Southeast Missouri State,Ohio Valley Conference,ovc,Southeast Missouri St.
2011,12,Arizona Wildcats,Arizona,Pac-12 Conference,pac12,Arizona
2011,26,UCLA Bruins,UCLA,Pac-12 Conference,pac12,UCLA
2011,264,Washington Huskies,Washington,Pac-12 Conference,pac12,Washington
2011,30,USC Trojans,USC,Pac-12 Conference,pac12,USC
2011,265,Washington State Cougars,Washington State,Pac-12 Conference,pac12,Washington St.
2011,2483,Oregon Ducks,Oregon,Pac-12 Conference,pac12,Oregon
2011,204,Oregon State Beavers,Oregon State,Pac-12 Conference,pac12,Oregon St.
2011,9,Arizona State Sun Devils,Arizona State,Pac-12 Conference,pac12,Arizona St.
2011,25,California Golden Bears,California,Pac-12 Conference,pac12,California
2011,24,Stanford Cardinal,Stanford,Pac-12 Conference,pac12,Stanford
2011,2083,Bucknell Bison,Bucknell,Patriot League,pat,Bucknell
2011,44,American University Eagles,American University,Patriot League,pat,American
2011,107,Holy Cross Crusaders,Holy Cross,Patriot League,pat,Holy Cross
2011,2329,Lehigh Mountain Hawks,Lehigh,Patriot League,pat,Lehigh
2011,2142,Colgate Raiders,Colgate,Patriot League,pat,Colgate
2011,349,Army Black Knights,Army,Patriot League,pat,Army
2011,322,Lafayette Leopards,Lafayette,Patriot League,pat,Lafayette
2011,2426,Navy Midshipmen,Navy,Patriot League,pat,Navy
2011,57,Florida Gators,Florida,Southeastern Conference,sece,Florida
2011,96,Kentucky Wildcats,Kentucky,Southeastern Conference,sece,Kentucky
2011,61,Georgia Bulldogs,Georgia,Southeastern Conference,sece,Georgia
2011,238,Vanderbilt Commodores,Vanderbilt,Southeastern Conference,sece,Vanderbilt
2011,2633,Tennessee Volunteers,Tennessee,Southeastern Conference,sece,Tennessee
2011,2579,South Carolina Gamecocks,South Carolina,Southeastern Conference,sece,South Carolina
2011,333,Alabama Crimson Tide,Alabama,Southeastern Conference,secw,Alabama
2011,344,Mississippi State Bulldogs,Mississippi State,Southeastern Conference,secw,Mississippi St.
2011,8,Arkansas Razorbacks,Arkansas,Southeastern Conference,secw,Arkansas
2011,145,Ole Miss Rebels,Ole Miss,Southeastern Conference,secw,Mississippi
2011,2,Auburn Tigers,Auburn,Southeastern Conference,secw,Auburn
2011,99,LSU Tigers,LSU,Southeastern Conference,secw,LSU
2011,236,Chattanooga Mocs,Chattanooga,Southern Conference,southn,Chattanooga
2011,2717,Western Carolina Catamounts,Western Carolina,Southern Conference,southn,Western Carolina
2011,2026,App State Mountaineers,App State,Southern Conference,southn,Appalachian St.
2011,2210,Elon Phoenix,Elon,Southern Conference,southn,Elon
2011,2430,UNC Greensboro Spartans,UNC Greensboro,Southern Conference,southn,UNC Greensboro
2011,2535,Samford Bulldogs,Samford,Southern Conference,southn,Samford
2011,2747,Wofford Terriers,Wofford,Southern Conference,souths,Wofford
2011,232,Charleston Cougars,Charleston,Southern Conference,souths,Charleston
2011,231,Furman Paladins,Furman,Southern Conference,souths,Furman
2011,2166,Davidson Wildcats,Davidson,Southern Conference,souths,Davidson
2011,2643,The Citadel Bulldogs,The Citadel,Southern Conference,souths,The Citadel
2011,290,Georgia Southern Eagles,Georgia Southern,Southern Conference,souths,Georgia Southern
2011,2377,McNeese Cowboys,McNeese,Southland Conference,lande,McNeese St.
2011,2466,Northwestern State Demons,Northwestern State,Southland Conference,lande,Northwestern St.
2011,2545,SE Louisiana Lions,SE Louisiana,Southland Conference,lande,Southeastern Louisiana
2011,2447,Nicholls Colonels,Nicholls,Southland Conference,lande,Nicholls St.
2011,2320,Lamar Cardinals,Lamar,Southland Conference,lande,Lamar
2011,2110,Central Arkansas Bears,Central Arkansas,Southland Conference,lande,Central Arkansas
2011,2534,Sam Houston Bearkats,Sam Houston,Southland Conference,landw,Sam Houston St.
2011,326,Texas State Bobcats,Texas State,Southland Conference,landw,Texas St.
2011,2636,UTSA Roadrunners,UTSA,Southland Conference,landw,UTSA
2011,2617,Stephen F. Austin Lumberjacks,Stephen F. Austin,Southland Conference,landw,Stephen F. Austin
2011,250,UT Arlington Mavericks,UT Arlington,Southland Conference,landw,UT Arlington
2011,357,Texas A&M-Corpus Christi Islanders,Texas A&M-Corpus Christi,Southland Conference,landw,Texas A&M Corpus Chris
2011,2640,Texas Southern Tigers,Texas Southern,Southwestern Athletic Conference,swac,Texas Southern
2011,2296,Jackson State Tigers,Jackson State,Southwestern Athletic Conference,swac,Jackson St.
2011,2011,Alabama State Hornets,Alabama State,Southwestern Athletic Conference,swac,Alabama St.
2011,2010,Alabama A&M Bulldogs,Alabama A&M,Southwestern Athletic Conference,swac,Alabama A&M
2011,2755,Grambling Tigers,Grambling,Southwestern Athletic Conference,swac,Grambling St.
2011,2504,Prairie View A&M Panthers,Prairie View A&M,Southwestern Athletic Conference,swac,Prairie View A&M
2011,2016,Alcorn State Braves,Alcorn State,Southwestern Athletic Conference,swac,Alcorn St.
2011,2582,Southern Jaguars,Southern,Southwestern Athletic Conference,swac,Southern
2011,2400,Mississippi Valley State Delta Devils,Mississippi Valley State,Southwestern Athletic Conference,swac,Mississippi Valley St.
2011,2029,Arkansas-Pine Bluff Golden Lions,Arkansas-Pine Bluff,Southwestern Athletic Conference,swac,Arkansas Pine Bluff
2011,2473,Oakland Golden Grizzlies,Oakland,Summit League,summ,Oakland
2011,198,Oral Roberts Golden Eagles,Oral Roberts,Summit League,summ,Oral Roberts
2011,85,IU Indianapolis Jaguars,IU Indianapolis,Summit League,summ,IU Indy
2011,2870,Purdue Fort Wayne Mastodons,Purdue Fort Wayne,Summit League,summ,Purdue Fort Wayne
2011,2571,South Dakota State Jackrabbits,South Dakota State,Summit League,summ,South Dakota St.
2011,140,Kansas City Roos,Kansas City,Summit League,summ,UMKC
2011,2449,North Dakota State Bison,North Dakota State,Summit League,summ,North Dakota St.
2011,253,Southern Utah Thunderbirds,Southern Utah,Summit League,summ,Southern Utah
2011,2710,Western Illinois Leathernecks,Western Illinois,Summit League,summ,Western Illinois
2011,2113,Centenary (LA) Gentlemen,Centenary (LA),Summit League,summ,Centenary
2011,2226,Florida Atlantic Owls,Florida Atlantic,Sun Belt Conference,belte,Florida Atlantic
2011,2393,Middle Tennessee Blue Raiders,Middle Tennessee,Sun Belt Conference,belte,Middle Tennessee
2011,98,Western Kentucky Hilltoppers,Western Kentucky,Sun Belt Conference,belte,Western Kentucky
2011,2653,Troy Trojans,Troy,Sun Belt Conference,belte,Troy
2011,6,South Alabama Jaguars,South Alabama,Sun Belt Conference,belte,South Alabama
2011,2229,Florida International Panthers,Florida International,Sun Belt Conference,belte,FIU
2011,309,Louisiana Ragin' Cajuns,Louisiana,Sun Belt Conference,beltw,Louisiana
2011,2032,Arkansas State Red Wolves,Arkansas State,Sun Belt Conference,beltw,Arkansas St.
2011,2172,Denver Pioneers,Denver,Sun Belt Conference,beltw,Denver
2011,249,North Texas Mean Green,North Texas,Sun Belt Conference,beltw,North Texas
2011,2031,Little Rock Trojans,Little Rock,Sun Belt Conference,beltw,Little Rock
2011,2433,UL Monroe Warhawks,UL Monroe,Sun Belt Conference,beltw,Louisiana Monroe
2011,2608,Saint Mary's Gaels,Saint Mary's,West Coast Conference,wcc,Saint Mary's
2011,2539,San Francisco Dons,San Francisco,West Coast Conference,wcc,San Francisco
2011,2541,Santa Clara Broncos,Santa Clara,West Coast Conference,wcc,Santa Clara
2011,2501,Portland Pilots,Portland,West Coast Conference,wcc,Portland
2011,2492,Pepperdine Waves,Pepperdine,West Coast Conference,wcc,Pepperdine
2011,2351,Loyola Marymount Lions,Loyola Marymount,West Coast Conference,wcc,Loyola Marymount
2011,2250,Gonzaga Bulldogs,Gonzaga,West Coast Conference,wcc,Gonzaga
2011,301,San Diego Toreros,San Diego,West Coast Conference,wcc,San Diego
2011,328,Utah State Aggies,Utah State,Western Athletic Conference,wac,Utah St.
2011,68,Boise State Broncos,Boise State,Western Athletic Conference,wac,Boise St.
2011,70,Idaho Vandals,Idaho,Western Athletic Conference,wac,Idaho
2011,62,Hawai'i Rainbow Warriors,Hawai'i,Western Athletic Conference,wac,Hawaii
2011,278,Fresno State Bulldogs,Fresno State,Western Athletic Conference,wac,Fresno St.
2011,23,San José State Spartans,San José State,Western Athletic Conference,wac,San Jose St.
2011,2348,Louisiana Tech Bulldogs,Louisiana Tech,Western Athletic Conference,wac,Louisiana Tech
2011,166,New Mexico State Aggies,New Mexico State,Western Athletic Conference,wac,New Mexico St.
2011,2440,Nevada Wolf Pack,Nevada,Western Athletic Conference,wac,Nevada
2012,2057,Belmont Bruins,Belmont,ASUN Conference,a-sun,Belmont
2012,2382,Mercer Bears,Mercer,ASUN Conference,a-sun,Mercer
2012,2193,East Tennessee State Buccaneers,East Tennessee State,ASUN Conference,a-sun,East Tennessee St.
2012,526,Florida Gulf Coast Eagles,Florida Gulf Coast,ASUN Conference,a-sun,Florida Gulf Coast
2012,56,Stetson Hatters,Stetson,ASUN Conference,a-sun,Stetson
2012,338,Kennesaw State Owls,Kennesaw State,ASUN Conference,a-sun,Kennesaw St.
2012,2908,South Carolina Upstate Spartans,South Carolina Upstate,ASUN Conference,a-sun,USC Upstate
2012,2454,North Florida Ospreys,North Florida,ASUN Conference,a-sun,North Florida
2012,288,Lipscomb Bisons,Lipscomb,ASUN Conference,a-sun,Lipscomb
2012,294,Jacksonville Dolphins,Jacksonville,ASUN Conference,a-sun,Jacksonville
2012,2619,Stony Brook Seawolves,Stony Brook,America East Conference,aeast,Stony Brook
2012,261,Vermont Catamounts,Vermont,America East Conference,aeast,Vermont
2012,104,Boston University Terriers,Boston University,America East Conference,aeast,Boston University
2012,399,UAlbany Great Danes,UAlbany,America East Conference,aeast,Albany
2012,160,New Hampshire Wildcats,New Hampshire,America East Conference,aeast,New Hampshire
2012,311,Maine Black Bears,Maine,America East Conference,aeast,Maine
2012,2378,UMBC Retrievers,UMBC,America East Conference,aeast,UMBC
2012,2066,Binghamton Bearcats,Binghamton,America East Conference,aeast,Binghamton
2012,42,Hartford Hawks,Hartford,America East Conference,aeast,Hartford
2012,218,Temple Owls,Temple,Atlantic 10 Conference,atl10,Temple
2012,139,Saint Louis Billikens,Saint Louis,Atlantic 10 Conference,atl10,Saint Louis
2012,2752,Xavier Musketeers,Xavier,Atlantic 10 Conference,atl10,Xavier
2012,113,Massachusetts Minutemen,Massachusetts,Atlantic 10 Conference,atl10,Massachusetts
2012,2184,Duquesne Dukes,Duquesne,Atlantic 10 Conference,atl10,Duquesne
2012,2429,Charlotte 49ers,Charlotte,Atlantic 10 Conference,atl10,Charlotte
2012,227,Rhode Island Rams,Rhode Island,Atlantic 10 Conference,atl10,Rhode Island
2012,2230,Fordham Rams,Fordham,Atlantic 10 Conference,atl10,Fordham
2012,179,St. Bonaventure Bonnies,St. Bonaventure,Atlantic 10 Conference,atl10,St. Bonaventure
2012,2325,La Salle Explorers,La Salle,Atlantic 10 Conference,atl10,La Salle
2012,257,Richmond Spiders,Richmond,Atlantic 10 Conference,atl10,Richmond
2012,45,George Washington Revolutionaries,George Washington,Atlantic 10 Conference,atl10,George Washington
2012,2168,Dayton Flyers,Dayton,Atlantic 10 Conference,atl10,Dayton
2012,2603,Saint Joseph's Hawks,Saint Joseph's,Atlantic 10 Conference,atl10,Saint Joseph's
2012,153,North Carolina Tar Heels,North Carolina,Atlantic Coast Conference,acc,North Carolina
2012,150,Duke Blue Devils,Duke,Atlantic Coast Conference,acc,Duke
2012,52,Florida State Seminoles,Florida State,Atlantic Coast Conference,acc,Florida St.
2012,258,Virginia Cavaliers,Virginia,Atlantic Coast Conference,acc,Virginia
2012,228,Clemson Tigers,Clemson,Atlantic Coast Conference,acc,Clemson
2012,120,Maryland Terrapins,Maryland,Atlantic Coast Conference,acc,Maryland
2012,259,Virginia Tech Hokies,Virginia Tech,Atlantic Coast Conference,acc,Virginia Tech
2012,152,NC State Wolfpack,NC State,Atlantic Coast Conference,acc,N.C. State
2012,154,Wake Forest Demon Deacons,Wake Forest,Atlantic Coast Conference,acc,Wake Forest
2012,2390,Miami Hurricanes,Miami,Atlantic Coast Conference,acc,Miami FL
2012,59,Georgia Tech Yellow Jackets,Georgia Tech,Atlantic Coast Conference,acc,Georgia Tech
2012,103,Boston College Eagles,Boston College,Atlantic Coast Conference,acc,Boston College
2012,2305,Kansas Jayhawks,Kansas,Big 12 Conference,big12,Kansas
2012,142,Missouri Tigers,Missouri,Big 12 Conference,big12,Missouri
2012,239,Baylor Bears,Baylor,Big 12 Conference,big12,Baylor
2012,2306,Kansas State Wildcats,Kansas State,Big 12 Conference,big12,Kansas St.
2012,251,Texas Longhorns,Texas,Big 12 Conference,big12,Texas
2012,197,Oklahoma State Cowboys,Oklahoma State,Big 12 Conference,big12,Oklahoma St.
2012,201,Oklahoma Sooners,Oklahoma,Big 12 Conference,big12,Oklahoma
2012,245,Texas A&M Aggies,Texas A&M,Big 12 Conference,big12,Texas A&M
2012,2641,Texas Tech Red Raiders,Texas Tech,Big 12 Conference,big12,Texas Tech
2012,66,Iowa State Cyclones,Iowa State,Big 12 Conference,big12,Iowa St.
2012,183,Syracuse Orange,Syracuse,Big East Conference,bige,Syracuse
2012,269,Marquette Golden Eagles,Marquette,Big East Conference,bige,Marquette
2012,87,Notre Dame Fighting Irish,Notre Dame,Big East Conference,bige,Notre Dame
2012,46,Georgetown Hoyas,Georgetown,Big East Conference,bige,Georgetown
2012,97,Louisville Cardinals,Louisville,Big East Conference,bige,Louisville
2012,277,West Virginia Mountaineers,West Virginia,Big East Conference,bige,West Virginia
2012,2550,Seton Hall Pirates,Seton Hall,Big East Conference,bige,Seton Hall
2012,164,Rutgers Scarlet Knights,Rutgers,Big East Conference,bige,Rutgers
2012,221,Pittsburgh Panthers,Pittsburgh,Big East Conference,bige,Pittsburgh
2012,2507,Providence Friars,Providence,Big East Conference,bige,Providence
2012,305,DePaul Blue Demons,DePaul,Big East Conference,bige,DePaul
2012,2132,Cincinnati Bearcats,Cincinnati,Big East Conference,bige,Cincinnati
2012,41,UConn Huskies,UConn,Big East Conference,bige,Connecticut
2012,2599,St. John's Red Storm,St. John's,Big East Conference,bige,St. John's
2012,222,Villanova Wildcats,Villanova,Big East Conference,bige,Villanova
2012,58,South Florida Bulls,South Florida,Big East Conference,bige,South Florida
2012,149,Montana Grizzlies,Montana,Big Sky Conference,bsky,Montana
2012,2692,Weber State Wildcats,Weber State,Big Sky Conference,bsky,Weber St.
2012,2502,Portland State Vikings,Portland State,Big Sky Conference,bsky,Portland St.
2012,331,Eastern Washington Eagles,Eastern Washington,Big Sky Conference,bsky,Eastern Washington
2012,147,Montana State Bobcats,Montana State,Big Sky Conference,bsky,Montana St.
2012,16,Sacramento State Hornets,Sacramento State,Big Sky Conference,bsky,Sacramento St.
2012,2464,Northern Arizona Lumberjacks,Northern Arizona,Big Sky Conference,bsky,Northern Arizona
2012,304,Idaho State Bengals,Idaho State,Big Sky Conference,bsky,Idaho St.
2012,2458,Northern Colorado Bears,Northern Colorado,Big Sky Conference,bsky,Northern Colorado
2012,2427,UNC Asheville Bulldogs,UNC Asheville,Big South Conference,bsou,UNC Asheville
2012,324,Coastal Carolina Chanticleers,Coastal Carolina,Big South Conference,bsou,Coastal Carolina
2012,2127,Charleston Southern Buccaneers,Charleston Southern,Big South Conference,bsou,Charleston Southern
2012,2335,Liberty Flames,Liberty,Big South Conference,bsou,Liberty
2012,2678,VMI Keydets,VMI,Big South Conference,bsou,VMI
2012,2241,Gardner-Webb Runnin' Bulldogs,Gardner-Webb,Big South Conference,bsou,Gardner Webb
2012,2515,Radford Highlanders,Radford,Big South Conference,bsou,Radford
2012,2097,Campbell Fighting Camels,Campbell,Big South Conference,bsou,Campbell
2012,2506,Presbyterian Blue Hose,Presbyterian,Big South Conference,bsou,Presbyterian
2012,2272,High Point Panthers,High Point,Big South Conference,bsou,High Point
2012,2737,Winthrop Eagles,Winthrop,Big South Conference,bsou,Winthrop
2012,194,Ohio State Buckeyes,Ohio State,Big Ten Conference,big10,Ohio St.
2012,275,Wisconsin Badgers,Wisconsin,Big Ten Conference,big10,Wisconsin
2012,84,Indiana Hoosiers,Indiana,Big Ten Conference,big10,Indiana
2012,2509,Purdue Boilermakers,Purdue,Big Ten Conference,big10,Purdue
2012,77,Northwestern Wildcats,Northwestern,Big Ten Conference,big10,Northwestern
2012,135,Minnesota Golden Gophers,Minnesota,Big Ten Conference,big10,Minnesota
2012,158,Nebraska Cornhuskers,Nebraska,Big Ten Conference,big10,Nebraska
2012,127,Michigan State Spartans,Michigan State,Big Ten Conference,big10,Michigan St.
2012,2294,Iowa Hawkeyes,Iowa,Big Ten Conference,big10,Iowa
2012,356,Illinois Fighting Illini,Illinois,Big Ten Conference,big10,Illinois
2012,213,Penn State Nittany Lions,Penn State,Big Ten Conference,big10,Penn St.
2012,130,Michigan Wolverines,Michigan,Big Ten Conference,big10,Michigan
2012,299,Long Beach State Beach,Long Beach State,Big West Conference,bigw,Long Beach St.
2012,2239,Cal State Fullerton Titans,Cal State Fullerton,Big West Conference,bigw,Cal St. Fullerton
2012,13,Cal Poly Mustangs,Cal Poly,Big West Conference,bigw,Cal Poly
2012,27,UC Riverside Highlanders,UC Riverside,Big West Conference,bigw,UC Riverside
2012,300,UC Irvine Anteaters,UC Irvine,Big West Conference,bigw,UC Irvine
2012,2463,Cal State Northridge Matadors,Cal State Northridge,Big West Conference,bigw,Cal St. Northridge
2012,2540,UC Santa Barbara Gauchos,UC Santa Barbara,Big West Conference,bigw,UC Santa Barbara
2012,279,Pacific Tigers,Pacific,Big West Conference,bigw,Pacific
2012,302,UC Davis Aggies,UC Davis,Big West Conference,bigw,UC Davis
2012,2182,Drexel Dragons,Drexel,Coastal Athletic Association,col,Drexel
2012,2670,VCU Rams,VCU,Coastal Athletic Association,col,VCU
2012,2244,George Mason Patriots,George Mason,Coastal Athletic Association,col,George Mason
2012,295,Old Dominion Monarchs,Old Dominion,Coastal Athletic Association,col,Old Dominion
2012,48,Delaware Blue Hens,Delaware,Coastal Athletic Association,col,Delaware
2012,2247,Georgia State Panthers,Georgia State,Coastal Athletic Association,col,Georgia St.
2012,111,Northeastern Huskies,Northeastern,Coastal Athletic Association,col,Northeastern
2012,256,James Madison Dukes,James Madison,Coastal Athletic Association,col,James Madison
2012,2729,William & Mary Tribe,William & Mary,Coastal Athletic Association,col,William & Mary
2012,2275,Hofstra Pride,Hofstra,Coastal Athletic Association,col,Hofstra
2012,119,Towson Tigers,Towson,Coastal Athletic Association,col,Towson
2012,350,UNC Wilmington Seahawks,UNC Wilmington,Coastal Athletic Association,col,UNC Wilmington
2012,235,Memphis Tigers,Memphis,Conference USA,usa,Memphis
2012,2572,Southern Miss Golden Eagles,Southern Miss,Conference USA,usa,Southern Miss
2012,2116,UCF Knights,UCF,Conference USA,usa,UCF
2012,276,Marshall Thundering Herd,Marshall,Conference USA,usa,Marshall
2012,242,Rice Owls,Rice,Conference USA,usa,Rice
2012,248,Houston Cougars,Houston,Conference USA,usa,Houston
2012,151,East Carolina Pirates,East Carolina,Conference USA,usa,East Carolina
2012,2567,SMU Mustangs,SMU,Conference USA,usa,SMU
2012,2655,Tulane Green Wave,Tulane,Conference USA,usa,Tulane
2012,202,Tulsa Golden Hurricane,Tulsa,Conference USA,usa,Tulsa
2012,5,UAB Blazers,UAB,Conference USA,usa,UAB
2012,2638,UTEP Miners,UTEP,Conference USA,usa,UTEP
2012,2547,Seattle U Redhawks,Seattle U,Division I Independents,ind,Seattle
2012,2344,Longwood Lancers,Longwood,Division I Independents,ind,Longwood
2012,2934,Cal State Bakersfield Roadrunners,Cal State Bakersfield,Division I Independents,ind,Cal St. Bakersfield
2012,3084,Utah Valley Wolverines,Utah Valley,Great West,grw,Utah Valley
2012,155,North Dakota Fighting Hawks,North Dakota,Great West,grw,North Dakota
2012,2885,NJIT Highlanders,NJIT,Great West,grw,NJIT
2012,2277,Houston Christian Huskies,Houston Christian,Great West,grw,Houston Christian
2012,2130,Chicago State Cougars,Chicago State,Great West,grw,Chicago St.
2012,292,UT Rio Grande Valley Vaqueros,UT Rio Grande Valley,Great West,grw,UT Rio Grande Valley
2012,2674,Valparaiso Beacons,Valparaiso,Horizon League,hor,Valparaiso
2012,325,Cleveland State Vikings,Cleveland State,Horizon League,hor,Cleveland St.
2012,2174,Detroit Mercy Titans,Detroit Mercy,Horizon League,hor,Detroit Mercy
2012,2754,Youngstown State Penguins,Youngstown State,Horizon League,hor,Youngstown St.
2012,2750,Wright State Raiders,Wright State,Horizon League,hor,Wright St.
2012,82,UIC Flames,UIC,Horizon League,hor,Illinois Chicago
2012,2350,Loyola Chicago Ramblers,Loyola Chicago,Horizon League,hor,Loyola Chicago
2012,2086,Butler Bulldogs,Butler,Horizon League,hor,Butler
2012,2739,Green Bay Phoenix,Green Bay,Horizon League,hor,Green Bay
2012,270,Milwaukee Panthers,Milwaukee,Horizon League,hor,Milwaukee
2012,108,Harvard Crimson,Harvard,Ivy League,ivy,Harvard
2012,219,Pennsylvania Quakers,Pennsylvania,Ivy League,ivy,Penn
2012,163,Princeton Tigers,Princeton,Ivy League,ivy,Princeton
2012,43,Yale Bulldogs,Yale,Ivy League,ivy,Yale
2012,172,Cornell Big Red,Cornell,Ivy League,ivy,Cornell
2012,171,Columbia Lions,Columbia,Ivy League,ivy,Columbia
2012,225,Brown Bears,Brown,Ivy League,ivy,Brown
2012,159,Dartmouth Big Green,Dartmouth,Ivy League,ivy,Dartmouth
2012,314,Iona Gaels,Iona,Metro Atlantic Athletic Conference,maac,Iona
2012,2352,Loyola Maryland Greyhounds,Loyola Maryland,Metro Atlantic Athletic Conference,maac,Loyola MD
2012,2217,Fairfield Stags,Fairfield,Metro Atlantic Athletic Conference,maac,Fairfield
2012,2520,Rider Broncs,Rider,Metro Atlantic Athletic Conference,maac,Rider
2012,2561,Siena Saints,Siena,Metro Atlantic Athletic Conference,maac,Siena
2012,2368,Marist Red Foxes,Marist,Metro Atlantic Athletic Conference,maac,Marist
2012,2612,Saint Peter's Peacocks,Saint Peter's,Metro Atlantic Athletic Conference,maac,Saint Peter's
2012,2099,Canisius Golden Griffins,Canisius,Metro Atlantic Athletic Conference,maac,Canisius
2012,2363,Manhattan Jaspers,Manhattan,Metro Atlantic Athletic Conference,maac,Manhattan
2012,315,Niagara Purple Eagles,Niagara,Metro Atlantic Athletic Conference,maac,Niagara
2012,2006,Akron Zips,Akron,Mid-American Conference,midame,Akron
2012,2084,Buffalo Bulls,Buffalo,Mid-American Conference,midame,Buffalo
2012,195,Ohio Bobcats,Ohio,Mid-American Conference,midame,Ohio
2012,2309,Kent State Golden Flashes,Kent State,Mid-American Conference,midame,Kent St.
2012,189,Bowling Green Falcons,Bowling Green,Mid-American Conference,midame,Bowling Green
2012,193,Miami (OH) RedHawks,Miami (OH),Mid-American Conference,midame,Miami OH
2012,2199,Eastern Michigan Eagles,Eastern Michigan,Mid-American Conference,midamw,Eastern Michigan
2012,2649,Toledo Rockets,Toledo,Mid-American Conference,midamw,Toledo
2012,2711,Western Michigan Broncos,Western Michigan,Mid-American Conference,midamw,Western Michigan
2012,2050,Ball State Cardinals,Ball State,Mid-American Conference,midamw,Ball St.
2012,2117,Central Michigan Chippewas,Central Michigan,Mid-American Conference,midamw,Central Michigan
2012,2459,Northern Illinois Huskies,Northern Illinois,Mid-American Conference,midamw,Northern Illinois
2012,2542,Savannah State Tigers,Savannah State,Mid-Eastern Athletic Conference,meac,Savannah St.
2012,2450,Norfolk State Spartans,Norfolk State,Mid-Eastern Athletic Conference,meac,Norfolk St.
2012,2169,Delaware State Hornets,Delaware State,Mid-Eastern Athletic Conference,meac,Delaware St.
2012,2065,Bethune-Cookman Wildcats,Bethune-Cookman,Mid-Eastern Athletic Conference,meac,Bethune Cookman
2012,2428,North Carolina Central Eagles,North Carolina Central,Mid-Eastern Athletic Conference,meac,North Carolina Central
2012,2154,Coppin State Eagles,Coppin State,Mid-Eastern Athletic Conference,meac,Coppin St.
2012,2448,North Carolina A&T Aggies,North Carolina A&T,Mid-Eastern Athletic Conference,meac,North Carolina A&T
2012,2261,Hampton Pirates,Hampton,Mid-Eastern Athletic Conference,meac,Hampton
2012,2379,Maryland Eastern Shore Hawks,Maryland Eastern Shore,Mid-Eastern Athletic Conference,meac,Maryland Eastern Shore
2012,2569,South Carolina State Bulldogs,South Carolina State,Mid-Eastern Athletic Conference,meac,South Carolina St.
2012,47,Howard Bison,Howard,Mid-Eastern Athletic Conference,meac,Howard
2012,2415,Morgan State Bears,Morgan State,Mid-Eastern Athletic Conference,meac,Morgan St.
2012,50,Florida A&M Rattlers,Florida A&M,Mid-Eastern Athletic Conference,meac,Florida A&M
2012,2724,Wichita State Shockers,Wichita State,Missouri Valley Conference,mvc,Wichita St.
2012,156,Creighton Bluejays,Creighton,Missouri Valley Conference,mvc,Creighton
2012,2287,Illinois State Redbirds,Illinois State,Missouri Valley Conference,mvc,Illinois St.
2012,282,Indiana State Sycamores,Indiana State,Missouri Valley Conference,mvc,Indiana St.
2012,79,Southern Illinois Salukis,Southern Illinois,Missouri Valley Conference,mvc,Southern Illinois
2012,71,Bradley Braves,Bradley,Missouri Valley Conference,mvc,Bradley
2012,2460,Northern Iowa Panthers,Northern Iowa,Missouri Valley Conference,mvc,Northern Iowa
2012,2181,Drake Bulldogs,Drake,Missouri Valley Conference,mvc,Drake
2012,339,Evansville Purple Aces,Evansville,Missouri Valley Conference,mvc,Evansville
2012,2623,Missouri State Bears,Missouri State,Missouri Valley Conference,mvc,Missouri St.
2012,167,New Mexico Lobos,New Mexico,Mountain West Conference,mwest,New Mexico
2012,2439,UNLV Rebels,UNLV,Mountain West Conference,mwest,UNLV
2012,36,Colorado State Rams,Colorado State,Mountain West Conference,mwest,Colorado St.
2012,2628,TCU Horned Frogs,TCU,Mountain West Conference,mwest,TCU
2012,2751,Wyoming Cowboys,Wyoming,Mountain West Conference,mwest,Wyoming
2012,2005,Air Force Falcons,Air Force,Mountain West Conference,mwest,Air Force
2012,21,San Diego State Aztecs,San Diego State,Mountain West Conference,mwest,San Diego St.
2012,68,Boise State Broncos,Boise State,Mountain West Conference,mwest,Boise St.
2012,112358,Long Island University Sharks,Long Island University,Northeast Conference,neast,LIU
2012,2681,Wagner Seahawks,Wagner,Northeast Conference,neast,Wagner
2012,2523,Robert Morris Colonials,Robert Morris,Northeast Conference,neast,Robert Morris
2012,2597,St. Francis Brooklyn Terriers,St. Francis Brooklyn,Northeast Conference,neast,St. Francis NY
2012,2514,Quinnipiac Bobcats,Quinnipiac,Northeast Conference,neast,Quinnipiac
2012,2529,Sacred Heart Pioneers,Sacred Heart,Northeast Conference,neast,Sacred Heart
2012,116,Mount St. Mary's Mountaineers,Mount St. Mary's,Northeast Conference,neast,Mount St. Mary's
2012,2598,St. Francis (PA) Red Flash,St. Francis (PA),Northeast Conference,neast,Saint Francis
2012,161,Fairleigh Dickinson Knights,Fairleigh Dickinson,Northeast Conference,neast,Fairleigh Dickinson
2012,2803,Bryant Bulldogs,Bryant,Northeast Conference,neast,Bryant
2012,2115,Central Connecticut Blue Devils,Central Connecticut,Northeast Conference,neast,Central Connecticut
2012,2405,Monmouth Hawks,Monmouth,Northeast Conference,neast,Monmouth
2012,93,Murray State Racers,Murray State,Ohio Valley Conference,ovc,Murray St.
2012,2634,Tennessee State Tigers,Tennessee State,Ohio Valley Conference,ovc,Tennessee St.
2012,2413,Morehead State Eagles,Morehead State,Ohio Valley Conference,ovc,Morehead St.
2012,2635,Tennessee Tech Golden Eagles,Tennessee Tech,Ohio Valley Conference,ovc,Tennessee Tech
2012,55,Jacksonville State Gamecocks,Jacksonville State,Ohio Valley Conference,ovc,Jacksonville St.
2012,2198,Eastern Kentucky Colonels,Eastern Kentucky,Ohio Valley Conference,ovc,Eastern Kentucky
2012,2565,SIU Edwardsville Cougars,SIU Edwardsville,Ohio Valley Conference,ovc,SIU Edwardsville
2012,2197,Eastern Illinois Panthers,Eastern Illinois,Ohio Valley Conference,ovc,Eastern Illinois
2012,2630,UT Martin Skyhawks,UT Martin,Ohio Valley Conference,ovc,Tennessee Martin
2012,2546,Southeast Missouri State Redhawks,Southeast Missouri State,Ohio Valley Conference,ovc,Southeast Missouri St.
2012,2046,Austin Peay Governors,Austin Peay,Ohio Valley Conference,ovc,Austin Peay
2012,264,Washington Huskies,Washington,Pac-12 Conference,pac12,Washington
2012,2483,Oregon Ducks,Oregon,Pac-12 Conference,pac12,Oregon
2012,12,Arizona Wildcats,Arizona,Pac-12 Conference,pac12,Arizona
2012,38,Colorado Buffaloes,Colorado,Pac-12 Conference,pac12,Colorado
2012,24,Stanford Cardinal,Stanford,Pac-12 Conference,pac12,Stanford
2012,265,Washington State Cougars,Washington State,Pac-12 Conference,pac12,Washington St.
2012,9,Arizona State Sun Devils,Arizona State,Pac-12 Conference,pac12,Arizona St.
2012,254,Utah Utes,Utah,Pac-12 Conference,pac12,Utah
2012,30,USC Trojans,USC,Pac-12 Conference,pac12,USC
2012,25,California Golden Bears,California,Pac-12 Conference,pac12,California
2012,26,UCLA Bruins,UCLA,Pac-12 Conference,pac12,UCLA
2012,204,Oregon State Beavers,Oregon State,Pac-12 Conference,pac12,Oregon St.
2012,2083,Bucknell Bison,Bucknell,Patriot League,pat,Bucknell
2012,2329,Lehigh Mountain Hawks,Lehigh,Patriot League,pat,Lehigh
2012,44,American University Eagles,American University,Patriot League,pat,American
2012,107,Holy Cross Crusaders,Holy Cross,Patriot League,pat,Holy Cross
2012,322,Lafayette Leopards,Lafayette,Patriot League,pat,Lafayette
2012,349,Army Black Knights,Army,Patriot League,pat,Army
2012,2142,Colgate Raiders,Colgate,Patriot League,pat,Colgate
2012,2426,Navy Midshipmen,Navy,Patriot League,pat,Navy
2012,96,Kentucky Wildcats,Kentucky,Southeastern Conference,sec,Kentucky
2012,57,Florida Gators,Florida,Southeastern Conference,sec,Florida
2012,333,Alabama Crimson Tide,Alabama,Southeastern Conference,sec,Alabama
2012,344,Mississippi State Bulldogs,Mississippi State,Southeastern Conference,sec,Mississippi St.
2012,99,LSU Tigers,LSU,Southeastern Conference,sec,LSU
2012,8,Arkansas Razorbacks,Arkansas,Southeastern Conference,sec,Arkansas
2012,2,Auburn Tigers,Auburn,Southeastern Conference,sec,Auburn
2012,2579,South Carolina Gamecocks,South Carolina,Southeastern Conference,sec,South Carolina
2012,238,Vanderbilt Commodores,Vanderbilt,Southeastern Conference,sec,Vanderbilt
2012,145,Ole Miss Rebels,Ole Miss,Southeastern Conference,sec,Mississippi
2012,61,Georgia Bulldogs,Georgia,Southeastern Conference,sec,Georgia
2012,2633,Tennessee Volunteers,Tennessee,Southeastern Conference,sec,Tennessee
2012,2430,UNC Greensboro Spartans,UNC Greensboro,Southern Conference,southn,UNC Greensboro
2012,2210,Elon Phoenix,Elon,Southern Conference,southn,Elon
2012,2535,Samford Bulldogs,Samford,Southern Conference,southn,Samford
2012,2717,Western Carolina Catamounts,Western Carolina,Southern Conference,southn,Western Carolina
2012,2026,App State Mountaineers,App State,Southern Conference,southn,Appalachian St.
2012,236,Chattanooga Mocs,Chattanooga,Southern Conference,southn,Chattanooga
2012,2166,Davidson Wildcats,Davidson,Southern Conference,souths,Davidson
2012,290,Georgia Southern Eagles,Georgia Southern,Southern Conference,souths,Georgia Southern
2012,2747,Wofford Terriers,Wofford,Southern Conference,souths,Wofford
2012,232,Charleston Cougars,Charleston,Southern Conference,souths,Charleston
2012,231,Furman Paladins,Furman,Southern Conference,souths,Furman
2012,2643,The Citadel Bulldogs,The Citadel,Southern Conference,souths,The Citadel
2012,2320,Lamar Cardinals,Lamar,Southland Conference,lande,Lamar
2012,2377,McNeese Cowboys,McNeese,Southland Conference,lande,McNeese St.
2012,2466,Northwestern State Demons,Northwestern State,Southland Conference,lande,Northwestern St.
2012,2447,Nicholls Colonels,Nicholls,Southland Conference,lande,Nicholls St.
2012,2545,SE Louisiana Lions,SE Louisiana,Southland Conference,lande,Southeastern Louisiana
2012,2110,Central Arkansas Bears,Central Arkansas,Southland Conference,lande,Central Arkansas
2012,250,UT Arlington Mavericks,UT Arlington,Southland Conference,landw,UT Arlington
2012,2617,Stephen F. Austin Lumberjacks,Stephen F. Austin,Southland Conference,landw,Stephen F. Austin
2012,2636,UTSA Roadrunners,UTSA,Southland Conference,landw,UTSA
2012,2534,Sam Houston Bearkats,Sam Houston,Southland Conference,landw,Sam Houston St.
2012,326,Texas State Bobcats,Texas State,Southland Conference,landw,Texas St.
2012,357,Texas A&M-Corpus Christi Islanders,Texas A&M-Corpus Christi,Southland Conference,landw,Texas A&M Corpus Chris
2012,2400,Mississippi Valley State Delta Devils,Mississippi Valley State,Southwestern Athletic Conference,swac,Mississippi Valley St.
2012,2582,Southern Jaguars,Southern,Southwestern Athletic Conference,swac,Southern
2012,2640,Texas Southern Tigers,Texas Southern,Southwestern Athletic Conference,swac,Texas Southern
2012,2504,Prairie View A&M Panthers,Prairie View A&M,Southwestern Athletic Conference,swac,Prairie View A&M
2012,2011,Alabama State Hornets,Alabama State,Southwestern Athletic Conference,swac,Alabama St.
2012,2016,Alcorn State Braves,Alcorn State,Southwestern Athletic Conference,swac,Alcorn St.
2012,2010,Alabama A&M Bulldogs,Alabama A&M,Southwestern Athletic Conference,swac,Alabama A&M
2012,2755,Grambling Tigers,Grambling,Southwestern Athletic Conference,swac,Grambling St.
2012,2029,Arkansas-Pine Bluff Golden Lions,Arkansas-Pine Bluff,Southwestern Athletic Conference,swac,Arkansas Pine Bluff
2012,2296,Jackson State Tigers,Jackson State,Southwestern Athletic Conference,swac,Jackson St.
2012,198,Oral Roberts Golden Eagles,Oral Roberts,Summit League,summ,Oral Roberts
2012,2571,South Dakota State Jackrabbits,South Dakota State,Summit League,summ,South Dakota St.
2012,2473,Oakland Golden Grizzlies,Oakland,Summit League,summ,Oakland
2012,2449,North Dakota State Bison,North Dakota State,Summit League,summ,North Dakota St.
2012,253,Southern Utah Thunderbirds,Southern Utah,Summit League,summ,Southern Utah
2012,85,IU Indianapolis Jaguars,IU Indianapolis,Summit League,summ,IU Indy
2012,2870,Purdue Fort Wayne Mastodons,Purdue Fort Wayne,Summit League,summ,Purdue Fort Wayne
2012,140,Kansas City Roos,Kansas City,Summit League,summ,UMKC
2012,2710,Western Illinois Leathernecks,Western Illinois,Summit League,summ,Western Illinois
2012,233,South Dakota Coyotes,South Dakota,Summit League,summ,South Dakota
2012,2393,Middle Tennessee Blue Raiders,Middle Tennessee,Sun Belt Conference,belte,Middle Tennessee
2012,6,South Alabama Jaguars,South Alabama,Sun Belt Conference,belte,South Alabama
2012,98,Western Kentucky Hilltoppers,Western Kentucky,Sun Belt Conference,belte,Western Kentucky
2012,2226,Florida Atlantic Owls,Florida Atlantic,Sun Belt Conference,belte,Florida Atlantic
2012,2229,Florida International Panthers,Florida International,Sun Belt Conference,belte,FIU
2012,2653,Troy Trojans,Troy,Sun Belt Conference,belte,Troy
2012,2031,Little Rock Trojans,Little Rock,Sun Belt Conference,beltw,Little Rock
2012,2172,Denver Pioneers,Denver,Sun Belt Conference,beltw,Denver
2012,309,Louisiana Ragin' Cajuns,Louisiana,Sun Belt Conference,beltw,Louisiana
2012,249,North Texas Mean Green,North Texas,Sun Belt Conference,beltw,North Texas
2012,2032,Arkansas State Red Wolves,Arkansas State,Sun Belt Conference,beltw,Arkansas St.
2012,2433,UL Monroe Warhawks,UL Monroe,Sun Belt Conference,beltw,Louisiana Monroe
2012,2608,Saint Mary's Gaels,Saint Mary's,West Coast Conference,wcc,Saint Mary's
2012,2250,Gonzaga Bulldogs,Gonzaga,West Coast Conference,wcc,Gonzaga
2012,252,BYU Cougars,BYU,West Coast Conference,wcc,BYU
2012,2351,Loyola Marymount Lions,Loyola Marymount,West Coast Conference,wcc,Loyola Marymount
2012,2539,San Francisco Dons,San Francisco,West Coast Conference,wcc,San Francisco
2012,301,San Diego Toreros,San Diego,West Coast Conference,wcc,San Diego
2012,2492,Pepperdine Waves,Pepperdine,West Coast Conference,wcc,Pepperdine
2012,2501,Portland Pilots,Portland,West Coast Conference,wcc,Portland
2012,2541,Santa Clara Broncos,Santa Clara,West Coast Conference,wcc,Santa Clara
2012,2440,Nevada Wolf Pack,Nevada,Western Athletic Conference,wac,Nevada
2012,166,New Mexico State Aggies,New Mexico State,Western Athletic Conference,wac,New Mexico St.
2012,70,Idaho Vandals,Idaho,Western Athletic Conference,wac,Idaho
2012,328,Utah State Aggies,Utah State,Western Athletic Conference,wac,Utah St.
2012,2348,Louisiana Tech Bulldogs,Louisiana Tech,Western Athletic Conference,wac,Louisiana Tech
2012,278,Fresno State Bulldogs,Fresno State,Western Athletic Conference,wac,Fresno St.
2012,23,San José State Spartans,San José State,Western Athletic Conference,wac,San Jose St.
2012,62,Hawai'i Rainbow Warriors,Hawai'i,Western Athletic Conference,wac,Hawaii
2013,2382,Mercer Bears,Mercer,ASUN Conference,a-sun,Mercer
2013,526,Florida Gulf Coast Eagles,Florida Gulf Coast,ASUN Conference,a-sun,Florida Gulf Coast
2013,56,Stetson Hatters,Stetson,ASUN Conference,a-sun,Stetson
2013,2908,South Carolina Upstate Spartans,South Carolina Upstate,ASUN Conference,a-sun,USC Upstate
2013,2454,North Florida Ospreys,North Florida,ASUN Conference,a-sun,North Florida
2013,288,Lipscomb Bisons,Lipscomb,ASUN Conference,a-sun,Lipscomb
2013,338,Kennesaw State Owls,Kennesaw State,ASUN Conference,a-sun,Kennesaw St.
2013,294,Jacksonville Dolphins,Jacksonville,ASUN Conference,a-sun,Jacksonville
2013,2193,East Tennessee State Buccaneers,East Tennessee State,ASUN Conference,a-sun,East Tennessee St.
2013,94,Northern Kentucky Norse,Northern Kentucky,ASUN Conference,a-sun,Northern Kentucky
2013,2619,Stony Brook Seawolves,Stony Brook,America East Conference,aeast,Stony Brook
2013,261,Vermont Catamounts,Vermont,America East Conference,aeast,Vermont
2013,42,Hartford Hawks,Hartford,America East Conference,aeast,Hartford
2013,399,UAlbany Great Danes,UAlbany,America East Conference,aeast,Albany
2013,311,Maine Black Bears,Maine,America East Conference,aeast,Maine
2013,160,New Hampshire Wildcats,New Hampshire,America East Conference,aeast,New Hampshire
2013,2066,Binghamton Bearcats,Binghamton,America East Conference,aeast,Binghamton
2013,104,Boston University Terriers,Boston University,America East Conference,aeast,Boston University
2013,2378,UMBC Retrievers,UMBC,America East Conference,aeast,UMBC
2013,139,Saint Louis Billikens,Saint Louis,Atlantic 10 Conference,atl10,Saint Louis
2013,2670,VCU Rams,VCU,Atlantic 10 Conference,atl10,VCU
2013,2086,Butler Bulldogs,Butler,Atlantic 10 Conference,atl10,Butler
2013,113,Massachusetts Minutemen,Massachusetts,Atlantic 10 Conference,atl10,Massachusetts
2013,2429,Charlotte 49ers,Charlotte,Atlantic 10 Conference,atl10,Charlotte
2013,2168,Dayton Flyers,Dayton,Atlantic 10 Conference,atl10,Dayton
2013,227,Rhode Island Rams,Rhode Island,Atlantic 10 Conference,atl10,Rhode Island
2013,2184,Duquesne Dukes,Duquesne,Atlantic 10 Conference,atl10,Duquesne
2013,2325,La Salle Explorers,La Salle,Atlantic 10 Conference,atl10,La Salle
2013,218,Temple Owls,Temple,Atlantic 10 Conference,atl10,Temple
2013,2752,Xavier Musketeers,Xavier,Atlantic 10 Conference,atl10,Xavier
2013,2603,Saint Joseph's Hawks,Saint Joseph's,Atlantic 10 Conference,atl10,Saint Joseph's
2013,179,St. Bonaventure Bonnies,St. Bonaventure,Atlantic 10 Conference,atl10,St. Bonaventure
2013,2230,Fordham Rams,Fordham,Atlantic 10 Conference,atl10,Fordham
2013,257,Richmond Spiders,Richmond,Atlantic 10 Conference,atl10,Richmond
2013,45,George Washington Revolutionaries,George Washington,Atlantic 10 Conference,atl10,George Washington
2013,2390,Miami Hurricanes,Miami,Atlantic Coast Conference,acc,Miami FL
2013,150,Duke Blue Devils,Duke,Atlantic Coast Conference,acc,Duke
2013,153,North Carolina Tar Heels,North Carolina,Atlantic Coast Conference,acc,North Carolina
2013,152,NC State Wolfpack,NC State,Atlantic Coast Conference,acc,N.C. State
2013,52,Florida State Seminoles,Florida State,Atlantic Coast Conference,acc,Florida St.
2013,120,Maryland Terrapins,Maryland,Atlantic Coast Conference,acc,Maryland
2013,103,Boston College Eagles,Boston College,Atlantic Coast Conference,acc,Boston College
2013,59,Georgia Tech Yellow Jackets,Georgia Tech,Atlantic Coast Conference,acc,Georgia Tech
2013,228,Clemson Tigers,Clemson,Atlantic Coast Conference,acc,Clemson
2013,259,Virginia Tech Hokies,Virginia Tech,Atlantic Coast Conference,acc,Virginia Tech
2013,258,Virginia Cavaliers,Virginia,Atlantic Coast Conference,acc,Virginia
2013,154,Wake Forest Demon Deacons,Wake Forest,Atlantic Coast Conference,acc,Wake Forest
2013,2305,Kansas Jayhawks,Kansas,Big 12 Conference,big12,Kansas
2013,197,Oklahoma State Cowboys,Oklahoma State,Big 12 Conference,big12,Oklahoma St.
2013,66,Iowa State Cyclones,Iowa State,Big 12 Conference,big12,Iowa St.
2013,239,Baylor Bears,Baylor,Big 12 Conference,big12,Baylor
2013,251,Texas Longhorns,Texas,Big 12 Conference,big12,Texas
2013,277,West Virginia Mountaineers,West Virginia,Big 12 Conference,big12,West Virginia
2013,2641,Texas Tech Red Raiders,Texas Tech,Big 12 Conference,big12,Texas Tech
2013,2628,TCU Horned Frogs,TCU,Big 12 Conference,big12,TCU
2013,2306,Kansas State Wildcats,Kansas State,Big 12 Conference,big12,Kansas St.
2013,201,Oklahoma Sooners,Oklahoma,Big 12 Conference,big12,Oklahoma
2013,97,Louisville Cardinals,Louisville,Big East Conference,bige,Louisville
2013,221,Pittsburgh Panthers,Pittsburgh,Big East Conference,bige,Pittsburgh
2013,183,Syracuse Orange,Syracuse,Big East Conference,bige,Syracuse
2013,41,UConn Huskies,UConn,Big East Conference,bige,Connecticut
2013,2132,Cincinnati Bearcats,Cincinnati,Big East Conference,bige,Cincinnati
2013,2599,St. John's Red Storm,St. John's,Big East Conference,bige,St. John's
2013,164,Rutgers Scarlet Knights,Rutgers,Big East Conference,bige,Rutgers
2013,2550,Seton Hall Pirates,Seton Hall,Big East Conference,bige,Seton Hall
2013,305,DePaul Blue Demons,DePaul,Big East Conference,bige,DePaul
2013,46,Georgetown Hoyas,Georgetown,Big East Conference,bige,Georgetown
2013,87,Notre Dame Fighting Irish,Notre Dame,Big East Conference,bige,Notre Dame
2013,222,Villanova Wildcats,Villanova,Big East Conference,bige,Villanova
2013,2507,Providence Friars,Providence,Big East Conference,bige,Providence
2013,58,South Florida Bulls,South Florida,Big East Conference,bige,South Florida
2013,269,Marquette Golden Eagles,Marquette,Big East Conference,bige,Marquette
2013,149,Montana Grizzlies,Montana,Big Sky Conference,bsky,Montana
2013,2692,Weber State Wildcats,Weber State,Big Sky Conference,bsky,Weber St.
2013,155,North Dakota Fighting Hawks,North Dakota,Big Sky Conference,bsky,North Dakota
2013,147,Montana State Bobcats,Montana State,Big Sky Conference,bsky,Montana St.
2013,16,Sacramento State Hornets,Sacramento State,Big Sky Conference,bsky,Sacramento St.
2013,331,Eastern Washington Eagles,Eastern Washington,Big Sky Conference,bsky,Eastern Washington
2013,2502,Portland State Vikings,Portland State,Big Sky Conference,bsky,Portland St.
2013,2458,Northern Colorado Bears,Northern Colorado,Big Sky Conference,bsky,Northern Colorado
2013,253,Southern Utah Thunderbirds,Southern Utah,Big Sky Conference,bsky,Southern Utah
2013,304,Idaho State Bengals,Idaho State,Big Sky Conference,bsky,Idaho St.
2013,2464,Northern Arizona Lumberjacks,Northern Arizona,Big Sky Conference,bsky,Northern Arizona
2013,2678,VMI Keydets,VMI,Big South Conference,bsoun,VMI
2013,2515,Radford Highlanders,Radford,Big South Conference,bsoun,Radford
2013,2272,High Point Panthers,High Point,Big South Conference,bsoun,High Point
2013,2097,Campbell Fighting Camels,Campbell,Big South Conference,bsoun,Campbell
2013,2335,Liberty Flames,Liberty,Big South Conference,bsoun,Liberty
2013,2344,Longwood Lancers,Longwood,Big South Conference,bsoun,Longwood
2013,2127,Charleston Southern Buccaneers,Charleston Southern,Big South Conference,bsous,Charleston Southern
2013,2241,Gardner-Webb Runnin' Bulldogs,Gardner-Webb,Big South Conference,bsous,Gardner Webb
2013,2427,UNC Asheville Bulldogs,UNC Asheville,Big South Conference,bsous,UNC Asheville
2013,324,Coastal Carolina Chanticleers,Coastal Carolina,Big South Conference,bsous,Coastal Carolina
2013,2737,Winthrop Eagles,Winthrop,Big South Conference,bsous,Winthrop
2013,2506,Presbyterian Blue Hose,Presbyterian,Big South Conference,bsous,Presbyterian
2013,84,Indiana Hoosiers,Indiana,Big Ten Conference,big10,Indiana
2013,194,Ohio State Buckeyes,Ohio State,Big Ten Conference,big10,Ohio St.
2013,130,Michigan Wolverines,Michigan,Big Ten Conference,big10,Michigan
2013,2294,Iowa Hawkeyes,Iowa,Big Ten Conference,big10,Iowa
2013,356,Illinois Fighting Illini,Illinois,Big Ten Conference,big10,Illinois
2013,158,Nebraska Cornhuskers,Nebraska,Big Ten Conference,big10,Nebraska
2013,77,Northwestern Wildcats,Northwestern,Big Ten Conference,big10,Northwestern
2013,213,Penn State Nittany Lions,Penn State,Big Ten Conference,big10,Penn St.
2013,127,Michigan State Spartans,Michigan State,Big Ten Conference,big10,Michigan St.
2013,275,Wisconsin Badgers,Wisconsin,Big Ten Conference,big10,Wisconsin
2013,135,Minnesota Golden Gophers,Minnesota,Big Ten Conference,big10,Minnesota
2013,2509,Purdue Boilermakers,Purdue,Big Ten Conference,big10,Purdue
2013,299,Long Beach State Beach,Long Beach State,Big West Conference,bigw,Long Beach St.
2013,279,Pacific Tigers,Pacific,Big West Conference,bigw,Pacific
2013,13,Cal Poly Mustangs,Cal Poly,Big West Conference,bigw,Cal Poly
2013,300,UC Irvine Anteaters,UC Irvine,Big West Conference,bigw,UC Irvine
2013,62,Hawai'i Rainbow Warriors,Hawai'i,Big West Conference,bigw,Hawaii
2013,302,UC Davis Aggies,UC Davis,Big West Conference,bigw,UC Davis
2013,2540,UC Santa Barbara Gauchos,UC Santa Barbara,Big West Conference,bigw,UC Santa Barbara
2013,2239,Cal State Fullerton Titans,Cal State Fullerton,Big West Conference,bigw,Cal St. Fullerton
2013,2463,Cal State Northridge Matadors,Cal State Northridge,Big West Conference,bigw,Cal St. Northridge
2013,27,UC Riverside Highlanders,UC Riverside,Big West Conference,bigw,UC Riverside
2013,111,Northeastern Huskies,Northeastern,Coastal Athletic Association,col,Northeastern
2013,119,Towson Tigers,Towson,Coastal Athletic Association,col,Towson
2013,256,James Madison Dukes,James Madison,Coastal Athletic Association,col,James Madison
2013,2244,George Mason Patriots,George Mason,Coastal Athletic Association,col,George Mason
2013,2182,Drexel Dragons,Drexel,Coastal Athletic Association,col,Drexel
2013,2729,William & Mary Tribe,William & Mary,Coastal Athletic Association,col,William & Mary
2013,350,UNC Wilmington Seahawks,UNC Wilmington,Coastal Athletic Association,col,UNC Wilmington
2013,2275,Hofstra Pride,Hofstra,Coastal Athletic Association,col,Hofstra
2013,295,Old Dominion Monarchs,Old Dominion,Coastal Athletic Association,col,Old Dominion
2013,48,Delaware Blue Hens,Delaware,Coastal Athletic Association,col,Delaware
2013,2247,Georgia State Panthers,Georgia State,Coastal Athletic Association,col,Georgia St.
2013,235,Memphis Tigers,Memphis,Conference USA,usa,Memphis
2013,2572,Southern Miss Golden Eagles,Southern Miss,Conference USA,usa,Southern Miss
2013,2638,UTEP Miners,UTEP,Conference USA,usa,UTEP
2013,151,East Carolina Pirates,East Carolina,Conference USA,usa,East Carolina
2013,202,Tulsa Golden Hurricane,Tulsa,Conference USA,usa,Tulsa
2013,248,Houston Cougars,Houston,Conference USA,usa,Houston
2013,2655,Tulane Green Wave,Tulane,Conference USA,usa,Tulane
2013,2567,SMU Mustangs,SMU,Conference USA,usa,SMU
2013,242,Rice Owls,Rice,Conference USA,usa,Rice
2013,2116,UCF Knights,UCF,Conference USA,usa,UCF
2013,5,UAB Blazers,UAB,Conference USA,usa,UAB
2013,276,Marshall Thundering Herd,Marshall,Conference USA,usa,Marshall
2013,2934,Cal State Bakersfield Roadrunners,Cal State Bakersfield,Division I Independents,ind,Cal St. Bakersfield
2013,2443,New Orleans Privateers,New Orleans,Division I Independents,ind,New Orleans
2013,2885,NJIT Highlanders,NJIT,Great West,grw,NJIT
2013,292,UT Rio Grande Valley Vaqueros,UT Rio Grande Valley,Great West,grw,UT Rio Grande Valley
2013,2277,Houston Christian Huskies,Houston Christian,Great West,grw,Houston Christian
2013,3084,Utah Valley Wolverines,Utah Valley,Great West,grw,Utah Valley
2013,2130,Chicago State Cougars,Chicago State,Great West,grw,Chicago St.
2013,2674,Valparaiso Beacons,Valparaiso,Horizon League,hor,Valparaiso
2013,2174,Detroit Mercy Titans,Detroit Mercy,Horizon League,hor,Detroit Mercy
2013,2750,Wright State Raiders,Wright State,Horizon League,hor,Wright St.
2013,82,UIC Flames,UIC,Horizon League,hor,Illinois Chicago
2013,2350,Loyola Chicago Ramblers,Loyola Chicago,Horizon League,hor,Loyola Chicago
2013,270,Milwaukee Panthers,Milwaukee,Horizon League,hor,Milwaukee
2013,2739,Green Bay Phoenix,Green Bay,Horizon League,hor,Green Bay
2013,2754,Youngstown State Penguins,Youngstown State,Horizon League,hor,Youngstown St.
2013,325,Cleveland State Vikings,Cleveland State,Horizon League,hor,Cleveland St.
2013,108,Harvard Crimson,Harvard,Ivy League,ivy,Harvard
2013,163,Princeton Tigers,Princeton,Ivy League,ivy,Princeton
2013,43,Yale Bulldogs,Yale,Ivy League,ivy,Yale
2013,225,Brown Bears,Brown,Ivy League,ivy,Brown
2013,219,Pennsylvania Quakers,Pennsylvania,Ivy League,ivy,Penn
2013,172,Cornell Big Red,Cornell,Ivy League,ivy,Cornell
2013,171,Columbia Lions,Columbia,Ivy League,ivy,Columbia
2013,159,Dartmouth Big Green,Dartmouth,Ivy League,ivy,Dartmouth
2013,315,Niagara Purple Eagles,Niagara,Metro Atlantic Athletic Conference,maac,Niagara
2013,2352,Loyola Maryland Greyhounds,Loyola Maryland,Metro Atlantic Athletic Conference,maac,Loyola MD
2013,2099,Canisius Golden Griffins,Canisius,Metro Atlantic Athletic Conference,maac,Canisius
2013,2217,Fairfield Stags,Fairfield,Metro Atlantic Athletic Conference,maac,Fairfield
2013,2368,Marist Red Foxes,Marist,Metro Atlantic Athletic Conference,maac,Marist
2013,2561,Siena Saints,Siena,Metro Atlantic Athletic Conference,maac,Siena
2013,2612,Saint Peter's Peacocks,Saint Peter's,Metro Atlantic Athletic Conference,maac,Saint Peter's
2013,2520,Rider Broncs,Rider,Metro Atlantic Athletic Conference,maac,Rider
2013,314,Iona Gaels,Iona,Metro Atlantic Athletic Conference,maac,Iona
2013,2363,Manhattan Jaspers,Manhattan,Metro Atlantic Athletic Conference,maac,Manhattan
2013,195,Ohio Bobcats,Ohio,Mid-American Conference,midame,Ohio
2013,2006,Akron Zips,Akron,Mid-American Conference,midame,Akron
2013,2309,Kent State Golden Flashes,Kent State,Mid-American Conference,midame,Kent St.
2013,2084,Buffalo Bulls,Buffalo,Mid-American Conference,midame,Buffalo
2013,189,Bowling Green Falcons,Bowling Green,Mid-American Conference,midame,Bowling Green
2013,193,Miami (OH) RedHawks,Miami (OH),Mid-American Conference,midame,Miami OH
2013,2649,Toledo Rockets,Toledo,Mid-American Conference,midamw,Toledo
2013,2711,Western Michigan Broncos,Western Michigan,Mid-American Conference,midamw,Western Michigan
2013,2050,Ball State Cardinals,Ball State,Mid-American Conference,midamw,Ball St.
2013,2199,Eastern Michigan Eagles,Eastern Michigan,Mid-American Conference,midamw,Eastern Michigan
2013,2117,Central Michigan Chippewas,Central Michigan,Mid-American Conference,midamw,Central Michigan
2013,2459,Northern Illinois Huskies,Northern Illinois,Mid-American Conference,midamw,Northern Illinois
2013,2450,Norfolk State Spartans,Norfolk State,Mid-Eastern Athletic Conference,meac,Norfolk St.
2013,2428,North Carolina Central Eagles,North Carolina Central,Mid-Eastern Athletic Conference,meac,North Carolina Central
2013,2542,Savannah State Tigers,Savannah State,Mid-Eastern Athletic Conference,meac,Savannah St.
2013,2415,Morgan State Bears,Morgan State,Mid-Eastern Athletic Conference,meac,Morgan St.
2013,2448,North Carolina A&T Aggies,North Carolina A&T,Mid-Eastern Athletic Conference,meac,North Carolina A&T
2013,2065,Bethune-Cookman Wildcats,Bethune-Cookman,Mid-Eastern Athletic Conference,meac,Bethune Cookman
2013,50,Florida A&M Rattlers,Florida A&M,Mid-Eastern Athletic Conference,meac,Florida A&M
2013,47,Howard Bison,Howard,Mid-Eastern Athletic Conference,meac,Howard
2013,2569,South Carolina State Bulldogs,South Carolina State,Mid-Eastern Athletic Conference,meac,South Carolina St.
2013,2261,Hampton Pirates,Hampton,Mid-Eastern Athletic Conference,meac,Hampton
2013,2169,Delaware State Hornets,Delaware State,Mid-Eastern Athletic Conference,meac,Delaware St.
2013,2154,Coppin State Eagles,Coppin State,Mid-Eastern Athletic Conference,meac,Coppin St.
2013,2379,Maryland Eastern Shore Hawks,Maryland Eastern Shore,Mid-Eastern Athletic Conference,meac,Maryland Eastern Shore
2013,156,Creighton Bluejays,Creighton,Missouri Valley Conference,mvc,Creighton
2013,2724,Wichita State Shockers,Wichita State,Missouri Valley Conference,mvc,Wichita St.
2013,2460,Northern Iowa Panthers,Northern Iowa,Missouri Valley Conference,mvc,Northern Iowa
2013,339,Evansville Purple Aces,Evansville,Missouri Valley Conference,mvc,Evansville
2013,282,Indiana State Sycamores,Indiana State,Missouri Valley Conference,mvc,Indiana St.
2013,2287,Illinois State Redbirds,Illinois State,Missouri Valley Conference,mvc,Illinois St.
2013,71,Bradley Braves,Bradley,Missouri Valley Conference,mvc,Bradley
2013,79,Southern Illinois Salukis,Southern Illinois,Missouri Valley Conference,mvc,Southern Illinois
2013,2181,Drake Bulldogs,Drake,Missouri Valley Conference,mvc,Drake
2013,2623,Missouri State Bears,Missouri State,Missouri Valley Conference,mvc,Missouri St.
2013,167,New Mexico Lobos,New Mexico,Mountain West Conference,mwest,New Mexico
2013,36,Colorado State Rams,Colorado State,Mountain West Conference,mwest,Colorado St.
2013,2439,UNLV Rebels,UNLV,Mountain West Conference,mwest,UNLV
2013,21,San Diego State Aztecs,San Diego State,Mountain West Conference,mwest,San Diego St.
2013,2005,Air Force Falcons,Air Force,Mountain West Conference,mwest,Air Force
2013,278,Fresno State Bulldogs,Fresno State,Mountain West Conference,mwest,Fresno St.
2013,2751,Wyoming Cowboys,Wyoming,Mountain West Conference,mwest,Wyoming
2013,2440,Nevada Wolf Pack,Nevada,Mountain West Conference,mwest,Nevada
2013,68,Boise State Broncos,Boise State,Mountain West Conference,mwest,Boise St.
2013,2523,Robert Morris Colonials,Robert Morris,Northeast Conference,neast,Robert Morris
2013,2681,Wagner Seahawks,Wagner,Northeast Conference,neast,Wagner
2013,2803,Bryant Bulldogs,Bryant,Northeast Conference,neast,Bryant
2013,116,Mount St. Mary's Mountaineers,Mount St. Mary's,Northeast Conference,neast,Mount St. Mary's
2013,2115,Central Connecticut Blue Devils,Central Connecticut,Northeast Conference,neast,Central Connecticut
2013,2597,St. Francis Brooklyn Terriers,St. Francis Brooklyn,Northeast Conference,neast,St. Francis NY
2013,2529,Sacred Heart Pioneers,Sacred Heart,Northeast Conference,neast,Sacred Heart
2013,2405,Monmouth Hawks,Monmouth,Northeast Conference,neast,Monmouth
2013,161,Fairleigh Dickinson Knights,Fairleigh Dickinson,Northeast Conference,neast,Fairleigh Dickinson
2013,2514,Quinnipiac Bobcats,Quinnipiac,Northeast Conference,neast,Quinnipiac
2013,2598,St. Francis (PA) Red Flash,St. Francis (PA),Northeast Conference,neast,Saint Francis
2013,112358,Long Island University Sharks,Long Island University,Northeast Conference,neast,LIU
2013,2057,Belmont Bruins,Belmont,Ohio Valley Conference,ovce,Belmont
2013,2198,Eastern Kentucky Colonels,Eastern Kentucky,Ohio Valley Conference,ovce,Eastern Kentucky
2013,2634,Tennessee State Tigers,Tennessee State,Ohio Valley Conference,ovce,Tennessee St.
2013,55,Jacksonville State Gamecocks,Jacksonville State,Ohio Valley Conference,ovce,Jacksonville St.
2013,2635,Tennessee Tech Golden Eagles,Tennessee Tech,Ohio Valley Conference,ovce,Tennessee Tech
2013,2413,Morehead State Eagles,Morehead State,Ohio Valley Conference,ovce,Morehead St.
2013,93,Murray State Racers,Murray State,Ohio Valley Conference,ovcw,Murray St.
2013,2197,Eastern Illinois Panthers,Eastern Illinois,Ohio Valley Conference,ovcw,Eastern Illinois
2013,2046,Austin Peay Governors,Austin Peay,Ohio Valley Conference,ovcw,Austin Peay
2013,2546,Southeast Missouri State Redhawks,Southeast Missouri State,Ohio Valley Conference,ovcw,Southeast Missouri St.
2013,2565,SIU Edwardsville Cougars,SIU Edwardsville,Ohio Valley Conference,ovcw,SIU Edwardsville
2013,2630,UT Martin Skyhawks,UT Martin,Ohio Valley Conference,ovcw,Tennessee Martin
2013,26,UCLA Bruins,UCLA,Pac-12 Conference,pac12,UCLA
2013,12,Arizona Wildcats,Arizona,Pac-12 Conference,pac12,Arizona
2013,38,Colorado Buffaloes,Colorado,Pac-12 Conference,pac12,Colorado
2013,9,Arizona State Sun Devils,Arizona State,Pac-12 Conference,pac12,Arizona St.
2013,254,Utah Utes,Utah,Pac-12 Conference,pac12,Utah
2013,204,Oregon State Beavers,Oregon State,Pac-12 Conference,pac12,Oregon St.
2013,2483,Oregon Ducks,Oregon,Pac-12 Conference,pac12,Oregon
2013,24,Stanford Cardinal,Stanford,Pac-12 Conference,pac12,Stanford
2013,265,Washington State Cougars,Washington State,Pac-12 Conference,pac12,Washington St.
2013,25,California Golden Bears,California,Pac-12 Conference,pac12,California
2013,264,Washington Huskies,Washington,Pac-12 Conference,pac12,Washington
2013,30,USC Trojans,USC,Pac-12 Conference,pac12,USC
2013,2083,Bucknell Bison,Bucknell,Patriot League,pat,Bucknell
2013,2329,Lehigh Mountain Hawks,Lehigh,Patriot League,pat,Lehigh
2013,349,Army Black Knights,Army,Patriot League,pat,Army
2013,2142,Colgate Raiders,Colgate,Patriot League,pat,Colgate
2013,107,Holy Cross Crusaders,Holy Cross,Patriot League,pat,Holy Cross
2013,2426,Navy Midshipmen,Navy,Patriot League,pat,Navy
2013,322,Lafayette Leopards,Lafayette,Patriot League,pat,Lafayette
2013,44,American University Eagles,American University,Patriot League,pat,American
2013,57,Florida Gators,Florida,Southeastern Conference,sec,Florida
2013,145,Ole Miss Rebels,Ole Miss,Southeastern Conference,sec,Mississippi
2013,142,Missouri Tigers,Missouri,Southeastern Conference,sec,Missouri
2013,8,Arkansas Razorbacks,Arkansas,Southeastern Conference,sec,Arkansas
2013,99,LSU Tigers,LSU,Southeastern Conference,sec,LSU
2013,238,Vanderbilt Commodores,Vanderbilt,Southeastern Conference,sec,Vanderbilt
2013,245,Texas A&M Aggies,Texas A&M,Southeastern Conference,sec,Texas A&M
2013,2579,South Carolina Gamecocks,South Carolina,Southeastern Conference,sec,South Carolina
2013,2,Auburn Tigers,Auburn,Southeastern Conference,sec,Auburn
2013,333,Alabama Crimson Tide,Alabama,Southeastern Conference,sec,Alabama
2013,2633,Tennessee Volunteers,Tennessee,Southeastern Conference,sec,Tennessee
2013,61,Georgia Bulldogs,Georgia,Southeastern Conference,sec,Georgia
2013,344,Mississippi State Bulldogs,Mississippi State,Southeastern Conference,sec,Mississippi St.
2013,96,Kentucky Wildcats,Kentucky,Southeastern Conference,sec,Kentucky
2013,2210,Elon Phoenix,Elon,Southern Conference,southn,Elon
2013,2026,App State Mountaineers,App State,Southern Conference,southn,Appalachian St.
2013,2535,Samford Bulldogs,Samford,Southern Conference,southn,Samford
2013,2717,Western Carolina Catamounts,Western Carolina,Southern Conference,southn,Western Carolina
2013,236,Chattanooga Mocs,Chattanooga,Southern Conference,southn,Chattanooga
2013,2430,UNC Greensboro Spartans,UNC Greensboro,Southern Conference,southn,UNC Greensboro
2013,2166,Davidson Wildcats,Davidson,Southern Conference,souths,Davidson
2013,232,Charleston Cougars,Charleston,Southern Conference,souths,Charleston
2013,2747,Wofford Terriers,Wofford,Southern Conference,souths,Wofford
2013,290,Georgia Southern Eagles,Georgia Southern,Southern Conference,souths,Georgia Southern
2013,2643,The Citadel Bulldogs,The Citadel,Southern Conference,souths,The Citadel
2013,231,Furman Paladins,Furman,Southern Conference,souths,Furman
2013,2617,Stephen F. Austin Lumberjacks,Stephen F. Austin,Southland Conference,land,Stephen F. Austin
2013,2466,Northwestern State Demons,Northwestern State,Southland Conference,land,Northwestern St.
2013,198,Oral Roberts Golden Eagles,Oral Roberts,Southland Conference,land,Oral Roberts
2013,2545,SE Louisiana Lions,SE Louisiana,Southland Conference,land,Southeastern Louisiana
2013,2534,Sam Houston Bearkats,Sam Houston,Southland Conference,land,Sam Houston St.
2013,2377,McNeese Cowboys,McNeese,Southland Conference,land,McNeese St.
2013,357,Texas A&M-Corpus Christi Islanders,Texas A&M-Corpus Christi,Southland Conference,land,Texas A&M Corpus Chris
2013,2320,Lamar Cardinals,Lamar,Southland Conference,land,Lamar
2013,2447,Nicholls Colonels,Nicholls,Southland Conference,land,Nicholls St.
2013,2110,Central Arkansas Bears,Central Arkansas,Southland Conference,land,Central Arkansas
2013,2640,Texas Southern Tigers,Texas Southern,Southwestern Athletic Conference,swac,Texas Southern
2013,2582,Southern Jaguars,Southern,Southwestern Athletic Conference,swac,Southern
2013,2296,Jackson State Tigers,Jackson State,Southwestern Athletic Conference,swac,Jackson St.
2013,2504,Prairie View A&M Panthers,Prairie View A&M,Southwestern Athletic Conference,swac,Prairie View A&M
2013,2010,Alabama A&M Bulldogs,Alabama A&M,Southwestern Athletic Conference,swac,Alabama A&M
2013,2400,Mississippi Valley State Delta Devils,Mississippi Valley State,Southwestern Athletic Conference,swac,Mississippi Valley St.
2013,2755,Grambling Tigers,Grambling,Southwestern Athletic Conference,swac,Grambling St.
2013,2029,Arkansas-Pine Bluff Golden Lions,Arkansas-Pine Bluff,Southwestern Athletic Conference,swac,Arkansas Pine Bluff
2013,2011,Alabama State Hornets,Alabama State,Southwestern Athletic Conference,swac,Alabama St.
2013,2016,Alcorn State Braves,Alcorn State,Southwestern Athletic Conference,swac,Alcorn St.
2013,2571,South Dakota State Jackrabbits,South Dakota State,Summit League,summ,South Dakota St.
2013,2449,North Dakota State Bison,North Dakota State,Summit League,summ,North Dakota St.
2013,2473,Oakland Golden Grizzlies,Oakland,Summit League,summ,Oakland
2013,2870,Purdue Fort Wayne Mastodons,Purdue Fort Wayne,Summit League,summ,Purdue Fort Wayne
2013,2437,Omaha Mavericks,Omaha,Summit League,summ,Nebraska Omaha
2013,233,South Dakota Coyotes,South Dakota,Summit League,summ,South Dakota
2013,85,IU Indianapolis Jaguars,IU Indianapolis,Summit League,summ,IU Indy
2013,2710,Western Illinois Leathernecks,Western Illinois,Summit League,summ,Western Illinois
2013,140,Kansas City Roos,Kansas City,Summit League,summ,UMKC
2013,2393,Middle Tennessee Blue Raiders,Middle Tennessee,Sun Belt Conference,belte,Middle Tennessee
2013,6,South Alabama Jaguars,South Alabama,Sun Belt Conference,belte,South Alabama
2013,2229,Florida International Panthers,Florida International,Sun Belt Conference,belte,FIU
2013,98,Western Kentucky Hilltoppers,Western Kentucky,Sun Belt Conference,belte,Western Kentucky
2013,2226,Florida Atlantic Owls,Florida Atlantic,Sun Belt Conference,belte,Florida Atlantic
2013,2653,Troy Trojans,Troy,Sun Belt Conference,belte,Troy
2013,2032,Arkansas State Red Wolves,Arkansas State,Sun Belt Conference,beltw,Arkansas St.
2013,2031,Little Rock Trojans,Little Rock,Sun Belt Conference,beltw,Little Rock
2013,309,Louisiana Ragin' Cajuns,Louisiana,Sun Belt Conference,beltw,Louisiana
2013,249,North Texas Mean Green,North Texas,Sun Belt Conference,beltw,North Texas
2013,2433,UL Monroe Warhawks,UL Monroe,Sun Belt Conference,beltw,Louisiana Monroe
2013,2250,Gonzaga Bulldogs,Gonzaga,West Coast Conference,wcc,Gonzaga
2013,2608,Saint Mary's Gaels,Saint Mary's,West Coast Conference,wcc,Saint Mary's
2013,252,BYU Cougars,BYU,West Coast Conference,wcc,BYU
2013,2541,Santa Clara Broncos,Santa Clara,West Coast Conference,wcc,Santa Clara
2013,2539,San Francisco Dons,San Francisco,West Coast Conference,wcc,San Francisco
2013,2492,Pepperdine Waves,Pepperdine,West Coast Conference,wcc,Pepperdine
2013,2351,Loyola Marymount Lions,Loyola Marymount,West Coast Conference,wcc,Loyola Marymount
2013,301,San Diego Toreros,San Diego,West Coast Conference,wcc,San Diego
2013,2501,Portland Pilots,Portland,West Coast Conference,wcc,Portland
2013,2348,Louisiana Tech Bulldogs,Louisiana Tech,Western Athletic Conference,wac,Louisiana Tech
2013,166,New Mexico State Aggies,New Mexico State,Western Athletic Conference,wac,New Mexico St.
2013,328,Utah State Aggies,Utah State,Western Athletic Conference,wac,Utah St.
2013,70,Idaho Vandals,Idaho,Western Athletic Conference,wac,Idaho
2013,326,Texas State Bobcats,Texas State,Western Athletic Conference,wac,Texas St.
2013,2636,UTSA Roadrunners,UTSA,Western Athletic Conference,wac,UTSA
2013,2547,Seattle U Redhawks,Seattle U,Western Athletic Conference,wac,Seattle
2013,2172,Denver Pioneers,Denver,Western Athletic Conference,wac,Denver
2013,250,UT Arlington Mavericks,UT Arlington,Western Athletic Conference,wac,UT Arlington
2013,23,San José State Spartans,San José State,Western Athletic Conference,wac,San Jose St.
2014,2382,Mercer Bears,Mercer,ASUN Conference,a-sun,Mercer
2014,526,Florida Gulf Coast Eagles,Florida Gulf Coast,ASUN Conference,a-sun,Florida Gulf Coast
2014,2908,South Carolina Upstate Spartans,South Carolina Upstate,ASUN Conference,a-sun,USC Upstate
2014,2193,East Tennessee State Buccaneers,East Tennessee State,ASUN Conference,a-sun,East Tennessee St.
2014,288,Lipscomb Bisons,Lipscomb,ASUN Conference,a-sun,Lipscomb
2014,2454,North Florida Ospreys,North Florida,ASUN Conference,a-sun,North Florida
2014,294,Jacksonville Dolphins,Jacksonville,ASUN Conference,a-sun,Jacksonville
2014,94,Northern Kentucky Norse,Northern Kentucky,ASUN Conference,a-sun,Northern Kentucky
2014,56,Stetson Hatters,Stetson,ASUN Conference,a-sun,Stetson
2014,338,Kennesaw State Owls,Kennesaw State,ASUN Conference,a-sun,Kennesaw St.
2014,261,Vermont Catamounts,Vermont,America East Conference,aeast,Vermont
2014,2619,Stony Brook Seawolves,Stony Brook,America East Conference,aeast,Stony Brook
2014,399,UAlbany Great Danes,UAlbany,America East Conference,aeast,Albany
2014,42,Hartford Hawks,Hartford,America East Conference,aeast,Hartford
2014,2349,UMass Lowell River Hawks,UMass Lowell,America East Conference,aeast,UMass Lowell
2014,2378,UMBC Retrievers,UMBC,America East Conference,aeast,UMBC
2014,2066,Binghamton Bearcats,Binghamton,America East Conference,aeast,Binghamton
2014,311,Maine Black Bears,Maine,America East Conference,aeast,Maine
2014,160,New Hampshire Wildcats,New Hampshire,America East Conference,aeast,New Hampshire
2014,97,Louisville Cardinals,Louisville,American Athletic Conference,aac,Louisville
2014,2132,Cincinnati Bearcats,Cincinnati,American Athletic Conference,aac,Cincinnati
2014,41,UConn Huskies,UConn,American Athletic Conference,aac,Connecticut
2014,2567,SMU Mustangs,SMU,American Athletic Conference,aac,SMU
2014,235,Memphis Tigers,Memphis,American Athletic Conference,aac,Memphis
2014,248,Houston Cougars,Houston,American Athletic Conference,aac,Houston
2014,2116,UCF Knights,UCF,American Athletic Conference,aac,UCF
2014,164,Rutgers Scarlet Knights,Rutgers,American Athletic Conference,aac,Rutgers
2014,58,South Florida Bulls,South Florida,American Athletic Conference,aac,South Florida
2014,218,Temple Owls,Temple,American Athletic Conference,aac,Temple
2014,139,Saint Louis Billikens,Saint Louis,Atlantic 10 Conference,atl10,Saint Louis
2014,2670,VCU Rams,VCU,Atlantic 10 Conference,atl10,VCU
2014,45,George Washington Revolutionaries,George Washington,Atlantic 10 Conference,atl10,George Washington
2014,113,Massachusetts Minutemen,Massachusetts,Atlantic 10 Conference,atl10,Massachusetts
2014,2603,Saint Joseph's Hawks,Saint Joseph's,Atlantic 10 Conference,atl10,Saint Joseph's
2014,2168,Dayton Flyers,Dayton,Atlantic 10 Conference,atl10,Dayton
2014,257,Richmond Spiders,Richmond,Atlantic 10 Conference,atl10,Richmond
2014,179,St. Bonaventure Bonnies,St. Bonaventure,Atlantic 10 Conference,atl10,St. Bonaventure
2014,2325,La Salle Explorers,La Salle,Atlantic 10 Conference,atl10,La Salle
2014,227,Rhode Island Rams,Rhode Island,Atlantic 10 Conference,atl10,Rhode Island
2014,2184,Duquesne Dukes,Duquesne,Atlantic 10 Conference,atl10,Duquesne
2014,2244,George Mason Patriots,George Mason,Atlantic 10 Conference,atl10,George Mason
2014,2230,Fordham Rams,Fordham,Atlantic 10 Conference,atl10,Fordham
2014,258,Virginia Cavaliers,Virginia,Atlantic Coast Conference,acc,Virginia
2014,183,Syracuse Orange,Syracuse,Atlantic Coast Conference,acc,Syracuse
2014,150,Duke Blue Devils,Duke,Atlantic Coast Conference,acc,Duke
2014,153,North Carolina Tar Heels,North Carolina,Atlantic Coast Conference,acc,North Carolina
2014,221,Pittsburgh Panthers,Pittsburgh,Atlantic Coast Conference,acc,Pittsburgh
2014,228,Clemson Tigers,Clemson,Atlantic Coast Conference,acc,Clemson
2014,152,NC State Wolfpack,NC State,Atlantic Coast Conference,acc,N.C. State
2014,52,Florida State Seminoles,Florida State,Atlantic Coast Conference,acc,Florida St.
2014,120,Maryland Terrapins,Maryland,Atlantic Coast Conference,acc,Maryland
2014,2390,Miami Hurricanes,Miami,Atlantic Coast Conference,acc,Miami FL
2014,154,Wake Forest Demon Deacons,Wake Forest,Atlantic Coast Conference,acc,Wake Forest
2014,59,Georgia Tech Yellow Jackets,Georgia Tech,Atlantic Coast Conference,acc,Georgia Tech
2014,87,Notre Dame Fighting Irish,Notre Dame,Atlantic Coast Conference,acc,Notre Dame
2014,259,Virginia Tech Hokies,Virginia Tech,Atlantic Coast Conference,acc,Virginia Tech
2014,103,Boston College Eagles,Boston College,Atlantic Coast Conference,acc,Boston College
2014,66,Iowa State Cyclones,Iowa State,Big 12 Conference,big12,Iowa St.
2014,2305,Kansas Jayhawks,Kansas,Big 12 Conference,big12,Kansas
2014,201,Oklahoma Sooners,Oklahoma,Big 12 Conference,big12,Oklahoma
2014,251,Texas Longhorns,Texas,Big 12 Conference,big12,Texas
2014,239,Baylor Bears,Baylor,Big 12 Conference,big12,Baylor
2014,2306,Kansas State Wildcats,Kansas State,Big 12 Conference,big12,Kansas St.
2014,197,Oklahoma State Cowboys,Oklahoma State,Big 12 Conference,big12,Oklahoma St.
2014,277,West Virginia Mountaineers,West Virginia,Big 12 Conference,big12,West Virginia
2014,2641,Texas Tech Red Raiders,Texas Tech,Big 12 Conference,big12,Texas Tech
2014,2628,TCU Horned Frogs,TCU,Big 12 Conference,big12,TCU
2014,222,Villanova Wildcats,Villanova,Big East Conference,bige,Villanova
2014,156,Creighton Bluejays,Creighton,Big East Conference,bige,Creighton
2014,2507,Providence Friars,Providence,Big East Conference,bige,Providence
2014,2752,Xavier Musketeers,Xavier,Big East Conference,bige,Xavier
2014,2599,St. John's Red Storm,St. John's,Big East Conference,bige,St. John's
2014,46,Georgetown Hoyas,Georgetown,Big East Conference,bige,Georgetown
2014,269,Marquette Golden Eagles,Marquette,Big East Conference,bige,Marquette
2014,2550,Seton Hall Pirates,Seton Hall,Big East Conference,bige,Seton Hall
2014,2086,Butler Bulldogs,Butler,Big East Conference,bige,Butler
2014,305,DePaul Blue Demons,DePaul,Big East Conference,bige,DePaul
2014,2692,Weber State Wildcats,Weber State,Big Sky Conference,bsky,Weber St.
2014,149,Montana Grizzlies,Montana,Big Sky Conference,bsky,Montana
2014,2458,Northern Colorado Bears,Northern Colorado,Big Sky Conference,bsky,Northern Colorado
2014,2502,Portland State Vikings,Portland State,Big Sky Conference,bsky,Portland St.
2014,155,North Dakota Fighting Hawks,North Dakota,Big Sky Conference,bsky,North Dakota
2014,2464,Northern Arizona Lumberjacks,Northern Arizona,Big Sky Conference,bsky,Northern Arizona
2014,331,Eastern Washington Eagles,Eastern Washington,Big Sky Conference,bsky,Eastern Washington
2014,16,Sacramento State Hornets,Sacramento State,Big Sky Conference,bsky,Sacramento St.
2014,147,Montana State Bobcats,Montana State,Big Sky Conference,bsky,Montana St.
2014,304,Idaho State Bengals,Idaho State,Big Sky Conference,bsky,Idaho St.
2014,253,Southern Utah Thunderbirds,Southern Utah,Big Sky Conference,bsky,Southern Utah
2014,2678,VMI Keydets,VMI,Big South Conference,bsoun,VMI
2014,2515,Radford Highlanders,Radford,Big South Conference,bsoun,Radford
2014,2272,High Point Panthers,High Point,Big South Conference,bsoun,High Point
2014,2097,Campbell Fighting Camels,Campbell,Big South Conference,bsoun,Campbell
2014,2335,Liberty Flames,Liberty,Big South Conference,bsoun,Liberty
2014,2344,Longwood Lancers,Longwood,Big South Conference,bsoun,Longwood
2014,324,Coastal Carolina Chanticleers,Coastal Carolina,Big South Conference,bsous,Coastal Carolina
2014,2737,Winthrop Eagles,Winthrop,Big South Conference,bsous,Winthrop
2014,2241,Gardner-Webb Runnin' Bulldogs,Gardner-Webb,Big South Conference,bsous,Gardner Webb
2014,2427,UNC Asheville Bulldogs,UNC Asheville,Big South Conference,bsous,UNC Asheville
2014,2127,Charleston Southern Buccaneers,Charleston Southern,Big South Conference,bsous,Charleston Southern
2014,2506,Presbyterian Blue Hose,Presbyterian,Big South Conference,bsous,Presbyterian
2014,275,Wisconsin Badgers,Wisconsin,Big Ten Conference,big10,Wisconsin
2014,130,Michigan Wolverines,Michigan,Big Ten Conference,big10,Michigan
2014,127,Michigan State Spartans,Michigan State,Big Ten Conference,big10,Michigan St.
2014,194,Ohio State Buckeyes,Ohio State,Big Ten Conference,big10,Ohio St.
2014,135,Minnesota Golden Gophers,Minnesota,Big Ten Conference,big10,Minnesota
2014,158,Nebraska Cornhuskers,Nebraska,Big Ten Conference,big10,Nebraska
2014,2294,Iowa Hawkeyes,Iowa,Big Ten Conference,big10,Iowa
2014,356,Illinois Fighting Illini,Illinois,Big Ten Conference,big10,Illinois
2014,84,Indiana Hoosiers,Indiana,Big Ten Conference,big10,Indiana
2014,213,Penn State Nittany Lions,Penn State,Big Ten Conference,big10,Penn St.
2014,2509,Purdue Boilermakers,Purdue,Big Ten Conference,big10,Purdue
2014,77,Northwestern Wildcats,Northwestern,Big Ten Conference,big10,Northwestern
2014,2540,UC Santa Barbara Gauchos,UC Santa Barbara,Big West Conference,bigw,UC Santa Barbara
2014,300,UC Irvine Anteaters,UC Irvine,Big West Conference,bigw,UC Irvine
2014,62,Hawai'i Rainbow Warriors,Hawai'i,Big West Conference,bigw,Hawaii
2014,2463,Cal State Northridge Matadors,Cal State Northridge,Big West Conference,bigw,Cal St. Northridge
2014,299,Long Beach State Beach,Long Beach State,Big West Conference,bigw,Long Beach St.
2014,13,Cal Poly Mustangs,Cal Poly,Big West Conference,bigw,Cal Poly
2014,2239,Cal State Fullerton Titans,Cal State Fullerton,Big West Conference,bigw,Cal St. Fullerton
2014,27,UC Riverside Highlanders,UC Riverside,Big West Conference,bigw,UC Riverside
2014,302,UC Davis Aggies,UC Davis,Big West Conference,bigw,UC Davis
2014,48,Delaware Blue Hens,Delaware,Coastal Athletic Association,col,Delaware
2014,119,Towson Tigers,Towson,Coastal Athletic Association,col,Towson
2014,2729,William & Mary Tribe,William & Mary,Coastal Athletic Association,col,William & Mary
2014,2182,Drexel Dragons,Drexel,Coastal Athletic Association,col,Drexel
2014,232,Charleston Cougars,Charleston,Coastal Athletic Association,col,Charleston
2014,111,Northeastern Huskies,Northeastern,Coastal Athletic Association,col,Northeastern
2014,256,James Madison Dukes,James Madison,Coastal Athletic Association,col,James Madison
2014,2275,Hofstra Pride,Hofstra,Coastal Athletic Association,col,Hofstra
2014,350,UNC Wilmington Seahawks,UNC Wilmington,Coastal Athletic Association,col,UNC Wilmington
2014,2348,Louisiana Tech Bulldogs,Louisiana Tech,Conference USA,usa,Louisiana Tech
2014,2572,Southern Miss Golden Eagles,Southern Miss,Conference USA,usa,Southern Miss
2014,2393,Middle Tennessee Blue Raiders,Middle Tennessee,Conference USA,usa,Middle Tennessee
2014,2638,UTEP Miners,UTEP,Conference USA,usa,UTEP
2014,202,Tulsa Golden Hurricane,Tulsa,Conference USA,usa,Tulsa
2014,5,UAB Blazers,UAB,Conference USA,usa,UAB
2014,2429,Charlotte 49ers,Charlotte,Conference USA,usa,Charlotte
2014,295,Old Dominion Monarchs,Old Dominion,Conference USA,usa,Old Dominion
2014,2655,Tulane Green Wave,Tulane,Conference USA,usa,Tulane
2014,249,North Texas Mean Green,North Texas,Conference USA,usa,North Texas
2014,151,East Carolina Pirates,East Carolina,Conference USA,usa,East Carolina
2014,2229,Florida International Panthers,Florida International,Conference USA,usa,FIU
2014,276,Marshall Thundering Herd,Marshall,Conference USA,usa,Marshall
2014,2226,Florida Atlantic Owls,Florida Atlantic,Conference USA,usa,Florida Atlantic
2014,2636,UTSA Roadrunners,UTSA,Conference USA,usa,UTSA
2014,242,Rice Owls,Rice,Conference USA,usa,Rice
2014,2885,NJIT Highlanders,NJIT,Division I Independents,ind,NJIT
2014,2739,Green Bay Phoenix,Green Bay,Horizon League,hor,Green Bay
2014,325,Cleveland State Vikings,Cleveland State,Horizon League,hor,Cleveland St.
2014,2750,Wright State Raiders,Wright State,Horizon League,hor,Wright St.
2014,270,Milwaukee Panthers,Milwaukee,Horizon League,hor,Milwaukee
2014,2674,Valparaiso Beacons,Valparaiso,Horizon League,hor,Valparaiso
2014,2754,Youngstown State Penguins,Youngstown State,Horizon League,hor,Youngstown St.
2014,2174,Detroit Mercy Titans,Detroit Mercy,Horizon League,hor,Detroit Mercy
2014,2473,Oakland Golden Grizzlies,Oakland,Horizon League,hor,Oakland
2014,82,UIC Flames,UIC,Horizon League,hor,Illinois Chicago
2014,108,Harvard Crimson,Harvard,Ivy League,ivy,Harvard
2014,163,Princeton Tigers,Princeton,Ivy League,ivy,Princeton
2014,171,Columbia Lions,Columbia,Ivy League,ivy,Columbia
2014,43,Yale Bulldogs,Yale,Ivy League,ivy,Yale
2014,225,Brown Bears,Brown,Ivy League,ivy,Brown
2014,159,Dartmouth Big Green,Dartmouth,Ivy League,ivy,Dartmouth
2014,219,Pennsylvania Quakers,Pennsylvania,Ivy League,ivy,Penn
2014,172,Cornell Big Red,Cornell,Ivy League,ivy,Cornell
2014,2363,Manhattan Jaspers,Manhattan,Metro Atlantic Athletic Conference,maac,Manhattan
2014,314,Iona Gaels,Iona,Metro Atlantic Athletic Conference,maac,Iona
2014,2514,Quinnipiac Bobcats,Quinnipiac,Metro Atlantic Athletic Conference,maac,Quinnipiac
2014,2099,Canisius Golden Griffins,Canisius,Metro Atlantic Athletic Conference,maac,Canisius
2014,2561,Siena Saints,Siena,Metro Atlantic Athletic Conference,maac,Siena
2014,2520,Rider Broncs,Rider,Metro Atlantic Athletic Conference,maac,Rider
2014,2612,Saint Peter's Peacocks,Saint Peter's,Metro Atlantic Athletic Conference,maac,Saint Peter's
2014,2368,Marist Red Foxes,Marist,Metro Atlantic Athletic Conference,maac,Marist
2014,2405,Monmouth Hawks,Monmouth,Metro Atlantic Athletic Conference,maac,Monmouth
2014,2217,Fairfield Stags,Fairfield,Metro Atlantic Athletic Conference,maac,Fairfield
2014,315,Niagara Purple Eagles,Niagara,Metro Atlantic Athletic Conference,maac,Niagara
2014,195,Ohio Bobcats,Ohio,Mid-American Conference,midame,Ohio
2014,2084,Buffalo Bulls,Buffalo,Mid-American Conference,midame,Buffalo
2014,2006,Akron Zips,Akron,Mid-American Conference,midame,Akron
2014,2309,Kent State Golden Flashes,Kent State,Mid-American Conference,midame,Kent St.
2014,193,Miami (OH) RedHawks,Miami (OH),Mid-American Conference,midame,Miami OH
2014,189,Bowling Green Falcons,Bowling Green,Mid-American Conference,midame,Bowling Green
2014,2649,Toledo Rockets,Toledo,Mid-American Conference,midamw,Toledo
2014,2711,Western Michigan Broncos,Western Michigan,Mid-American Conference,midamw,Western Michigan
2014,2199,Eastern Michigan Eagles,Eastern Michigan,Mid-American Conference,midamw,Eastern Michigan
2014,2459,Northern Illinois Huskies,Northern Illinois,Mid-American Conference,midamw,Northern Illinois
2014,2117,Central Michigan Chippewas,Central Michigan,Mid-American Conference,midamw,Central Michigan
2014,2050,Ball State Cardinals,Ball State,Mid-American Conference,midamw,Ball St.
2014,2428,North Carolina Central Eagles,North Carolina Central,Mid-Eastern Athletic Conference,meac,North Carolina Central
2014,2261,Hampton Pirates,Hampton,Mid-Eastern Athletic Conference,meac,Hampton
2014,2450,Norfolk State Spartans,Norfolk State,Mid-Eastern Athletic Conference,meac,Norfolk St.
2014,2415,Morgan State Bears,Morgan State,Mid-Eastern Athletic Conference,meac,Morgan St.
2014,50,Florida A&M Rattlers,Florida A&M,Mid-Eastern Athletic Conference,meac,Florida A&M
2014,2542,Savannah State Tigers,Savannah State,Mid-Eastern Athletic Conference,meac,Savannah St.
2014,2154,Coppin State Eagles,Coppin State,Mid-Eastern Athletic Conference,meac,Coppin St.
2014,2169,Delaware State Hornets,Delaware State,Mid-Eastern Athletic Conference,meac,Delaware St.
2014,2569,South Carolina State Bulldogs,South Carolina State,Mid-Eastern Athletic Conference,meac,South Carolina St.
2014,2448,North Carolina A&T Aggies,North Carolina A&T,Mid-Eastern Athletic Conference,meac,North Carolina A&T
2014,47,Howard Bison,Howard,Mid-Eastern Athletic Conference,meac,Howard
2014,2065,Bethune-Cookman Wildcats,Bethune-Cookman,Mid-Eastern Athletic Conference,meac,Bethune Cookman
2014,2379,Maryland Eastern Shore Hawks,Maryland Eastern Shore,Mid-Eastern Athletic Conference,meac,Maryland Eastern Shore
2014,2724,Wichita State Shockers,Wichita State,Missouri Valley Conference,mvc,Wichita St.
2014,282,Indiana State Sycamores,Indiana State,Missouri Valley Conference,mvc,Indiana St.
2014,2623,Missouri State Bears,Missouri State,Missouri Valley Conference,mvc,Missouri St.
2014,2460,Northern Iowa Panthers,Northern Iowa,Missouri Valley Conference,mvc,Northern Iowa
2014,2287,Illinois State Redbirds,Illinois State,Missouri Valley Conference,mvc,Illinois St.
2014,2181,Drake Bulldogs,Drake,Missouri Valley Conference,mvc,Drake
2014,79,Southern Illinois Salukis,Southern Illinois,Missouri Valley Conference,mvc,Southern Illinois
2014,339,Evansville Purple Aces,Evansville,Missouri Valley Conference,mvc,Evansville
2014,71,Bradley Braves,Bradley,Missouri Valley Conference,mvc,Bradley
2014,2350,Loyola Chicago Ramblers,Loyola Chicago,Missouri Valley Conference,mvc,Loyola Chicago
2014,21,San Diego State Aztecs,San Diego State,Mountain West Conference,mwest,San Diego St.
2014,167,New Mexico Lobos,New Mexico,Mountain West Conference,mwest,New Mexico
2014,68,Boise State Broncos,Boise State,Mountain West Conference,mwest,Boise St.
2014,2439,UNLV Rebels,UNLV,Mountain West Conference,mwest,UNLV
2014,2751,Wyoming Cowboys,Wyoming,Mountain West Conference,mwest,Wyoming
2014,328,Utah State Aggies,Utah State,Mountain West Conference,mwest,Utah St.
2014,278,Fresno State Bulldogs,Fresno State,Mountain West Conference,mwest,Fresno St.
2014,36,Colorado State Rams,Colorado State,Mountain West Conference,mwest,Colorado St.
2014,2440,Nevada Wolf Pack,Nevada,Mountain West Conference,mwest,Nevada
2014,2005,Air Force Falcons,Air Force,Mountain West Conference,mwest,Air Force
2014,23,San José State Spartans,San José State,Mountain West Conference,mwest,San Jose St.
2014,2523,Robert Morris Colonials,Robert Morris,Northeast Conference,neast,Robert Morris
2014,2681,Wagner Seahawks,Wagner,Northeast Conference,neast,Wagner
2014,2803,Bryant Bulldogs,Bryant,Northeast Conference,neast,Bryant
2014,2597,St. Francis Brooklyn Terriers,St. Francis Brooklyn,Northeast Conference,neast,St. Francis NY
2014,116,Mount St. Mary's Mountaineers,Mount St. Mary's,Northeast Conference,neast,Mount St. Mary's
2014,2115,Central Connecticut Blue Devils,Central Connecticut,Northeast Conference,neast,Central Connecticut
2014,2598,St. Francis (PA) Red Flash,St. Francis (PA),Northeast Conference,neast,Saint Francis
2014,161,Fairleigh Dickinson Knights,Fairleigh Dickinson,Northeast Conference,neast,Fairleigh Dickinson
2014,112358,Long Island University Sharks,Long Island University,Northeast Conference,neast,LIU
2014,2529,Sacred Heart Pioneers,Sacred Heart,Northeast Conference,neast,Sacred Heart
2014,2057,Belmont Bruins,Belmont,Ohio Valley Conference,ovce,Belmont
2014,2198,Eastern Kentucky Colonels,Eastern Kentucky,Ohio Valley Conference,ovce,Eastern Kentucky
2014,2413,Morehead State Eagles,Morehead State,Ohio Valley Conference,ovce,Morehead St.
2014,2635,Tennessee Tech Golden Eagles,Tennessee Tech,Ohio Valley Conference,ovce,Tennessee Tech
2014,55,Jacksonville State Gamecocks,Jacksonville State,Ohio Valley Conference,ovce,Jacksonville St.
2014,2634,Tennessee State Tigers,Tennessee State,Ohio Valley Conference,ovce,Tennessee St.
2014,93,Murray State Racers,Murray State,Ohio Valley Conference,ovcw,Murray St.
2014,2546,Southeast Missouri State Redhawks,Southeast Missouri State,Ohio Valley Conference,ovcw,Southeast Missouri St.
2014,2046,Austin Peay Governors,Austin Peay,Ohio Valley Conference,ovcw,Austin Peay
2014,2197,Eastern Illinois Panthers,Eastern Illinois,Ohio Valley Conference,ovcw,Eastern Illinois
2014,2565,SIU Edwardsville Cougars,SIU Edwardsville,Ohio Valley Conference,ovcw,SIU Edwardsville
2014,2630,UT Martin Skyhawks,UT Martin,Ohio Valley Conference,ovcw,Tennessee Martin
2014,12,Arizona Wildcats,Arizona,Pac-12 Conference,pac12,Arizona
2014,26,UCLA Bruins,UCLA,Pac-12 Conference,pac12,UCLA
2014,2483,Oregon Ducks,Oregon,Pac-12 Conference,pac12,Oregon
2014,38,Colorado Buffaloes,Colorado,Pac-12 Conference,pac12,Colorado
2014,24,Stanford Cardinal,Stanford,Pac-12 Conference,pac12,Stanford
2014,9,Arizona State Sun Devils,Arizona State,Pac-12 Conference,pac12,Arizona St.
2014,254,Utah Utes,Utah,Pac-12 Conference,pac12,Utah
2014,25,California Golden Bears,California,Pac-12 Conference,pac12,California
2014,264,Washington Huskies,Washington,Pac-12 Conference,pac12,Washington
2014,204,Oregon State Beavers,Oregon State,Pac-12 Conference,pac12,Oregon St.
2014,30,USC Trojans,USC,Pac-12 Conference,pac12,USC
2014,265,Washington State Cougars,Washington State,Pac-12 Conference,pac12,Washington St.
2014,104,Boston University Terriers,Boston University,Patriot League,pat,Boston University
2014,44,American University Eagles,American University,Patriot League,pat,American
2014,107,Holy Cross Crusaders,Holy Cross,Patriot League,pat,Holy Cross
2014,2083,Bucknell Bison,Bucknell,Patriot League,pat,Bucknell
2014,349,Army Black Knights,Army,Patriot League,pat,Army
2014,2329,Lehigh Mountain Hawks,Lehigh,Patriot League,pat,Lehigh
2014,2142,Colgate Raiders,Colgate,Patriot League,pat,Colgate
2014,322,Lafayette Leopards,Lafayette,Patriot League,pat,Lafayette
2014,2352,Loyola Maryland Greyhounds,Loyola Maryland,Patriot League,pat,Loyola MD
2014,2426,Navy Midshipmen,Navy,Patriot League,pat,Navy
2014,57,Florida Gators,Florida,Southeastern Conference,sec,Florida
2014,96,Kentucky Wildcats,Kentucky,Southeastern Conference,sec,Kentucky
2014,2633,Tennessee Volunteers,Tennessee,Southeastern Conference,sec,Tennessee
2014,8,Arkansas Razorbacks,Arkansas,Southeastern Conference,sec,Arkansas
2014,142,Missouri Tigers,Missouri,Southeastern Conference,sec,Missouri
2014,61,Georgia Bulldogs,Georgia,Southeastern Conference,sec,Georgia
2014,99,LSU Tigers,LSU,Southeastern Conference,sec,LSU
2014,145,Ole Miss Rebels,Ole Miss,Southeastern Conference,sec,Mississippi
2014,245,Texas A&M Aggies,Texas A&M,Southeastern Conference,sec,Texas A&M
2014,238,Vanderbilt Commodores,Vanderbilt,Southeastern Conference,sec,Vanderbilt
2014,2,Auburn Tigers,Auburn,Southeastern Conference,sec,Auburn
2014,2579,South Carolina Gamecocks,South Carolina,Southeastern Conference,sec,South Carolina
2014,344,Mississippi State Bulldogs,Mississippi State,Southeastern Conference,sec,Mississippi St.
2014,333,Alabama Crimson Tide,Alabama,Southeastern Conference,sec,Alabama
2014,2166,Davidson Wildcats,Davidson,Southern Conference,south,Davidson
2014,2747,Wofford Terriers,Wofford,Southern Conference,south,Wofford
2014,2210,Elon Phoenix,Elon,Southern Conference,south,Elon
2014,236,Chattanooga Mocs,Chattanooga,Southern Conference,south,Chattanooga
2014,2717,Western Carolina Catamounts,Western Carolina,Southern Conference,south,Western Carolina
2014,290,Georgia Southern Eagles,Georgia Southern,Southern Conference,south,Georgia Southern
2014,2430,UNC Greensboro Spartans,UNC Greensboro,Southern Conference,south,UNC Greensboro
2014,2535,Samford Bulldogs,Samford,Southern Conference,south,Samford
2014,231,Furman Paladins,Furman,Southern Conference,south,Furman
2014,2026,App State Mountaineers,App State,Southern Conference,south,Appalachian St.
2014,2643,The Citadel Bulldogs,The Citadel,Southern Conference,south,The Citadel
2014,2617,Stephen F. Austin Lumberjacks,Stephen F. Austin,Southland Conference,land,Stephen F. Austin
2014,2916,Incarnate Word Cardinals,Incarnate Word,Southland Conference,land,Incarnate Word
2014,2534,Sam Houston Bearkats,Sam Houston,Southland Conference,land,Sam Houston St.
2014,357,Texas A&M-Corpus Christi Islanders,Texas A&M-Corpus Christi,Southland Conference,land,Texas A&M Corpus Chris
2014,2466,Northwestern State Demons,Northwestern State,Southland Conference,land,Northwestern St.
2014,198,Oral Roberts Golden Eagles,Oral Roberts,Southland Conference,land,Oral Roberts
2014,2447,Nicholls Colonels,Nicholls,Southland Conference,land,Nicholls St.
2014,2443,New Orleans Privateers,New Orleans,Southland Conference,land,New Orleans
2014,2545,SE Louisiana Lions,SE Louisiana,Southland Conference,land,Southeastern Louisiana
2014,2377,McNeese Cowboys,McNeese,Southland Conference,land,McNeese St.
2014,2000,Abilene Christian Wildcats,Abilene Christian,Southland Conference,land,Abilene Christian
2014,2110,Central Arkansas Bears,Central Arkansas,Southland Conference,land,Central Arkansas
2014,2277,Houston Christian Huskies,Houston Christian,Southland Conference,land,Houston Christian
2014,2320,Lamar Cardinals,Lamar,Southland Conference,land,Lamar
2014,2582,Southern Jaguars,Southern,Southwestern Athletic Conference,swac,Southern
2014,2011,Alabama State Hornets,Alabama State,Southwestern Athletic Conference,swac,Alabama St.
2014,2640,Texas Southern Tigers,Texas Southern,Southwestern Athletic Conference,swac,Texas Southern
2014,2010,Alabama A&M Bulldogs,Alabama A&M,Southwestern Athletic Conference,swac,Alabama A&M
2014,2029,Arkansas-Pine Bluff Golden Lions,Arkansas-Pine Bluff,Southwestern Athletic Conference,swac,Arkansas Pine Bluff
2014,2016,Alcorn State Braves,Alcorn State,Southwestern Athletic Conference,swac,Alcorn St.
2014,2296,Jackson State Tigers,Jackson State,Southwestern Athletic Conference,swac,Jackson St.
2014,2504,Prairie View A&M Panthers,Prairie View A&M,Southwestern Athletic Conference,swac,Prairie View A&M
2014,2400,Mississippi Valley State Delta Devils,Mississippi Valley State,Southwestern Athletic Conference,swac,Mississippi Valley St.
2014,2755,Grambling Tigers,Grambling,Southwestern Athletic Conference,swac,Grambling St.
2014,2449,North Dakota State Bison,North Dakota State,Summit League,summ,North Dakota St.
2014,2870,Purdue Fort Wayne Mastodons,Purdue Fort Wayne,Summit League,summ,Purdue Fort Wayne
2014,2571,South Dakota State Jackrabbits,South Dakota State,Summit League,summ,South Dakota St.
2014,2437,Omaha Mavericks,Omaha,Summit League,summ,Nebraska Omaha
2014,2172,Denver Pioneers,Denver,Summit League,summ,Denver
2014,233,South Dakota Coyotes,South Dakota,Summit League,summ,South Dakota
2014,2710,Western Illinois Leathernecks,Western Illinois,Summit League,summ,Western Illinois
2014,85,IU Indianapolis Jaguars,IU Indianapolis,Summit League,summ,IU Indy
2014,2247,Georgia State Panthers,Georgia State,Sun Belt Conference,belt,Georgia St.
2014,309,Louisiana Ragin' Cajuns,Louisiana,Sun Belt Conference,belt,Louisiana
2014,98,Western Kentucky Hilltoppers,Western Kentucky,Sun Belt Conference,belt,Western Kentucky
2014,2032,Arkansas State Red Wolves,Arkansas State,Sun Belt Conference,belt,Arkansas St.
2014,250,UT Arlington Mavericks,UT Arlington,Sun Belt Conference,belt,UT Arlington
2014,2031,Little Rock Trojans,Little Rock,Sun Belt Conference,belt,Little Rock
2014,2433,UL Monroe Warhawks,UL Monroe,Sun Belt Conference,belt,Louisiana Monroe
2014,2653,Troy Trojans,Troy,Sun Belt Conference,belt,Troy
2014,6,South Alabama Jaguars,South Alabama,Sun Belt Conference,belt,South Alabama
2014,326,Texas State Bobcats,Texas State,Sun Belt Conference,belt,Texas St.
2014,2250,Gonzaga Bulldogs,Gonzaga,West Coast Conference,wcc,Gonzaga
2014,252,BYU Cougars,BYU,West Coast Conference,wcc,BYU
2014,2608,Saint Mary's Gaels,Saint Mary's,West Coast Conference,wcc,Saint Mary's
2014,2539,San Francisco Dons,San Francisco,West Coast Conference,wcc,San Francisco
2014,279,Pacific Tigers,Pacific,West Coast Conference,wcc,Pacific
2014,301,San Diego Toreros,San Diego,West Coast Conference,wcc,San Diego
2014,2492,Pepperdine Waves,Pepperdine,West Coast Conference,wcc,Pepperdine
2014,2501,Portland Pilots,Portland,West Coast Conference,wcc,Portland
2014,2541,Santa Clara Broncos,Santa Clara,West Coast Conference,wcc,Santa Clara
2014,2351,Loyola Marymount Lions,Loyola Marymount,West Coast Conference,wcc,Loyola Marymount
2014,166,New Mexico State Aggies,New Mexico State,Western Athletic Conference,wac,New Mexico St.
2014,3084,Utah Valley Wolverines,Utah Valley,Western Athletic Conference,wac,Utah Valley
2014,2253,Grand Canyon Lopes,Grand Canyon,Western Athletic Conference,wac,Grand Canyon
2014,70,Idaho Vandals,Idaho,Western Athletic Conference,wac,Idaho
2014,2547,Seattle U Redhawks,Seattle U,Western Athletic Conference,wac,Seattle
2014,2130,Chicago State Cougars,Chicago State,Western Athletic Conference,wac,Chicago St.
2014,2934,Cal State Bakersfield Roadrunners,Cal State Bakersfield,Western Athletic Conference,wac,Cal St. Bakersfield
2014,140,Kansas City Roos,Kansas City,Western Athletic Conference,wac,UMKC
2014,292,UT Rio Grande Valley Vaqueros,UT Rio Grande Valley,Western Athletic Conference,wac,UT Rio Grande Valley
2015,2454,North Florida Ospreys,North Florida,ASUN Conference,a-sun,North Florida
2015,526,Florida Gulf Coast Eagles,Florida Gulf Coast,ASUN Conference,a-sun,Florida Gulf Coast
2015,2908,South Carolina Upstate Spartans,South Carolina Upstate,ASUN Conference,a-sun,USC Upstate
2015,288,Lipscomb Bisons,Lipscomb,ASUN Conference,a-sun,Lipscomb
2015,94,Northern Kentucky Norse,Northern Kentucky,ASUN Conference,a-sun,Northern Kentucky
2015,294,Jacksonville Dolphins,Jacksonville,ASUN Conference,a-sun,Jacksonville
2015,338,Kennesaw State Owls,Kennesaw State,ASUN Conference,a-sun,Kennesaw St.
2015,56,Stetson Hatters,Stetson,ASUN Conference,a-sun,Stetson
2015,399,UAlbany Great Danes,UAlbany,America East Conference,aeast,Albany
2015,2619,Stony Brook Seawolves,Stony Brook,America East Conference,aeast,Stony Brook
2015,261,Vermont Catamounts,Vermont,America East Conference,aeast,Vermont
2015,160,New Hampshire Wildcats,New Hampshire,America East Conference,aeast,New Hampshire
2015,42,Hartford Hawks,Hartford,America East Conference,aeast,Hartford
2015,2349,UMass Lowell River Hawks,UMass Lowell,America East Conference,aeast,UMass Lowell
2015,2066,Binghamton Bearcats,Binghamton,America East Conference,aeast,Binghamton
2015,2378,UMBC Retrievers,UMBC,America East Conference,aeast,UMBC
2015,311,Maine Black Bears,Maine,America East Conference,aeast,Maine
2015,2567,SMU Mustangs,SMU,American Athletic Conference,aac,SMU
2015,202,Tulsa Golden Hurricane,Tulsa,American Athletic Conference,aac,Tulsa
2015,218,Temple Owls,Temple,American Athletic Conference,aac,Temple
2015,2132,Cincinnati Bearcats,Cincinnati,American Athletic Conference,aac,Cincinnati
2015,235,Memphis Tigers,Memphis,American Athletic Conference,aac,Memphis
2015,41,UConn Huskies,UConn,American Athletic Conference,aac,Connecticut
2015,2655,Tulane Green Wave,Tulane,American Athletic Conference,aac,Tulane
2015,151,East Carolina Pirates,East Carolina,American Athletic Conference,aac,East Carolina
2015,2116,UCF Knights,UCF,American Athletic Conference,aac,UCF
2015,248,Houston Cougars,Houston,American Athletic Conference,aac,Houston
2015,58,South Florida Bulls,South Florida,American Athletic Conference,aac,South Florida
2015,2166,Davidson Wildcats,Davidson,Atlantic 10 Conference,atl10,Davidson
2015,2168,Dayton Flyers,Dayton,Atlantic 10 Conference,atl10,Dayton
2015,227,Rhode Island Rams,Rhode Island,Atlantic 10 Conference,atl10,Rhode Island
2015,2670,VCU Rams,VCU,Atlantic 10 Conference,atl10,VCU
2015,257,Richmond Spiders,Richmond,Atlantic 10 Conference,atl10,Richmond
2015,45,George Washington Revolutionaries,George Washington,Atlantic 10 Conference,atl10,George Washington
2015,179,St. Bonaventure Bonnies,St. Bonaventure,Atlantic 10 Conference,atl10,St. Bonaventure
2015,113,Massachusetts Minutemen,Massachusetts,Atlantic 10 Conference,atl10,Massachusetts
2015,2325,La Salle Explorers,La Salle,Atlantic 10 Conference,atl10,La Salle
2015,2603,Saint Joseph's Hawks,Saint Joseph's,Atlantic 10 Conference,atl10,Saint Joseph's
2015,2184,Duquesne Dukes,Duquesne,Atlantic 10 Conference,atl10,Duquesne
2015,2230,Fordham Rams,Fordham,Atlantic 10 Conference,atl10,Fordham
2015,139,Saint Louis Billikens,Saint Louis,Atlantic 10 Conference,atl10,Saint Louis
2015,2244,George Mason Patriots,George Mason,Atlantic 10 Conference,atl10,George Mason
2015,258,Virginia Cavaliers,Virginia,Atlantic Coast Conference,acc,Virginia
2015,150,Duke Blue Devils,Duke,Atlantic Coast Conference,acc,Duke
2015,87,Notre Dame Fighting Irish,Notre Dame,Atlantic Coast Conference,acc,Notre Dame
2015,97,Louisville Cardinals,Louisville,Atlantic Coast Conference,acc,Louisville
2015,153,North Carolina Tar Heels,North Carolina,Atlantic Coast Conference,acc,North Carolina
2015,2390,Miami Hurricanes,Miami,Atlantic Coast Conference,acc,Miami FL
2015,152,NC State Wolfpack,NC State,Atlantic Coast Conference,acc,N.C. State
2015,183,Syracuse Orange,Syracuse,Atlantic Coast Conference,acc,Syracuse
2015,52,Florida State Seminoles,Florida State,Atlantic Coast Conference,acc,Florida St.
2015,228,Clemson Tigers,Clemson,Atlantic Coast Conference,acc,Clemson
2015,221,Pittsburgh Panthers,Pittsburgh,Atlantic Coast Conference,acc,Pittsburgh
2015,103,Boston College Eagles,Boston College,Atlantic Coast Conference,acc,Boston College
2015,154,Wake Forest Demon Deacons,Wake Forest,Atlantic Coast Conference,acc,Wake Forest
2015,59,Georgia Tech Yellow Jackets,Georgia Tech,Atlantic Coast Conference,acc,Georgia Tech
2015,259,Virginia Tech Hokies,Virginia Tech,Atlantic Coast Conference,acc,Virginia Tech
2015,2305,Kansas Jayhawks,Kansas,Big 12 Conference,big12,Kansas
2015,66,Iowa State Cyclones,Iowa State,Big 12 Conference,big12,Iowa St.
2015,201,Oklahoma Sooners,Oklahoma,Big 12 Conference,big12,Oklahoma
2015,239,Baylor Bears,Baylor,Big 12 Conference,big12,Baylor
2015,277,West Virginia Mountaineers,West Virginia,Big 12 Conference,big12,West Virginia
2015,197,Oklahoma State Cowboys,Oklahoma State,Big 12 Conference,big12,Oklahoma St.
2015,251,Texas Longhorns,Texas,Big 12 Conference,big12,Texas
2015,2306,Kansas State Wildcats,Kansas State,Big 12 Conference,big12,Kansas St.
2015,2628,TCU Horned Frogs,TCU,Big 12 Conference,big12,TCU
2015,2641,Texas Tech Red Raiders,Texas Tech,Big 12 Conference,big12,Texas Tech
2015,222,Villanova Wildcats,Villanova,Big East Conference,bige,Villanova
2015,2086,Butler Bulldogs,Butler,Big East Conference,bige,Butler
2015,46,Georgetown Hoyas,Georgetown,Big East Conference,bige,Georgetown
2015,2507,Providence Friars,Providence,Big East Conference,bige,Providence
2015,2599,St. John's Red Storm,St. John's,Big East Conference,bige,St. John's
2015,2752,Xavier Musketeers,Xavier,Big East Conference,bige,Xavier
2015,2550,Seton Hall Pirates,Seton Hall,Big East Conference,bige,Seton Hall
2015,156,Creighton Bluejays,Creighton,Big East Conference,bige,Creighton
2015,305,DePaul Blue Demons,DePaul,Big East Conference,bige,DePaul
2015,269,Marquette Golden Eagles,Marquette,Big East Conference,bige,Marquette
2015,331,Eastern Washington Eagles,Eastern Washington,Big Sky Conference,bsky,Eastern Washington
2015,149,Montana Grizzlies,Montana,Big Sky Conference,bsky,Montana
2015,2464,Northern Arizona Lumberjacks,Northern Arizona,Big Sky Conference,bsky,Northern Arizona
2015,16,Sacramento State Hornets,Sacramento State,Big Sky Conference,bsky,Sacramento St.
2015,2458,Northern Colorado Bears,Northern Colorado,Big Sky Conference,bsky,Northern Colorado
2015,2502,Portland State Vikings,Portland State,Big Sky Conference,bsky,Portland St.
2015,70,Idaho Vandals,Idaho,Big Sky Conference,bsky,Idaho
2015,2692,Weber State Wildcats,Weber State,Big Sky Conference,bsky,Weber St.
2015,253,Southern Utah Thunderbirds,Southern Utah,Big Sky Conference,bsky,Southern Utah
2015,155,North Dakota Fighting Hawks,North Dakota,Big Sky Conference,bsky,North Dakota
2015,304,Idaho State Bengals,Idaho State,Big Sky Conference,bsky,Idaho St.
2015,147,Montana State Bobcats,Montana State,Big Sky Conference,bsky,Montana St.
2015,2272,High Point Panthers,High Point,Big South Conference,bsou,High Point
2015,2127,Charleston Southern Buccaneers,Charleston Southern,Big South Conference,bsou,Charleston Southern
2015,324,Coastal Carolina Chanticleers,Coastal Carolina,Big South Conference,bsou,Coastal Carolina
2015,2737,Winthrop Eagles,Winthrop,Big South Conference,bsou,Winthrop
2015,2515,Radford Highlanders,Radford,Big South Conference,bsou,Radford
2015,2427,UNC Asheville Bulldogs,UNC Asheville,Big South Conference,bsou,UNC Asheville
2015,2241,Gardner-Webb Runnin' Bulldogs,Gardner-Webb,Big South Conference,bsou,Gardner Webb
2015,2344,Longwood Lancers,Longwood,Big South Conference,bsou,Longwood
2015,2506,Presbyterian Blue Hose,Presbyterian,Big South Conference,bsou,Presbyterian
2015,2097,Campbell Fighting Camels,Campbell,Big South Conference,bsou,Campbell
2015,2335,Liberty Flames,Liberty,Big South Conference,bsou,Liberty
2015,275,Wisconsin Badgers,Wisconsin,Big Ten Conference,big10,Wisconsin
2015,120,Maryland Terrapins,Maryland,Big Ten Conference,big10,Maryland
2015,127,Michigan State Spartans,Michigan State,Big Ten Conference,big10,Michigan St.
2015,2509,Purdue Boilermakers,Purdue,Big Ten Conference,big10,Purdue
2015,2294,Iowa Hawkeyes,Iowa,Big Ten Conference,big10,Iowa
2015,194,Ohio State Buckeyes,Ohio State,Big Ten Conference,big10,Ohio St.
2015,84,Indiana Hoosiers,Indiana,Big Ten Conference,big10,Indiana
2015,356,Illinois Fighting Illini,Illinois,Big Ten Conference,big10,Illinois
2015,130,Michigan Wolverines,Michigan,Big Ten Conference,big10,Michigan
2015,77,Northwestern Wildcats,Northwestern,Big Ten Conference,big10,Northwestern
2015,135,Minnesota Golden Gophers,Minnesota,Big Ten Conference,big10,Minnesota
2015,158,Nebraska Cornhuskers,Nebraska,Big Ten Conference,big10,Nebraska
2015,213,Penn State Nittany Lions,Penn State,Big Ten Conference,big10,Penn St.
2015,164,Rutgers Scarlet Knights,Rutgers,Big Ten Conference,big10,Rutgers
2015,302,UC Davis Aggies,UC Davis,Big West Conference,bigw,UC Davis
2015,300,UC Irvine Anteaters,UC Irvine,Big West Conference,bigw,UC Irvine
2015,2540,UC Santa Barbara Gauchos,UC Santa Barbara,Big West Conference,bigw,UC Santa Barbara
2015,299,Long Beach State Beach,Long Beach State,Big West Conference,bigw,Long Beach St.
2015,62,Hawai'i Rainbow Warriors,Hawai'i,Big West Conference,bigw,Hawaii
2015,27,UC Riverside Highlanders,UC Riverside,Big West Conference,bigw,UC Riverside
2015,13,Cal Poly Mustangs,Cal Poly,Big West Conference,bigw,Cal Poly
2015,2463,Cal State Northridge Matadors,Cal State Northridge,Big West Conference,bigw,Cal St. Northridge
2015,2239,Cal State Fullerton Titans,Cal State Fullerton,Big West Conference,bigw,Cal St. Fullerton
2015,2729,William & Mary Tribe,William & Mary,Coastal Athletic Association,col,William & Mary
2015,111,Northeastern Huskies,Northeastern,Coastal Athletic Association,col,Northeastern
2015,350,UNC Wilmington Seahawks,UNC Wilmington,Coastal Athletic Association,col,UNC Wilmington
2015,256,James Madison Dukes,James Madison,Coastal Athletic Association,col,James Madison
2015,2275,Hofstra Pride,Hofstra,Coastal Athletic Association,col,Hofstra
2015,2210,Elon Phoenix,Elon,Coastal Athletic Association,col,Elon
2015,2182,Drexel Dragons,Drexel,Coastal Athletic Association,col,Drexel
2015,119,Towson Tigers,Towson,Coastal Athletic Association,col,Towson
2015,48,Delaware Blue Hens,Delaware,Coastal Athletic Association,col,Delaware
2015,232,Charleston Cougars,Charleston,Coastal Athletic Association,col,Charleston
2015,2348,Louisiana Tech Bulldogs,Louisiana Tech,Conference USA,usa,Louisiana Tech
2015,2638,UTEP Miners,UTEP,Conference USA,usa,UTEP
2015,295,Old Dominion Monarchs,Old Dominion,Conference USA,usa,Old Dominion
2015,5,UAB Blazers,UAB,Conference USA,usa,UAB
2015,98,Western Kentucky Hilltoppers,Western Kentucky,Conference USA,usa,Western Kentucky
2015,2393,Middle Tennessee Blue Raiders,Middle Tennessee,Conference USA,usa,Middle Tennessee
2015,2229,Florida International Panthers,Florida International,Conference USA,usa,FIU
2015,242,Rice Owls,Rice,Conference USA,usa,Rice
2015,2636,UTSA Roadrunners,UTSA,Conference USA,usa,UTSA
2015,249,North Texas Mean Green,North Texas,Conference USA,usa,North Texas
2015,2429,Charlotte 49ers,Charlotte,Conference USA,usa,Charlotte
2015,276,Marshall Thundering Herd,Marshall,Conference USA,usa,Marshall
2015,2572,Southern Miss Golden Eagles,Southern Miss,Conference USA,usa,Southern Miss
2015,2226,Florida Atlantic Owls,Florida Atlantic,Conference USA,usa,Florida Atlantic
2015,2885,NJIT Highlanders,NJIT,Division I Independents,ind,NJIT
2015,2674,Valparaiso Beacons,Valparaiso,Horizon League,hor,Valparaiso
2015,2739,Green Bay Phoenix,Green Bay,Horizon League,hor,Green Bay
2015,325,Cleveland State Vikings,Cleveland State,Horizon League,hor,Cleveland St.
2015,2473,Oakland Golden Grizzlies,Oakland,Horizon League,hor,Oakland
2015,270,Milwaukee Panthers,Milwaukee,Horizon League,hor,Milwaukee
2015,2174,Detroit Mercy Titans,Detroit Mercy,Horizon League,hor,Detroit Mercy
2015,2750,Wright State Raiders,Wright State,Horizon League,hor,Wright St.
2015,2754,Youngstown State Penguins,Youngstown State,Horizon League,hor,Youngstown St.
2015,82,UIC Flames,UIC,Horizon League,hor,Illinois Chicago
2015,108,Harvard Crimson,Harvard,Ivy League,ivy,Harvard
2015,43,Yale Bulldogs,Yale,Ivy League,ivy,Yale
2015,163,Princeton Tigers,Princeton,Ivy League,ivy,Princeton
2015,159,Dartmouth Big Green,Dartmouth,Ivy League,ivy,Dartmouth
2015,171,Columbia Lions,Columbia,Ivy League,ivy,Columbia
2015,172,Cornell Big Red,Cornell,Ivy League,ivy,Cornell
2015,225,Brown Bears,Brown,Ivy League,ivy,Brown
2015,219,Pennsylvania Quakers,Pennsylvania,Ivy League,ivy,Penn
2015,314,Iona Gaels,Iona,Metro Atlantic Athletic Conference,maac,Iona
2015,2520,Rider Broncs,Rider,Metro Atlantic Athletic Conference,maac,Rider
2015,2363,Manhattan Jaspers,Manhattan,Metro Atlantic Athletic Conference,maac,Manhattan
2015,2405,Monmouth Hawks,Monmouth,Metro Atlantic Athletic Conference,maac,Monmouth
2015,2099,Canisius Golden Griffins,Canisius,Metro Atlantic Athletic Conference,maac,Canisius
2015,2514,Quinnipiac Bobcats,Quinnipiac,Metro Atlantic Athletic Conference,maac,Quinnipiac
2015,2612,Saint Peter's Peacocks,Saint Peter's,Metro Atlantic Athletic Conference,maac,Saint Peter's
2015,2561,Siena Saints,Siena,Metro Atlantic Athletic Conference,maac,Siena
2015,315,Niagara Purple Eagles,Niagara,Metro Atlantic Athletic Conference,maac,Niagara
2015,2217,Fairfield Stags,Fairfield,Metro Atlantic Athletic Conference,maac,Fairfield
2015,2368,Marist Red Foxes,Marist,Metro Atlantic Athletic Conference,maac,Marist
2015,2084,Buffalo Bulls,Buffalo,Mid-American Conference,midame,Buffalo
2015,2309,Kent State Golden Flashes,Kent State,Mid-American Conference,midame,Kent St.
2015,189,Bowling Green Falcons,Bowling Green,Mid-American Conference,midame,Bowling Green
2015,2006,Akron Zips,Akron,Mid-American Conference,midame,Akron
2015,193,Miami (OH) RedHawks,Miami (OH),Mid-American Conference,midame,Miami OH
2015,195,Ohio Bobcats,Ohio,Mid-American Conference,midame,Ohio
2015,2117,Central Michigan Chippewas,Central Michigan,Mid-American Conference,midamw,Central Michigan
2015,2649,Toledo Rockets,Toledo,Mid-American Conference,midamw,Toledo
2015,2711,Western Michigan Broncos,Western Michigan,Mid-American Conference,midamw,Western Michigan
2015,2199,Eastern Michigan Eagles,Eastern Michigan,Mid-American Conference,midamw,Eastern Michigan
2015,2459,Northern Illinois Huskies,Northern Illinois,Mid-American Conference,midamw,Northern Illinois
2015,2050,Ball State Cardinals,Ball State,Mid-American Conference,midamw,Ball St.
2015,2428,North Carolina Central Eagles,North Carolina Central,Mid-Eastern Athletic Conference,meac,North Carolina Central
2015,2450,Norfolk State Spartans,Norfolk State,Mid-Eastern Athletic Conference,meac,Norfolk St.
2015,2379,Maryland Eastern Shore Hawks,Maryland Eastern Shore,Mid-Eastern Athletic Conference,meac,Maryland Eastern Shore
2015,47,Howard Bison,Howard,Mid-Eastern Athletic Conference,meac,Howard
2015,2169,Delaware State Hornets,Delaware State,Mid-Eastern Athletic Conference,meac,Delaware St.
2015,2261,Hampton Pirates,Hampton,Mid-Eastern Athletic Conference,meac,Hampton
2015,2065,Bethune-Cookman Wildcats,Bethune-Cookman,Mid-Eastern Athletic Conference,meac,Bethune Cookman
2015,2569,South Carolina State Bulldogs,South Carolina State,Mid-Eastern Athletic Conference,meac,South Carolina St.
2015,2448,North Carolina A&T Aggies,North Carolina A&T,Mid-Eastern Athletic Conference,meac,North Carolina A&T
2015,2542,Savannah State Tigers,Savannah State,Mid-Eastern Athletic Conference,meac,Savannah St.
2015,2154,Coppin State Eagles,Coppin State,Mid-Eastern Athletic Conference,meac,Coppin St.
2015,2415,Morgan State Bears,Morgan State,Mid-Eastern Athletic Conference,meac,Morgan St.
2015,50,Florida A&M Rattlers,Florida A&M,Mid-Eastern Athletic Conference,meac,Florida A&M
2015,2724,Wichita State Shockers,Wichita State,Missouri Valley Conference,mvc,Wichita St.
2015,2460,Northern Iowa Panthers,Northern Iowa,Missouri Valley Conference,mvc,Northern Iowa
2015,2287,Illinois State Redbirds,Illinois State,Missouri Valley Conference,mvc,Illinois St.
2015,339,Evansville Purple Aces,Evansville,Missouri Valley Conference,mvc,Evansville
2015,282,Indiana State Sycamores,Indiana State,Missouri Valley Conference,mvc,Indiana St.
2015,2350,Loyola Chicago Ramblers,Loyola Chicago,Missouri Valley Conference,mvc,Loyola Chicago
2015,79,Southern Illinois Salukis,Southern Illinois,Missouri Valley Conference,mvc,Southern Illinois
2015,2623,Missouri State Bears,Missouri State,Missouri Valley Conference,mvc,Missouri St.
2015,2181,Drake Bulldogs,Drake,Missouri Valley Conference,mvc,Drake
2015,71,Bradley Braves,Bradley,Missouri Valley Conference,mvc,Bradley
2015,68,Boise State Broncos,Boise State,Mountain West Conference,mwest,Boise St.
2015,21,San Diego State Aztecs,San Diego State,Mountain West Conference,mwest,San Diego St.
2015,36,Colorado State Rams,Colorado State,Mountain West Conference,mwest,Colorado St.
2015,2751,Wyoming Cowboys,Wyoming,Mountain West Conference,mwest,Wyoming
2015,328,Utah State Aggies,Utah State,Mountain West Conference,mwest,Utah St.
2015,278,Fresno State Bulldogs,Fresno State,Mountain West Conference,mwest,Fresno St.
2015,2439,UNLV Rebels,UNLV,Mountain West Conference,mwest,UNLV
2015,167,New Mexico Lobos,New Mexico,Mountain West Conference,mwest,New Mexico
2015,2005,Air Force Falcons,Air Force,Mountain West Conference,mwest,Air Force
2015,2440,Nevada Wolf Pack,Nevada,Mountain West Conference,mwest,Nevada
2015,23,San José State Spartans,San José State,Mountain West Conference,mwest,San Jose St.
2015,2597,St. Francis Brooklyn Terriers,St. Francis Brooklyn,Northeast Conference,neast,St. Francis NY
2015,2523,Robert Morris Colonials,Robert Morris,Northeast Conference,neast,Robert Morris
2015,2803,Bryant Bulldogs,Bryant,Northeast Conference,neast,Bryant
2015,116,Mount St. Mary's Mountaineers,Mount St. Mary's,Northeast Conference,neast,Mount St. Mary's
2015,2598,St. Francis (PA) Red Flash,St. Francis (PA),Northeast Conference,neast,Saint Francis
2015,2529,Sacred Heart Pioneers,Sacred Heart,Northeast Conference,neast,Sacred Heart
2015,112358,Long Island University Sharks,Long Island University,Northeast Conference,neast,LIU
2015,2681,Wagner Seahawks,Wagner,Northeast Conference,neast,Wagner
2015,161,Fairleigh Dickinson Knights,Fairleigh Dickinson,Northeast Conference,neast,Fairleigh Dickinson
2015,2115,Central Connecticut Blue Devils,Central Connecticut,Northeast Conference,neast,Central Connecticut
2015,2057,Belmont Bruins,Belmont,Ohio Valley Conference,ovce,Belmont
2015,2198,Eastern Kentucky Colonels,Eastern Kentucky,Ohio Valley Conference,ovce,Eastern Kentucky
2015,2413,Morehead State Eagles,Morehead State,Ohio Valley Conference,ovce,Morehead St.
2015,2635,Tennessee Tech Golden Eagles,Tennessee Tech,Ohio Valley Conference,ovce,Tennessee Tech
2015,55,Jacksonville State Gamecocks,Jacksonville State,Ohio Valley Conference,ovce,Jacksonville St.
2015,2634,Tennessee State Tigers,Tennessee State,Ohio Valley Conference,ovce,Tennessee St.
2015,93,Murray State Racers,Murray State,Ohio Valley Conference,ovcw,Murray St.
2015,2630,UT Martin Skyhawks,UT Martin,Ohio Valley Conference,ovcw,Tennessee Martin
2015,2197,Eastern Illinois Panthers,Eastern Illinois,Ohio Valley Conference,ovcw,Eastern Illinois
2015,2565,SIU Edwardsville Cougars,SIU Edwardsville,Ohio Valley Conference,ovcw,SIU Edwardsville
2015,2546,Southeast Missouri State Redhawks,Southeast Missouri State,Ohio Valley Conference,ovcw,Southeast Missouri St.
2015,2046,Austin Peay Governors,Austin Peay,Ohio Valley Conference,ovcw,Austin Peay
2015,12,Arizona Wildcats,Arizona,Pac-12 Conference,pac12,Arizona
2015,2483,Oregon Ducks,Oregon,Pac-12 Conference,pac12,Oregon
2015,254,Utah Utes,Utah,Pac-12 Conference,pac12,Utah
2015,26,UCLA Bruins,UCLA,Pac-12 Conference,pac12,UCLA
2015,24,Stanford Cardinal,Stanford,Pac-12 Conference,pac12,Stanford
2015,9,Arizona State Sun Devils,Arizona State,Pac-12 Conference,pac12,Arizona St.
2015,204,Oregon State Beavers,Oregon State,Pac-12 Conference,pac12,Oregon St.
2015,25,California Golden Bears,California,Pac-12 Conference,pac12,California
2015,38,Colorado Buffaloes,Colorado,Pac-12 Conference,pac12,Colorado
2015,264,Washington Huskies,Washington,Pac-12 Conference,pac12,Washington
2015,265,Washington State Cougars,Washington State,Pac-12 Conference,pac12,Washington St.
2015,30,USC Trojans,USC,Pac-12 Conference,pac12,USC
2015,2083,Bucknell Bison,Bucknell,Patriot League,pat,Bucknell
2015,2329,Lehigh Mountain Hawks,Lehigh,Patriot League,pat,Lehigh
2015,322,Lafayette Leopards,Lafayette,Patriot League,pat,Lafayette
2015,44,American University Eagles,American University,Patriot League,pat,American
2015,349,Army Black Knights,Army,Patriot League,pat,Army
2015,2142,Colgate Raiders,Colgate,Patriot League,pat,Colgate
2015,107,Holy Cross Crusaders,Holy Cross,Patriot League,pat,Holy Cross
2015,104,Boston University Terriers,Boston University,Patriot League,pat,Boston University
2015,2426,Navy Midshipmen,Navy,Patriot League,pat,Navy
2015,2352,Loyola Maryland Greyhounds,Loyola Maryland,Patriot League,pat,Loyola MD
2015,96,Kentucky Wildcats,Kentucky,Southeastern Conference,sec,Kentucky
2015,8,Arkansas Razorbacks,Arkansas,Southeastern Conference,sec,Arkansas
2015,99,LSU Tigers,LSU,Southeastern Conference,sec,LSU
2015,61,Georgia Bulldogs,Georgia,Southeastern Conference,sec,Georgia
2015,145,Ole Miss Rebels,Ole Miss,Southeastern Conference,sec,Mississippi
2015,245,Texas A&M Aggies,Texas A&M,Southeastern Conference,sec,Texas A&M
2015,238,Vanderbilt Commodores,Vanderbilt,Southeastern Conference,sec,Vanderbilt
2015,57,Florida Gators,Florida,Southeastern Conference,sec,Florida
2015,333,Alabama Crimson Tide,Alabama,Southeastern Conference,sec,Alabama
2015,2633,Tennessee Volunteers,Tennessee,Southeastern Conference,sec,Tennessee
2015,2579,South Carolina Gamecocks,South Carolina,Southeastern Conference,sec,South Carolina
2015,344,Mississippi State Bulldogs,Mississippi State,Southeastern Conference,sec,Mississippi St.
2015,2,Auburn Tigers,Auburn,Southeastern Conference,sec,Auburn
2015,142,Missouri Tigers,Missouri,Southeastern Conference,sec,Missouri
2015,2747,Wofford Terriers,Wofford,Southern Conference,south,Wofford
2015,236,Chattanooga Mocs,Chattanooga,Southern Conference,south,Chattanooga
2015,2382,Mercer Bears,Mercer,Southern Conference,south,Mercer
2015,2193,East Tennessee State Buccaneers,East Tennessee State,Southern Conference,south,East Tennessee St.
2015,2717,Western Carolina Catamounts,Western Carolina,Southern Conference,south,Western Carolina
2015,2535,Samford Bulldogs,Samford,Southern Conference,south,Samford
2015,2678,VMI Keydets,VMI,Southern Conference,south,VMI
2015,2643,The Citadel Bulldogs,The Citadel,Southern Conference,south,The Citadel
2015,2430,UNC Greensboro Spartans,UNC Greensboro,Southern Conference,south,UNC Greensboro
2015,231,Furman Paladins,Furman,Southern Conference,south,Furman
2015,2617,Stephen F. Austin Lumberjacks,Stephen F. Austin,Southland Conference,land,Stephen F. Austin
2015,2534,Sam Houston Bearkats,Sam Houston,Southland Conference,land,Sam Houston St.
2015,357,Texas A&M-Corpus Christi Islanders,Texas A&M-Corpus Christi,Southland Conference,land,Texas A&M Corpus Chris
2015,2466,Northwestern State Demons,Northwestern State,Southland Conference,land,Northwestern St.
2015,2916,Incarnate Word Cardinals,Incarnate Word,Southland Conference,land,Incarnate Word
2015,2320,Lamar Cardinals,Lamar,Southland Conference,land,Lamar
2015,2377,McNeese Cowboys,McNeese,Southland Conference,land,McNeese St.
2015,2277,Houston Christian Huskies,Houston Christian,Southland Conference,land,Houston Christian
2015,2447,Nicholls Colonels,Nicholls,Southland Conference,land,Nicholls St.
2015,2443,New Orleans Privateers,New Orleans,Southland Conference,land,New Orleans
2015,2000,Abilene Christian Wildcats,Abilene Christian,Southland Conference,land,Abilene Christian
2015,2545,SE Louisiana Lions,SE Louisiana,Southland Conference,land,Southeastern Louisiana
2015,2110,Central Arkansas Bears,Central Arkansas,Southland Conference,land,Central Arkansas
2015,2640,Texas Southern Tigers,Texas Southern,Southwestern Athletic Conference,swac,Texas Southern
2015,2011,Alabama State Hornets,Alabama State,Southwestern Athletic Conference,swac,Alabama St.
2015,2582,Southern Jaguars,Southern,Southwestern Athletic Conference,swac,Southern
2015,2504,Prairie View A&M Panthers,Prairie View A&M,Southwestern Athletic Conference,swac,Prairie View A&M
2015,2029,Arkansas-Pine Bluff Golden Lions,Arkansas-Pine Bluff,Southwestern Athletic Conference,swac,Arkansas Pine Bluff
2015,2296,Jackson State Tigers,Jackson State,Southwestern Athletic Conference,swac,Jackson St.
2015,2010,Alabama A&M Bulldogs,Alabama A&M,Southwestern Athletic Conference,swac,Alabama A&M
2015,2400,Mississippi Valley State Delta Devils,Mississippi Valley State,Southwestern Athletic Conference,swac,Mississippi Valley St.
2015,2016,Alcorn State Braves,Alcorn State,Southwestern Athletic Conference,swac,Alcorn St.
2015,2755,Grambling Tigers,Grambling,Southwestern Athletic Conference,swac,Grambling St.
2015,2449,North Dakota State Bison,North Dakota State,Summit League,summ,North Dakota St.
2015,2571,South Dakota State Jackrabbits,South Dakota State,Summit League,summ,South Dakota St.
2015,198,Oral Roberts Golden Eagles,Oral Roberts,Summit League,summ,Oral Roberts
2015,233,South Dakota Coyotes,South Dakota,Summit League,summ,South Dakota
2015,2870,Purdue Fort Wayne Mastodons,Purdue Fort Wayne,Summit League,summ,Purdue Fort Wayne
2015,2172,Denver Pioneers,Denver,Summit League,summ,Denver
2015,2437,Omaha Mavericks,Omaha,Summit League,summ,Nebraska Omaha
2015,85,IU Indianapolis Jaguars,IU Indianapolis,Summit League,summ,IU Indy
2015,2710,Western Illinois Leathernecks,Western Illinois,Summit League,summ,Western Illinois
2015,2247,Georgia State Panthers,Georgia State,Sun Belt Conference,belt,Georgia St.
2015,290,Georgia Southern Eagles,Georgia Southern,Sun Belt Conference,belt,Georgia Southern
2015,2433,UL Monroe Warhawks,UL Monroe,Sun Belt Conference,belt,Louisiana Monroe
2015,309,Louisiana Ragin' Cajuns,Louisiana,Sun Belt Conference,belt,Louisiana
2015,250,UT Arlington Mavericks,UT Arlington,Sun Belt Conference,belt,UT Arlington
2015,6,South Alabama Jaguars,South Alabama,Sun Belt Conference,belt,South Alabama
2015,2026,App State Mountaineers,App State,Sun Belt Conference,belt,Appalachian St.
2015,2031,Little Rock Trojans,Little Rock,Sun Belt Conference,belt,Little Rock
2015,326,Texas State Bobcats,Texas State,Sun Belt Conference,belt,Texas St.
2015,2032,Arkansas State Red Wolves,Arkansas State,Sun Belt Conference,belt,Arkansas St.
2015,2653,Troy Trojans,Troy,Sun Belt Conference,belt,Troy
2015,2250,Gonzaga Bulldogs,Gonzaga,West Coast Conference,wcc,Gonzaga
2015,252,BYU Cougars,BYU,West Coast Conference,wcc,BYU
2015,2608,Saint Mary's Gaels,Saint Mary's,West Coast Conference,wcc,Saint Mary's
2015,2492,Pepperdine Waves,Pepperdine,West Coast Conference,wcc,Pepperdine
2015,301,San Diego Toreros,San Diego,West Coast Conference,wcc,San Diego
2015,2501,Portland Pilots,Portland,West Coast Conference,wcc,Portland
2015,2539,San Francisco Dons,San Francisco,West Coast Conference,wcc,San Francisco
2015,2541,Santa Clara Broncos,Santa Clara,West Coast Conference,wcc,Santa Clara
2015,279,Pacific Tigers,Pacific,West Coast Conference,wcc,Pacific
2015,2351,Loyola Marymount Lions,Loyola Marymount,West Coast Conference,wcc,Loyola Marymount
2015,166,New Mexico State Aggies,New Mexico State,Western Athletic Conference,wac,New Mexico St.
2015,140,Kansas City Roos,Kansas City,Western Athletic Conference,wac,UMKC
2015,2253,Grand Canyon Lopes,Grand Canyon,Western Athletic Conference,wac,Grand Canyon
2015,2547,Seattle U Redhawks,Seattle U,Western Athletic Conference,wac,Seattle
2015,2934,Cal State Bakersfield Roadrunners,Cal State Bakersfield,Western Athletic Conference,wac,Cal St. Bakersfield
2015,3084,Utah Valley Wolverines,Utah Valley,Western Athletic Conference,wac,Utah Valley
2015,2130,Chicago State Cougars,Chicago State,Western Athletic Conference,wac,Chicago St.
2015,292,UT Rio Grande Valley Vaqueros,UT Rio Grande Valley,Western Athletic Conference,wac,UT Rio Grande Valley
2016,2454,North Florida Ospreys,North Florida,ASUN Conference,a-sun,North Florida
2016,2885,NJIT Highlanders,NJIT,ASUN Conference,a-sun,NJIT
2016,294,Jacksonville Dolphins,Jacksonville,ASUN Conference,a-sun,Jacksonville
2016,526,Florida Gulf Coast Eagles,Florida Gulf Coast,ASUN Conference,a-sun,Florida Gulf Coast
2016,338,Kennesaw State Owls,Kennesaw State,ASUN Conference,a-sun,Kennesaw St.
2016,288,Lipscomb Bisons,Lipscomb,ASUN Conference,a-sun,Lipscomb
2016,56,Stetson Hatters,Stetson,ASUN Conference,a-sun,Stetson
2016,2908,South Carolina Upstate Spartans,South Carolina Upstate,ASUN Conference,a-sun,USC Upstate
2016,2619,Stony Brook Seawolves,Stony Brook,America East Conference,aeast,Stony Brook
2016,399,UAlbany Great Danes,UAlbany,America East Conference,aeast,Albany
2016,261,Vermont Catamounts,Vermont,America East Conference,aeast,Vermont
2016,160,New Hampshire Wildcats,New Hampshire,America East Conference,aeast,New Hampshire
2016,2349,UMass Lowell River Hawks,UMass Lowell,America East Conference,aeast,UMass Lowell
2016,2066,Binghamton Bearcats,Binghamton,America East Conference,aeast,Binghamton
2016,42,Hartford Hawks,Hartford,America East Conference,aeast,Hartford
2016,311,Maine Black Bears,Maine,America East Conference,aeast,Maine
2016,2378,UMBC Retrievers,UMBC,America East Conference,aeast,UMBC
2016,218,Temple Owls,Temple,American Athletic Conference,aac,Temple
2016,2567,SMU Mustangs,SMU,American Athletic Conference,aac,SMU
2016,248,Houston Cougars,Houston,American Athletic Conference,aac,Houston
2016,2132,Cincinnati Bearcats,Cincinnati,American Athletic Conference,aac,Cincinnati
2016,202,Tulsa Golden Hurricane,Tulsa,American Athletic Conference,aac,Tulsa
2016,41,UConn Huskies,UConn,American Athletic Conference,aac,Connecticut
2016,235,Memphis Tigers,Memphis,American Athletic Conference,aac,Memphis
2016,2116,UCF Knights,UCF,American Athletic Conference,aac,UCF
2016,151,East Carolina Pirates,East Carolina,American Athletic Conference,aac,East Carolina
2016,58,South Florida Bulls,South Florida,American Athletic Conference,aac,South Florida
2016,2655,Tulane Green Wave,Tulane,American Athletic Conference,aac,Tulane
2016,2168,Dayton Flyers,Dayton,Atlantic 10 Conference,atl10,Dayton
2016,2670,VCU Rams,VCU,Atlantic 10 Conference,atl10,VCU
2016,179,St. Bonaventure Bonnies,St. Bonaventure,Atlantic 10 Conference,atl10,St. Bonaventure
2016,2603,Saint Joseph's Hawks,Saint Joseph's,Atlantic 10 Conference,atl10,Saint Joseph's
2016,45,George Washington Revolutionaries,George Washington,Atlantic 10 Conference,atl10,George Washington
2016,2166,Davidson Wildcats,Davidson,Atlantic 10 Conference,atl10,Davidson
2016,227,Rhode Island Rams,Rhode Island,Atlantic 10 Conference,atl10,Rhode Island
2016,2230,Fordham Rams,Fordham,Atlantic 10 Conference,atl10,Fordham
2016,257,Richmond Spiders,Richmond,Atlantic 10 Conference,atl10,Richmond
2016,113,Massachusetts Minutemen,Massachusetts,Atlantic 10 Conference,atl10,Massachusetts
2016,2184,Duquesne Dukes,Duquesne,Atlantic 10 Conference,atl10,Duquesne
2016,2244,George Mason Patriots,George Mason,Atlantic 10 Conference,atl10,George Mason
2016,139,Saint Louis Billikens,Saint Louis,Atlantic 10 Conference,atl10,Saint Louis
2016,2325,La Salle Explorers,La Salle,Atlantic 10 Conference,atl10,La Salle
2016,153,North Carolina Tar Heels,North Carolina,Atlantic Coast Conference,acc,North Carolina
2016,258,Virginia Cavaliers,Virginia,Atlantic Coast Conference,acc,Virginia
2016,2390,Miami Hurricanes,Miami,Atlantic Coast Conference,acc,Miami FL
2016,97,Louisville Cardinals,Louisville,Atlantic Coast Conference,acc,Louisville
2016,87,Notre Dame Fighting Irish,Notre Dame,Atlantic Coast Conference,acc,Notre Dame
2016,150,Duke Blue Devils,Duke,Atlantic Coast Conference,acc,Duke
2016,259,Virginia Tech Hokies,Virginia Tech,Atlantic Coast Conference,acc,Virginia Tech
2016,228,Clemson Tigers,Clemson,Atlantic Coast Conference,acc,Clemson
2016,221,Pittsburgh Panthers,Pittsburgh,Atlantic Coast Conference,acc,Pittsburgh
2016,183,Syracuse Orange,Syracuse,Atlantic Coast Conference,acc,Syracuse
2016,59,Georgia Tech Yellow Jackets,Georgia Tech,Atlantic Coast Conference,acc,Georgia Tech
2016,52,Florida State Seminoles,Florida State,Atlantic Coast Conference,acc,Florida St.
2016,152,NC State Wolfpack,NC State,Atlantic Coast Conference,acc,N.C. State
2016,154,Wake Forest Demon Deacons,Wake Forest,Atlantic Coast Conference,acc,Wake Forest
2016,103,Boston College Eagles,Boston College,Atlantic Coast Conference,acc,Boston College
2016,2305,Kansas Jayhawks,Kansas,Big 12 Conference,big12,Kansas
2016,277,West Virginia Mountaineers,West Virginia,Big 12 Conference,big12,West Virginia
2016,201,Oklahoma Sooners,Oklahoma,Big 12 Conference,big12,Oklahoma
2016,251,Texas Longhorns,Texas,Big 12 Conference,big12,Texas
2016,239,Baylor Bears,Baylor,Big 12 Conference,big12,Baylor
2016,66,Iowa State Cyclones,Iowa State,Big 12 Conference,big12,Iowa St.
2016,2641,Texas Tech Red Raiders,Texas Tech,Big 12 Conference,big12,Texas Tech
2016,2306,Kansas State Wildcats,Kansas State,Big 12 Conference,big12,Kansas St.
2016,197,Oklahoma State Cowboys,Oklahoma State,Big 12 Conference,big12,Oklahoma St.
2016,2628,TCU Horned Frogs,TCU,Big 12 Conference,big12,TCU
2016,222,Villanova Wildcats,Villanova,Big East Conference,bige,Villanova
2016,2752,Xavier Musketeers,Xavier,Big East Conference,bige,Xavier
2016,2550,Seton Hall Pirates,Seton Hall,Big East Conference,bige,Seton Hall
2016,2507,Providence Friars,Providence,Big East Conference,bige,Providence
2016,2086,Butler Bulldogs,Butler,Big East Conference,bige,Butler
2016,156,Creighton Bluejays,Creighton,Big East Conference,bige,Creighton
2016,269,Marquette Golden Eagles,Marquette,Big East Conference,bige,Marquette
2016,46,Georgetown Hoyas,Georgetown,Big East Conference,bige,Georgetown
2016,305,DePaul Blue Demons,DePaul,Big East Conference,bige,DePaul
2016,2599,St. John's Red Storm,St. John's,Big East Conference,bige,St. John's
2016,2692,Weber State Wildcats,Weber State,Big Sky Conference,bsky,Weber St.
2016,149,Montana Grizzlies,Montana,Big Sky Conference,bsky,Montana
2016,70,Idaho Vandals,Idaho,Big Sky Conference,bsky,Idaho
2016,304,Idaho State Bengals,Idaho State,Big Sky Conference,bsky,Idaho St.
2016,331,Eastern Washington Eagles,Eastern Washington,Big Sky Conference,bsky,Eastern Washington
2016,155,North Dakota Fighting Hawks,North Dakota,Big Sky Conference,bsky,North Dakota
2016,147,Montana State Bobcats,Montana State,Big Sky Conference,bsky,Montana St.
2016,2502,Portland State Vikings,Portland State,Big Sky Conference,bsky,Portland St.
2016,2458,Northern Colorado Bears,Northern Colorado,Big Sky Conference,bsky,Northern Colorado
2016,16,Sacramento State Hornets,Sacramento State,Big Sky Conference,bsky,Sacramento St.
2016,253,Southern Utah Thunderbirds,Southern Utah,Big Sky Conference,bsky,Southern Utah
2016,2464,Northern Arizona Lumberjacks,Northern Arizona,Big Sky Conference,bsky,Northern Arizona
2016,2737,Winthrop Eagles,Winthrop,Big South Conference,bsou,Winthrop
2016,2272,High Point Panthers,High Point,Big South Conference,bsou,High Point
2016,324,Coastal Carolina Chanticleers,Coastal Carolina,Big South Conference,bsou,Coastal Carolina
2016,2427,UNC Asheville Bulldogs,UNC Asheville,Big South Conference,bsou,UNC Asheville
2016,2335,Liberty Flames,Liberty,Big South Conference,bsou,Liberty
2016,2241,Gardner-Webb Runnin' Bulldogs,Gardner-Webb,Big South Conference,bsou,Gardner Webb
2016,2515,Radford Highlanders,Radford,Big South Conference,bsou,Radford
2016,2344,Longwood Lancers,Longwood,Big South Conference,bsou,Longwood
2016,2127,Charleston Southern Buccaneers,Charleston Southern,Big South Conference,bsou,Charleston Southern
2016,2506,Presbyterian Blue Hose,Presbyterian,Big South Conference,bsou,Presbyterian
2016,2097,Campbell Fighting Camels,Campbell,Big South Conference,bsou,Campbell
2016,84,Indiana Hoosiers,Indiana,Big Ten Conference,big10,Indiana
2016,127,Michigan State Spartans,Michigan State,Big Ten Conference,big10,Michigan St.
2016,120,Maryland Terrapins,Maryland,Big Ten Conference,big10,Maryland
2016,2509,Purdue Boilermakers,Purdue,Big Ten Conference,big10,Purdue
2016,2294,Iowa Hawkeyes,Iowa,Big Ten Conference,big10,Iowa
2016,275,Wisconsin Badgers,Wisconsin,Big Ten Conference,big10,Wisconsin
2016,194,Ohio State Buckeyes,Ohio State,Big Ten Conference,big10,Ohio St.
2016,130,Michigan Wolverines,Michigan,Big Ten Conference,big10,Michigan
2016,77,Northwestern Wildcats,Northwestern,Big Ten Conference,big10,Northwestern
2016,213,Penn State Nittany Lions,Penn State,Big Ten Conference,big10,Penn St.
2016,158,Nebraska Cornhuskers,Nebraska,Big Ten Conference,big10,Nebraska
2016,356,Illinois Fighting Illini,Illinois,Big Ten Conference,big10,Illinois
2016,135,Minnesota Golden Gophers,Minnesota,Big Ten Conference,big10,Minnesota
2016,164,Rutgers Scarlet Knights,Rutgers,Big Ten Conference,big10,Rutgers
2016,62,Hawai'i Rainbow Warriors,Hawai'i,Big West Conference,bigw,Hawaii
2016,300,UC Irvine Anteaters,UC Irvine,Big West Conference,bigw,UC Irvine
2016,299,Long Beach State Beach,Long Beach State,Big West Conference,bigw,Long Beach St.
2016,2540,UC Santa Barbara Gauchos,UC Santa Barbara,Big West Conference,bigw,UC Santa Barbara
2016,302,UC Davis Aggies,UC Davis,Big West Conference,bigw,UC Davis
2016,27,UC Riverside Highlanders,UC Riverside,Big West Conference,bigw,UC Riverside
2016,2463,Cal State Northridge Matadors,Cal State Northridge,Big West Conference,bigw,Cal St. Northridge
2016,13,Cal Poly Mustangs,Cal Poly,Big West Conference,bigw,Cal Poly
2016,2239,Cal State Fullerton Titans,Cal State Fullerton,Big West Conference,bigw,Cal St. Fullerton
2016,350,UNC Wilmington Seahawks,UNC Wilmington,Coastal Athletic Association,col,UNC Wilmington
2016,2275,Hofstra Pride,Hofstra,Coastal Athletic Association,col,Hofstra
2016,119,Towson Tigers,Towson,Coastal Athletic Association,col,Towson
2016,2729,William & Mary Tribe,William & Mary,Coastal Athletic Association,col,William & Mary
2016,256,James Madison Dukes,James Madison,Coastal Athletic Association,col,James Madison
2016,111,Northeastern Huskies,Northeastern,Coastal Athletic Association,col,Northeastern
2016,232,Charleston Cougars,Charleston,Coastal Athletic Association,col,Charleston
2016,2210,Elon Phoenix,Elon,Coastal Athletic Association,col,Elon
2016,2182,Drexel Dragons,Drexel,Coastal Athletic Association,col,Drexel
2016,48,Delaware Blue Hens,Delaware,Coastal Athletic Association,col,Delaware
2016,5,UAB Blazers,UAB,Conference USA,usa,UAB
2016,2393,Middle Tennessee Blue Raiders,Middle Tennessee,Conference USA,usa,Middle Tennessee
2016,2348,Louisiana Tech Bulldogs,Louisiana Tech,Conference USA,usa,Louisiana Tech
2016,295,Old Dominion Monarchs,Old Dominion,Conference USA,usa,Old Dominion
2016,276,Marshall Thundering Herd,Marshall,Conference USA,usa,Marshall
2016,2638,UTEP Miners,UTEP,Conference USA,usa,UTEP
2016,2429,Charlotte 49ers,Charlotte,Conference USA,usa,Charlotte
2016,98,Western Kentucky Hilltoppers,Western Kentucky,Conference USA,usa,Western Kentucky
2016,249,North Texas Mean Green,North Texas,Conference USA,usa,North Texas
2016,242,Rice Owls,Rice,Conference USA,usa,Rice
2016,2229,Florida International Panthers,Florida International,Conference USA,usa,FIU
2016,2226,Florida Atlantic Owls,Florida Atlantic,Conference USA,usa,Florida Atlantic
2016,2572,Southern Miss Golden Eagles,Southern Miss,Conference USA,usa,Southern Miss
2016,2636,UTSA Roadrunners,UTSA,Conference USA,usa,UTSA
2016,2674,Valparaiso Beacons,Valparaiso,Horizon League,hor,Valparaiso
2016,2473,Oakland Golden Grizzlies,Oakland,Horizon League,hor,Oakland
2016,2750,Wright State Raiders,Wright State,Horizon League,hor,Wright St.
2016,2739,Green Bay Phoenix,Green Bay,Horizon League,hor,Green Bay
2016,270,Milwaukee Panthers,Milwaukee,Horizon League,hor,Milwaukee
2016,2174,Detroit Mercy Titans,Detroit Mercy,Horizon League,hor,Detroit Mercy
2016,2754,Youngstown State Penguins,Youngstown State,Horizon League,hor,Youngstown St.
2016,94,Northern Kentucky Norse,Northern Kentucky,Horizon League,hor,Northern Kentucky
2016,325,Cleveland State Vikings,Cleveland State,Horizon League,hor,Cleveland St.
2016,82,UIC Flames,UIC,Horizon League,hor,Illinois Chicago
2016,43,Yale Bulldogs,Yale,Ivy League,ivy,Yale
2016,163,Princeton Tigers,Princeton,Ivy League,ivy,Princeton
2016,171,Columbia Lions,Columbia,Ivy League,ivy,Columbia
2016,108,Harvard Crimson,Harvard,Ivy League,ivy,Harvard
2016,219,Pennsylvania Quakers,Pennsylvania,Ivy League,ivy,Penn
2016,159,Dartmouth Big Green,Dartmouth,Ivy League,ivy,Dartmouth
2016,172,Cornell Big Red,Cornell,Ivy League,ivy,Cornell
2016,225,Brown Bears,Brown,Ivy League,ivy,Brown
2016,2405,Monmouth Hawks,Monmouth,Metro Atlantic Athletic Conference,maac,Monmouth
2016,314,Iona Gaels,Iona,Metro Atlantic Athletic Conference,maac,Iona
2016,2561,Siena Saints,Siena,Metro Atlantic Athletic Conference,maac,Siena
2016,2217,Fairfield Stags,Fairfield,Metro Atlantic Athletic Conference,maac,Fairfield
2016,2612,Saint Peter's Peacocks,Saint Peter's,Metro Atlantic Athletic Conference,maac,Saint Peter's
2016,2363,Manhattan Jaspers,Manhattan,Metro Atlantic Athletic Conference,maac,Manhattan
2016,2099,Canisius Golden Griffins,Canisius,Metro Atlantic Athletic Conference,maac,Canisius
2016,2520,Rider Broncs,Rider,Metro Atlantic Athletic Conference,maac,Rider
2016,2514,Quinnipiac Bobcats,Quinnipiac,Metro Atlantic Athletic Conference,maac,Quinnipiac
2016,315,Niagara Purple Eagles,Niagara,Metro Atlantic Athletic Conference,maac,Niagara
2016,2368,Marist Red Foxes,Marist,Metro Atlantic Athletic Conference,maac,Marist
2016,2006,Akron Zips,Akron,Mid-American Conference,midame,Akron
2016,195,Ohio Bobcats,Ohio,Mid-American Conference,midame,Ohio
2016,2084,Buffalo Bulls,Buffalo,Mid-American Conference,midame,Buffalo
2016,2309,Kent State Golden Flashes,Kent State,Mid-American Conference,midame,Kent St.
2016,193,Miami (OH) RedHawks,Miami (OH),Mid-American Conference,midame,Miami OH
2016,189,Bowling Green Falcons,Bowling Green,Mid-American Conference,midame,Bowling Green
2016,2117,Central Michigan Chippewas,Central Michigan,Mid-American Conference,midamw,Central Michigan
2016,2050,Ball State Cardinals,Ball State,Mid-American Conference,midamw,Ball St.
2016,2459,Northern Illinois Huskies,Northern Illinois,Mid-American Conference,midamw,Northern Illinois
2016,2199,Eastern Michigan Eagles,Eastern Michigan,Mid-American Conference,midamw,Eastern Michigan
2016,2649,Toledo Rockets,Toledo,Mid-American Conference,midamw,Toledo
2016,2711,Western Michigan Broncos,Western Michigan,Mid-American Conference,midamw,Western Michigan
2016,2261,Hampton Pirates,Hampton,Mid-Eastern Athletic Conference,meac,Hampton
2016,2569,South Carolina State Bulldogs,South Carolina State,Mid-Eastern Athletic Conference,meac,South Carolina St.
2016,2450,Norfolk State Spartans,Norfolk State,Mid-Eastern Athletic Conference,meac,Norfolk St.
2016,2065,Bethune-Cookman Wildcats,Bethune-Cookman,Mid-Eastern Athletic Conference,meac,Bethune Cookman
2016,2542,Savannah State Tigers,Savannah State,Mid-Eastern Athletic Conference,meac,Savannah St.
2016,2448,North Carolina A&T Aggies,North Carolina A&T,Mid-Eastern Athletic Conference,meac,North Carolina A&T
2016,2428,North Carolina Central Eagles,North Carolina Central,Mid-Eastern Athletic Conference,meac,North Carolina Central
2016,2379,Maryland Eastern Shore Hawks,Maryland Eastern Shore,Mid-Eastern Athletic Conference,meac,Maryland Eastern Shore
2016,2415,Morgan State Bears,Morgan State,Mid-Eastern Athletic Conference,meac,Morgan St.
2016,47,Howard Bison,Howard,Mid-Eastern Athletic Conference,meac,Howard
2016,2154,Coppin State Eagles,Coppin State,Mid-Eastern Athletic Conference,meac,Coppin St.
2016,2169,Delaware State Hornets,Delaware State,Mid-Eastern Athletic Conference,meac,Delaware St.
2016,50,Florida A&M Rattlers,Florida A&M,Mid-Eastern Athletic Conference,meac,Florida A&M
2016,2724,Wichita State Shockers,Wichita State,Missouri Valley Conference,mvc,Wichita St.
2016,339,Evansville Purple Aces,Evansville,Missouri Valley Conference,mvc,Evansville
2016,2287,Illinois State Redbirds,Illinois State,Missouri Valley Conference,mvc,Illinois St.
2016,79,Southern Illinois Salukis,Southern Illinois,Missouri Valley Conference,mvc,Southern Illinois
2016,2460,Northern Iowa Panthers,Northern Iowa,Missouri Valley Conference,mvc,Northern Iowa
2016,282,Indiana State Sycamores,Indiana State,Missouri Valley Conference,mvc,Indiana St.
2016,2623,Missouri State Bears,Missouri State,Missouri Valley Conference,mvc,Missouri St.
2016,2350,Loyola Chicago Ramblers,Loyola Chicago,Missouri Valley Conference,mvc,Loyola Chicago
2016,71,Bradley Braves,Bradley,Missouri Valley Conference,mvc,Bradley
2016,2181,Drake Bulldogs,Drake,Missouri Valley Conference,mvc,Drake
2016,21,San Diego State Aztecs,San Diego State,Mountain West Conference,mwest,San Diego St.
2016,278,Fresno State Bulldogs,Fresno State,Mountain West Conference,mwest,Fresno St.
2016,68,Boise State Broncos,Boise State,Mountain West Conference,mwest,Boise St.
2016,2440,Nevada Wolf Pack,Nevada,Mountain West Conference,mwest,Nevada
2016,167,New Mexico Lobos,New Mexico,Mountain West Conference,mwest,New Mexico
2016,2439,UNLV Rebels,UNLV,Mountain West Conference,mwest,UNLV
2016,36,Colorado State Rams,Colorado State,Mountain West Conference,mwest,Colorado St.
2016,328,Utah State Aggies,Utah State,Mountain West Conference,mwest,Utah St.
2016,2751,Wyoming Cowboys,Wyoming,Mountain West Conference,mwest,Wyoming
2016,2005,Air Force Falcons,Air Force,Mountain West Conference,mwest,Air Force
2016,23,San José State Spartans,San José State,Mountain West Conference,mwest,San Jose St.
2016,2681,Wagner Seahawks,Wagner,Northeast Conference,neast,Wagner
2016,161,Fairleigh Dickinson Knights,Fairleigh Dickinson,Northeast Conference,neast,Fairleigh Dickinson
2016,2597,St. Francis Brooklyn Terriers,St. Francis Brooklyn,Northeast Conference,neast,St. Francis NY
2016,2529,Sacred Heart Pioneers,Sacred Heart,Northeast Conference,neast,Sacred Heart
2016,116,Mount St. Mary's Mountaineers,Mount St. Mary's,Northeast Conference,neast,Mount St. Mary's
2016,112358,Long Island University Sharks,Long Island University,Northeast Conference,neast,LIU
2016,2598,St. Francis (PA) Red Flash,St. Francis (PA),Northeast Conference,neast,Saint Francis
2016,2523,Robert Morris Colonials,Robert Morris,Northeast Conference,neast,Robert Morris
2016,2803,Bryant Bulldogs,Bryant,Northeast Conference,neast,Bryant
2016,2115,Central Connecticut Blue Devils,Central Connecticut,Northeast Conference,neast,Central Connecticut
2016,2057,Belmont Bruins,Belmont,Ohio Valley Conference,ovce,Belmont
2016,2413,Morehead State Eagles,Morehead State,Ohio Valley Conference,ovce,Morehead St.
2016,2634,Tennessee State Tigers,Tennessee State,Ohio Valley Conference,ovce,Tennessee St.
2016,2635,Tennessee Tech Golden Eagles,Tennessee Tech,Ohio Valley Conference,ovce,Tennessee Tech
2016,2198,Eastern Kentucky Colonels,Eastern Kentucky,Ohio Valley Conference,ovce,Eastern Kentucky
2016,55,Jacksonville State Gamecocks,Jacksonville State,Ohio Valley Conference,ovce,Jacksonville St.
2016,2630,UT Martin Skyhawks,UT Martin,Ohio Valley Conference,ovcw,Tennessee Martin
2016,93,Murray State Racers,Murray State,Ohio Valley Conference,ovcw,Murray St.
2016,2197,Eastern Illinois Panthers,Eastern Illinois,Ohio Valley Conference,ovcw,Eastern Illinois
2016,2046,Austin Peay Governors,Austin Peay,Ohio Valley Conference,ovcw,Austin Peay
2016,2565,SIU Edwardsville Cougars,SIU Edwardsville,Ohio Valley Conference,ovcw,SIU Edwardsville
2016,2546,Southeast Missouri State Redhawks,Southeast Missouri State,Ohio Valley Conference,ovcw,Southeast Missouri St.
2016,2483,Oregon Ducks,Oregon,Pac-12 Conference,pac12,Oregon
2016,254,Utah Utes,Utah,Pac-12 Conference,pac12,Utah
2016,12,Arizona Wildcats,Arizona,Pac-12 Conference,pac12,Arizona
2016,25,California Golden Bears,California,Pac-12 Conference,pac12,California
2016,38,Colorado Buffaloes,Colorado,Pac-12 Conference,pac12,Colorado
2016,204,Oregon State Beavers,Oregon State,Pac-12 Conference,pac12,Oregon St.
2016,30,USC Trojans,USC,Pac-12 Conference,pac12,USC
2016,264,Washington Huskies,Washington,Pac-12 Conference,pac12,Washington
2016,24,Stanford Cardinal,Stanford,Pac-12 Conference,pac12,Stanford
2016,26,UCLA Bruins,UCLA,Pac-12 Conference,pac12,UCLA
2016,9,Arizona State Sun Devils,Arizona State,Pac-12 Conference,pac12,Arizona St.
2016,265,Washington State Cougars,Washington State,Pac-12 Conference,pac12,Washington St.
2016,2083,Bucknell Bison,Bucknell,Patriot League,pat,Bucknell
2016,2329,Lehigh Mountain Hawks,Lehigh,Patriot League,pat,Lehigh
2016,104,Boston University Terriers,Boston University,Patriot League,pat,Boston University
2016,349,Army Black Knights,Army,Patriot League,pat,Army
2016,44,American University Eagles,American University,Patriot League,pat,American
2016,2426,Navy Midshipmen,Navy,Patriot League,pat,Navy
2016,2142,Colgate Raiders,Colgate,Patriot League,pat,Colgate
2016,2352,Loyola Maryland Greyhounds,Loyola Maryland,Patriot League,pat,Loyola MD
2016,107,Holy Cross Crusaders,Holy Cross,Patriot League,pat,Holy Cross
2016,322,Lafayette Leopards,Lafayette,Patriot League,pat,Lafayette
2016,245,Texas A&M Aggies,Texas A&M,Southeastern Conference,sec,Texas A&M
2016,96,Kentucky Wildcats,Kentucky,Southeastern Conference,sec,Kentucky
2016,2579,South Carolina Gamecocks,South Carolina,Southeastern Conference,sec,South Carolina
2016,99,LSU Tigers,LSU,Southeastern Conference,sec,LSU
2016,238,Vanderbilt Commodores,Vanderbilt,Southeastern Conference,sec,Vanderbilt
2016,145,Ole Miss Rebels,Ole Miss,Southeastern Conference,sec,Mississippi
2016,61,Georgia Bulldogs,Georgia,Southeastern Conference,sec,Georgia
2016,57,Florida Gators,Florida,Southeastern Conference,sec,Florida
2016,8,Arkansas Razorbacks,Arkansas,Southeastern Conference,sec,Arkansas
2016,333,Alabama Crimson Tide,Alabama,Southeastern Conference,sec,Alabama
2016,344,Mississippi State Bulldogs,Mississippi State,Southeastern Conference,sec,Mississippi St.
2016,2633,Tennessee Volunteers,Tennessee,Southeastern Conference,sec,Tennessee
2016,2,Auburn Tigers,Auburn,Southeastern Conference,sec,Auburn
2016,142,Missouri Tigers,Missouri,Southeastern Conference,sec,Missouri
2016,236,Chattanooga Mocs,Chattanooga,Southern Conference,south,Chattanooga
2016,2193,East Tennessee State Buccaneers,East Tennessee State,Southern Conference,south,East Tennessee St.
2016,231,Furman Paladins,Furman,Southern Conference,south,Furman
2016,2747,Wofford Terriers,Wofford,Southern Conference,south,Wofford
2016,2717,Western Carolina Catamounts,Western Carolina,Southern Conference,south,Western Carolina
2016,2430,UNC Greensboro Spartans,UNC Greensboro,Southern Conference,south,UNC Greensboro
2016,2382,Mercer Bears,Mercer,Southern Conference,south,Mercer
2016,2535,Samford Bulldogs,Samford,Southern Conference,south,Samford
2016,2678,VMI Keydets,VMI,Southern Conference,south,VMI
2016,2643,The Citadel Bulldogs,The Citadel,Southern Conference,south,The Citadel
2016,2617,Stephen F. Austin Lumberjacks,Stephen F. Austin,Southland Conference,land,Stephen F. Austin
2016,357,Texas A&M-Corpus Christi Islanders,Texas A&M-Corpus Christi,Southland Conference,land,Texas A&M Corpus Chris
2016,2534,Sam Houston Bearkats,Sam Houston,Southland Conference,land,Sam Houston St.
2016,2916,Incarnate Word Cardinals,Incarnate Word,Southland Conference,land,Incarnate Word
2016,2277,Houston Christian Huskies,Houston Christian,Southland Conference,land,Houston Christian
2016,2545,SE Louisiana Lions,SE Louisiana,Southland Conference,land,Southeastern Louisiana
2016,2000,Abilene Christian Wildcats,Abilene Christian,Southland Conference,land,Abilene Christian
2016,2377,McNeese Cowboys,McNeese,Southland Conference,land,McNeese St.
2016,2443,New Orleans Privateers,New Orleans,Southland Conference,land,New Orleans
2016,2110,Central Arkansas Bears,Central Arkansas,Southland Conference,land,Central Arkansas
2016,2447,Nicholls Colonels,Nicholls,Southland Conference,land,Nicholls St.
2016,2466,Northwestern State Demons,Northwestern State,Southland Conference,land,Northwestern St.
2016,2320,Lamar Cardinals,Lamar,Southland Conference,land,Lamar
2016,2640,Texas Southern Tigers,Texas Southern,Southwestern Athletic Conference,swac,Texas Southern
2016,2016,Alcorn State Braves,Alcorn State,Southwestern Athletic Conference,swac,Alcorn St.
2016,2296,Jackson State Tigers,Jackson State,Southwestern Athletic Conference,swac,Jackson St.
2016,2582,Southern Jaguars,Southern,Southwestern Athletic Conference,swac,Southern
2016,2011,Alabama State Hornets,Alabama State,Southwestern Athletic Conference,swac,Alabama St.
2016,2504,Prairie View A&M Panthers,Prairie View A&M,Southwestern Athletic Conference,swac,Prairie View A&M
2016,2400,Mississippi Valley State Delta Devils,Mississippi Valley State,Southwestern Athletic Conference,swac,Mississippi Valley St.
2016,2010,Alabama A&M Bulldogs,Alabama A&M,Southwestern Athletic Conference,swac,Alabama A&M
2016,2029,Arkansas-Pine Bluff Golden Lions,Arkansas-Pine Bluff,Southwestern Athletic Conference,swac,Arkansas Pine Bluff
2016,2755,Grambling Tigers,Grambling,Southwestern Athletic Conference,swac,Grambling St.
2016,2571,South Dakota State Jackrabbits,South Dakota State,Summit League,summ,South Dakota St.
2016,2870,Purdue Fort Wayne Mastodons,Purdue Fort Wayne,Summit League,summ,Purdue Fort Wayne
2016,2437,Omaha Mavericks,Omaha,Summit League,summ,Nebraska Omaha
2016,85,IU Indianapolis Jaguars,IU Indianapolis,Summit League,summ,IU Indy
2016,2449,North Dakota State Bison,North Dakota State,Summit League,summ,North Dakota St.
2016,2172,Denver Pioneers,Denver,Summit League,summ,Denver
2016,198,Oral Roberts Golden Eagles,Oral Roberts,Summit League,summ,Oral Roberts
2016,233,South Dakota Coyotes,South Dakota,Summit League,summ,South Dakota
2016,2710,Western Illinois Leathernecks,Western Illinois,Summit League,summ,Western Illinois
2016,2031,Little Rock Trojans,Little Rock,Sun Belt Conference,belt,Little Rock
2016,2433,UL Monroe Warhawks,UL Monroe,Sun Belt Conference,belt,Louisiana Monroe
2016,250,UT Arlington Mavericks,UT Arlington,Sun Belt Conference,belt,UT Arlington
2016,309,Louisiana Ragin' Cajuns,Louisiana,Sun Belt Conference,belt,Louisiana
2016,290,Georgia Southern Eagles,Georgia Southern,Sun Belt Conference,belt,Georgia Southern
2016,2247,Georgia State Panthers,Georgia State,Sun Belt Conference,belt,Georgia St.
2016,326,Texas State Bobcats,Texas State,Sun Belt Conference,belt,Texas St.
2016,6,South Alabama Jaguars,South Alabama,Sun Belt Conference,belt,South Alabama
2016,2026,App State Mountaineers,App State,Sun Belt Conference,belt,Appalachian St.
2016,2032,Arkansas State Red Wolves,Arkansas State,Sun Belt Conference,belt,Arkansas St.
2016,2653,Troy Trojans,Troy,Sun Belt Conference,belt,Troy
2016,2608,Saint Mary's Gaels,Saint Mary's,West Coast Conference,wcc,Saint Mary's
2016,2250,Gonzaga Bulldogs,Gonzaga,West Coast Conference,wcc,Gonzaga
2016,252,BYU Cougars,BYU,West Coast Conference,wcc,BYU
2016,2492,Pepperdine Waves,Pepperdine,West Coast Conference,wcc,Pepperdine
2016,2539,San Francisco Dons,San Francisco,West Coast Conference,wcc,San Francisco
2016,2541,Santa Clara Broncos,Santa Clara,West Coast Conference,wcc,Santa Clara
2016,2501,Portland Pilots,Portland,West Coast Conference,wcc,Portland
2016,2351,Loyola Marymount Lions,Loyola Marymount,West Coast Conference,wcc,Loyola Marymount
2016,279,Pacific Tigers,Pacific,West Coast Conference,wcc,Pacific
2016,301,San Diego Toreros,San Diego,West Coast Conference,wcc,San Diego
2016,166,New Mexico State Aggies,New Mexico State,Western Athletic Conference,wac,New Mexico St.
2016,2253,Grand Canyon Lopes,Grand Canyon,Western Athletic Conference,wac,Grand Canyon
2016,2934,Cal State Bakersfield Roadrunners,Cal State Bakersfield,Western Athletic Conference,wac,Cal St. Bakersfield
2016,2547,Seattle U Redhawks,Seattle U,Western Athletic Conference,wac,Seattle
2016,3084,Utah Valley Wolverines,Utah Valley,Western Athletic Conference,wac,Utah Valley
2016,140,Kansas City Roos,Kansas City,Western Athletic Conference,wac,UMKC
2016,292,UT Rio Grande Valley Vaqueros,UT Rio Grande Valley,Western Athletic Conference,wac,UT Rio Grande Valley
2016,2130,Chicago State Cougars,Chicago State,Western Athletic Conference,wac,Chicago St.
2017,526,Florida Gulf Coast Eagles,Florida Gulf Coast,ASUN Conference,a-sun,Florida Gulf Coast
2017,288,Lipscomb Bisons,Lipscomb,ASUN Conference,a-sun,Lipscomb
2017,2454,North Florida Ospreys,North Florida,ASUN Conference,a-sun,North Florida
2017,2908,South Carolina Upstate Spartans,South Carolina Upstate,ASUN Conference,a-sun,USC Upstate
2017,338,Kennesaw State Owls,Kennesaw State,ASUN Conference,a-sun,Kennesaw St.
2017,294,Jacksonville Dolphins,Jacksonville,ASUN Conference,a-sun,Jacksonville
2017,2885,NJIT Highlanders,NJIT,ASUN Conference,a-sun,NJIT
2017,56,Stetson Hatters,Stetson,ASUN Conference,a-sun,Stetson
2017,261,Vermont Catamounts,Vermont,America East Conference,aeast,Vermont
2017,2619,Stony Brook Seawolves,Stony Brook,America East Conference,aeast,Stony Brook
2017,160,New Hampshire Wildcats,New Hampshire,America East Conference,aeast,New Hampshire
2017,399,UAlbany Great Danes,UAlbany,America East Conference,aeast,Albany
2017,2378,UMBC Retrievers,UMBC,America East Conference,aeast,UMBC
2017,2349,UMass Lowell River Hawks,UMass Lowell,America East Conference,aeast,UMass Lowell
2017,42,Hartford Hawks,Hartford,America East Conference,aeast,Hartford
2017,2066,Binghamton Bearcats,Binghamton,America East Conference,aeast,Binghamton
2017,311,Maine Black Bears,Maine,America East Conference,aeast,Maine
2017,2567,SMU Mustangs,SMU,American Athletic Conference,aac,SMU
2017,2132,Cincinnati Bearcats,Cincinnati,American Athletic Conference,aac,Cincinnati
2017,248,Houston Cougars,Houston,American Athletic Conference,aac,Houston
2017,2116,UCF Knights,UCF,American Athletic Conference,aac,UCF
2017,235,Memphis Tigers,Memphis,American Athletic Conference,aac,Memphis
2017,41,UConn Huskies,UConn,American Athletic Conference,aac,Connecticut
2017,202,Tulsa Golden Hurricane,Tulsa,American Athletic Conference,aac,Tulsa
2017,218,Temple Owls,Temple,American Athletic Conference,aac,Temple
2017,151,East Carolina Pirates,East Carolina,American Athletic Conference,aac,East Carolina
2017,2655,Tulane Green Wave,Tulane,American Athletic Conference,aac,Tulane
2017,58,South Florida Bulls,South Florida,American Athletic Conference,aac,South Florida
2017,2168,Dayton Flyers,Dayton,Atlantic 10 Conference,atl10,Dayton
2017,2670,VCU Rams,VCU,Atlantic 10 Conference,atl10,VCU
2017,257,Richmond Spiders,Richmond,Atlantic 10 Conference,atl10,Richmond
2017,227,Rhode Island Rams,Rhode Island,Atlantic 10 Conference,atl10,Rhode Island
2017,179,St. Bonaventure Bonnies,St. Bonaventure,Atlantic 10 Conference,atl10,St. Bonaventure
2017,45,George Washington Revolutionaries,George Washington,Atlantic 10 Conference,atl10,George Washington
2017,2244,George Mason Patriots,George Mason,Atlantic 10 Conference,atl10,George Mason
2017,2325,La Salle Explorers,La Salle,Atlantic 10 Conference,atl10,La Salle
2017,2166,Davidson Wildcats,Davidson,Atlantic 10 Conference,atl10,Davidson
2017,2230,Fordham Rams,Fordham,Atlantic 10 Conference,atl10,Fordham
2017,139,Saint Louis Billikens,Saint Louis,Atlantic 10 Conference,atl10,Saint Louis
2017,113,Massachusetts Minutemen,Massachusetts,Atlantic 10 Conference,atl10,Massachusetts
2017,2603,Saint Joseph's Hawks,Saint Joseph's,Atlantic 10 Conference,atl10,Saint Joseph's
2017,2184,Duquesne Dukes,Duquesne,Atlantic 10 Conference,atl10,Duquesne
2017,153,North Carolina Tar Heels,North Carolina,Atlantic Coast Conference,acc,North Carolina
2017,52,Florida State Seminoles,Florida State,Atlantic Coast Conference,acc,Florida St.
2017,97,Louisville Cardinals,Louisville,Atlantic Coast Conference,acc,Louisville
2017,87,Notre Dame Fighting Irish,Notre Dame,Atlantic Coast Conference,acc,Notre Dame
2017,150,Duke Blue Devils,Duke,Atlantic Coast Conference,acc,Duke
2017,258,Virginia Cavaliers,Virginia,Atlantic Coast Conference,acc,Virginia
2017,259,Virginia Tech Hokies,Virginia Tech,Atlantic Coast Conference,acc,Virginia Tech
2017,2390,Miami Hurricanes,Miami,Atlantic Coast Conference,acc,Miami FL
2017,183,Syracuse Orange,Syracuse,Atlantic Coast Conference,acc,Syracuse
2017,154,Wake Forest Demon Deacons,Wake Forest,Atlantic Coast Conference,acc,Wake Forest
2017,59,Georgia Tech Yellow Jackets,Georgia Tech,Atlantic Coast Conference,acc,Georgia Tech
2017,228,Clemson Tigers,Clemson,Atlantic Coast Conference,acc,Clemson
2017,152,NC State Wolfpack,NC State,Atlantic Coast Conference,acc,N.C. State
2017,221,Pittsburgh Panthers,Pittsburgh,Atlantic Coast Conference,acc,Pittsburgh
2017,103,Boston College Eagles,Boston College,Atlantic Coast Conference,acc,Boston College
2017,2305,Kansas Jayhawks,Kansas,Big 12 Conference,big12,Kansas
2017,239,Baylor Bears,Baylor,Big 12 Conference,big12,Baylor
2017,277,West Virginia Mountaineers,West Virginia,Big 12 Conference,big12,West Virginia
2017,66,Iowa State Cyclones,Iowa State,Big 12 Conference,big12,Iowa St.
2017,197,Oklahoma State Cowboys,Oklahoma State,Big 12 Conference,big12,Oklahoma St.
2017,2306,Kansas State Wildcats,Kansas State,Big 12 Conference,big12,Kansas St.
2017,2628,TCU Horned Frogs,TCU,Big 12 Conference,big12,TCU
2017,2641,Texas Tech Red Raiders,Texas Tech,Big 12 Conference,big12,Texas Tech
2017,201,Oklahoma Sooners,Oklahoma,Big 12 Conference,big12,Oklahoma
2017,251,Texas Longhorns,Texas,Big 12 Conference,big12,Texas
2017,222,Villanova Wildcats,Villanova,Big East Conference,bige,Villanova
2017,2086,Butler Bulldogs,Butler,Big East Conference,bige,Butler
2017,2507,Providence Friars,Providence,Big East Conference,bige,Providence
2017,269,Marquette Golden Eagles,Marquette,Big East Conference,bige,Marquette
2017,156,Creighton Bluejays,Creighton,Big East Conference,bige,Creighton
2017,2550,Seton Hall Pirates,Seton Hall,Big East Conference,bige,Seton Hall
2017,2752,Xavier Musketeers,Xavier,Big East Conference,bige,Xavier
2017,2599,St. John's Red Storm,St. John's,Big East Conference,bige,St. John's
2017,46,Georgetown Hoyas,Georgetown,Big East Conference,bige,Georgetown
2017,305,DePaul Blue Demons,DePaul,Big East Conference,bige,DePaul
2017,155,North Dakota Fighting Hawks,North Dakota,Big Sky Conference,bsky,North Dakota
2017,331,Eastern Washington Eagles,Eastern Washington,Big Sky Conference,bsky,Eastern Washington
2017,2692,Weber State Wildcats,Weber State,Big Sky Conference,bsky,Weber St.
2017,70,Idaho Vandals,Idaho,Big Sky Conference,bsky,Idaho
2017,149,Montana Grizzlies,Montana,Big Sky Conference,bsky,Montana
2017,147,Montana State Bobcats,Montana State,Big Sky Conference,bsky,Montana St.
2017,16,Sacramento State Hornets,Sacramento State,Big Sky Conference,bsky,Sacramento St.
2017,2502,Portland State Vikings,Portland State,Big Sky Conference,bsky,Portland St.
2017,2458,Northern Colorado Bears,Northern Colorado,Big Sky Conference,bsky,Northern Colorado
2017,2464,Northern Arizona Lumberjacks,Northern Arizona,Big Sky Conference,bsky,Northern Arizona
2017,304,Idaho State Bengals,Idaho State,Big Sky Conference,bsky,Idaho St.
2017,253,Southern Utah Thunderbirds,Southern Utah,Big Sky Conference,bsky,Southern Utah
2017,2737,Winthrop Eagles,Winthrop,Big South Conference,bsou,Winthrop
2017,2427,UNC Asheville Bulldogs,UNC Asheville,Big South Conference,bsou,UNC Asheville
2017,2335,Liberty Flames,Liberty,Big South Conference,bsou,Liberty
2017,2241,Gardner-Webb Runnin' Bulldogs,Gardner-Webb,Big South Conference,bsou,Gardner Webb
2017,2272,High Point Panthers,High Point,Big South Conference,bsou,High Point
2017,2515,Radford Highlanders,Radford,Big South Conference,bsou,Radford
2017,2097,Campbell Fighting Camels,Campbell,Big South Conference,bsou,Campbell
2017,2127,Charleston Southern Buccaneers,Charleston Southern,Big South Conference,bsou,Charleston Southern
2017,2344,Longwood Lancers,Longwood,Big South Conference,bsou,Longwood
2017,2506,Presbyterian Blue Hose,Presbyterian,Big South Conference,bsou,Presbyterian
2017,2509,Purdue Boilermakers,Purdue,Big Ten Conference,big10,Purdue
2017,275,Wisconsin Badgers,Wisconsin,Big Ten Conference,big10,Wisconsin
2017,120,Maryland Terrapins,Maryland,Big Ten Conference,big10,Maryland
2017,135,Minnesota Golden Gophers,Minnesota,Big Ten Conference,big10,Minnesota
2017,127,Michigan State Spartans,Michigan State,Big Ten Conference,big10,Michigan St.
2017,77,Northwestern Wildcats,Northwestern,Big Ten Conference,big10,Northwestern
2017,2294,Iowa Hawkeyes,Iowa,Big Ten Conference,big10,Iowa
2017,130,Michigan Wolverines,Michigan,Big Ten Conference,big10,Michigan
2017,356,Illinois Fighting Illini,Illinois,Big Ten Conference,big10,Illinois
2017,84,Indiana Hoosiers,Indiana,Big Ten Conference,big10,Indiana
2017,194,Ohio State Buckeyes,Ohio State,Big Ten Conference,big10,Ohio St.
2017,158,Nebraska Cornhuskers,Nebraska,Big Ten Conference,big10,Nebraska
2017,213,Penn State Nittany Lions,Penn State,Big Ten Conference,big10,Penn St.
2017,164,Rutgers Scarlet Knights,Rutgers,Big Ten Conference,big10,Rutgers
2017,300,UC Irvine Anteaters,UC Irvine,Big West Conference,bigw,UC Irvine
2017,302,UC Davis Aggies,UC Davis,Big West Conference,bigw,UC Davis
2017,2239,Cal State Fullerton Titans,Cal State Fullerton,Big West Conference,bigw,Cal St. Fullerton
2017,299,Long Beach State Beach,Long Beach State,Big West Conference,bigw,Long Beach St.
2017,62,Hawai'i Rainbow Warriors,Hawai'i,Big West Conference,bigw,Hawaii
2017,2463,Cal State Northridge Matadors,Cal State Northridge,Big West Conference,bigw,Cal St. Northridge
2017,13,Cal Poly Mustangs,Cal Poly,Big West Conference,bigw,Cal Poly
2017,27,UC Riverside Highlanders,UC Riverside,Big West Conference,bigw,UC Riverside
2017,2540,UC Santa Barbara Gauchos,UC Santa Barbara,Big West Conference,bigw,UC Santa Barbara
2017,350,UNC Wilmington Seahawks,UNC Wilmington,Coastal Athletic Association,col,UNC Wilmington
2017,232,Charleston Cougars,Charleston,Coastal Athletic Association,col,Charleston
2017,119,Towson Tigers,Towson,Coastal Athletic Association,col,Towson
2017,2210,Elon Phoenix,Elon,Coastal Athletic Association,col,Elon
2017,2729,William & Mary Tribe,William & Mary,Coastal Athletic Association,col,William & Mary
2017,111,Northeastern Huskies,Northeastern,Coastal Athletic Association,col,Northeastern
2017,2275,Hofstra Pride,Hofstra,Coastal Athletic Association,col,Hofstra
2017,256,James Madison Dukes,James Madison,Coastal Athletic Association,col,James Madison
2017,48,Delaware Blue Hens,Delaware,Coastal Athletic Association,col,Delaware
2017,2182,Drexel Dragons,Drexel,Coastal Athletic Association,col,Drexel
2017,2393,Middle Tennessee Blue Raiders,Middle Tennessee,Conference USA,usa,Middle Tennessee
2017,2348,Louisiana Tech Bulldogs,Louisiana Tech,Conference USA,usa,Louisiana Tech
2017,295,Old Dominion Monarchs,Old Dominion,Conference USA,usa,Old Dominion
2017,2638,UTEP Miners,UTEP,Conference USA,usa,UTEP
2017,242,Rice Owls,Rice,Conference USA,usa,Rice
2017,276,Marshall Thundering Herd,Marshall,Conference USA,usa,Marshall
2017,5,UAB Blazers,UAB,Conference USA,usa,UAB
2017,98,Western Kentucky Hilltoppers,Western Kentucky,Conference USA,usa,Western Kentucky
2017,2636,UTSA Roadrunners,UTSA,Conference USA,usa,UTSA
2017,2429,Charlotte 49ers,Charlotte,Conference USA,usa,Charlotte
2017,2226,Florida Atlantic Owls,Florida Atlantic,Conference USA,usa,Florida Atlantic
2017,2572,Southern Miss Golden Eagles,Southern Miss,Conference USA,usa,Southern Miss
2017,2229,Florida International Panthers,Florida International,Conference USA,usa,FIU
2017,249,North Texas Mean Green,North Texas,Conference USA,usa,North Texas
2017,2473,Oakland Golden Grizzlies,Oakland,Horizon League,hor,Oakland
2017,2674,Valparaiso Beacons,Valparaiso,Horizon League,hor,Valparaiso
2017,94,Northern Kentucky Norse,Northern Kentucky,Horizon League,hor,Northern Kentucky
2017,2739,Green Bay Phoenix,Green Bay,Horizon League,hor,Green Bay
2017,2750,Wright State Raiders,Wright State,Horizon League,hor,Wright St.
2017,82,UIC Flames,UIC,Horizon League,hor,Illinois Chicago
2017,2174,Detroit Mercy Titans,Detroit Mercy,Horizon League,hor,Detroit Mercy
2017,2754,Youngstown State Penguins,Youngstown State,Horizon League,hor,Youngstown St.
2017,325,Cleveland State Vikings,Cleveland State,Horizon League,hor,Cleveland St.
2017,270,Milwaukee Panthers,Milwaukee,Horizon League,hor,Milwaukee
2017,163,Princeton Tigers,Princeton,Ivy League,ivy,Princeton
2017,108,Harvard Crimson,Harvard,Ivy League,ivy,Harvard
2017,43,Yale Bulldogs,Yale,Ivy League,ivy,Yale
2017,219,Pennsylvania Quakers,Pennsylvania,Ivy League,ivy,Penn
2017,171,Columbia Lions,Columbia,Ivy League,ivy,Columbia
2017,172,Cornell Big Red,Cornell,Ivy League,ivy,Cornell
2017,225,Brown Bears,Brown,Ivy League,ivy,Brown
2017,159,Dartmouth Big Green,Dartmouth,Ivy League,ivy,Dartmouth
2017,2405,Monmouth Hawks,Monmouth,Metro Atlantic Athletic Conference,maac,Monmouth
2017,2612,Saint Peter's Peacocks,Saint Peter's,Metro Atlantic Athletic Conference,maac,Saint Peter's
2017,314,Iona Gaels,Iona,Metro Atlantic Athletic Conference,maac,Iona
2017,2561,Siena Saints,Siena,Metro Atlantic Athletic Conference,maac,Siena
2017,2217,Fairfield Stags,Fairfield,Metro Atlantic Athletic Conference,maac,Fairfield
2017,2520,Rider Broncs,Rider,Metro Atlantic Athletic Conference,maac,Rider
2017,2099,Canisius Golden Griffins,Canisius,Metro Atlantic Athletic Conference,maac,Canisius
2017,2514,Quinnipiac Bobcats,Quinnipiac,Metro Atlantic Athletic Conference,maac,Quinnipiac
2017,315,Niagara Purple Eagles,Niagara,Metro Atlantic Athletic Conference,maac,Niagara
2017,2363,Manhattan Jaspers,Manhattan,Metro Atlantic Athletic Conference,maac,Manhattan
2017,2368,Marist Red Foxes,Marist,Metro Atlantic Athletic Conference,maac,Marist
2017,2006,Akron Zips,Akron,Mid-American Conference,midame,Akron
2017,195,Ohio Bobcats,Ohio,Mid-American Conference,midame,Ohio
2017,2084,Buffalo Bulls,Buffalo,Mid-American Conference,midame,Buffalo
2017,2309,Kent State Golden Flashes,Kent State,Mid-American Conference,midame,Kent St.
2017,189,Bowling Green Falcons,Bowling Green,Mid-American Conference,midame,Bowling Green
2017,193,Miami (OH) RedHawks,Miami (OH),Mid-American Conference,midame,Miami OH
2017,2050,Ball State Cardinals,Ball State,Mid-American Conference,midamw,Ball St.
2017,2711,Western Michigan Broncos,Western Michigan,Mid-American Conference,midamw,Western Michigan
2017,2649,Toledo Rockets,Toledo,Mid-American Conference,midamw,Toledo
2017,2199,Eastern Michigan Eagles,Eastern Michigan,Mid-American Conference,midamw,Eastern Michigan
2017,2459,Northern Illinois Huskies,Northern Illinois,Mid-American Conference,midamw,Northern Illinois
2017,2117,Central Michigan Chippewas,Central Michigan,Mid-American Conference,midamw,Central Michigan
2017,2428,North Carolina Central Eagles,North Carolina Central,Mid-Eastern Athletic Conference,meac,North Carolina Central
2017,2450,Norfolk State Spartans,Norfolk State,Mid-Eastern Athletic Conference,meac,Norfolk St.
2017,2415,Morgan State Bears,Morgan State,Mid-Eastern Athletic Conference,meac,Morgan St.
2017,2261,Hampton Pirates,Hampton,Mid-Eastern Athletic Conference,meac,Hampton
2017,2542,Savannah State Tigers,Savannah State,Mid-Eastern Athletic Conference,meac,Savannah St.
2017,2379,Maryland Eastern Shore Hawks,Maryland Eastern Shore,Mid-Eastern Athletic Conference,meac,Maryland Eastern Shore
2017,2569,South Carolina State Bulldogs,South Carolina State,Mid-Eastern Athletic Conference,meac,South Carolina St.
2017,2154,Coppin State Eagles,Coppin State,Mid-Eastern Athletic Conference,meac,Coppin St.
2017,2169,Delaware State Hornets,Delaware State,Mid-Eastern Athletic Conference,meac,Delaware St.
2017,2065,Bethune-Cookman Wildcats,Bethune-Cookman,Mid-Eastern Athletic Conference,meac,Bethune Cookman
2017,50,Florida A&M Rattlers,Florida A&M,Mid-Eastern Athletic Conference,meac,Florida A&M
2017,47,Howard Bison,Howard,Mid-Eastern Athletic Conference,meac,Howard
2017,2448,North Carolina A&T Aggies,North Carolina A&T,Mid-Eastern Athletic Conference,meac,North Carolina A&T
2017,2724,Wichita State Shockers,Wichita State,Missouri Valley Conference,mvc,Wichita St.
2017,2287,Illinois State Redbirds,Illinois State,Missouri Valley Conference,mvc,Illinois St.
2017,2460,Northern Iowa Panthers,Northern Iowa,Missouri Valley Conference,mvc,Northern Iowa
2017,79,Southern Illinois Salukis,Southern Illinois,Missouri Valley Conference,mvc,Southern Illinois
2017,2350,Loyola Chicago Ramblers,Loyola Chicago,Missouri Valley Conference,mvc,Loyola Chicago
2017,2623,Missouri State Bears,Missouri State,Missouri Valley Conference,mvc,Missouri St.
2017,71,Bradley Braves,Bradley,Missouri Valley Conference,mvc,Bradley
2017,339,Evansville Purple Aces,Evansville,Missouri Valley Conference,mvc,Evansville
2017,282,Indiana State Sycamores,Indiana State,Missouri Valley Conference,mvc,Indiana St.
2017,2181,Drake Bulldogs,Drake,Missouri Valley Conference,mvc,Drake
2017,2440,Nevada Wolf Pack,Nevada,Mountain West Conference,mwest,Nevada
2017,36,Colorado State Rams,Colorado State,Mountain West Conference,mwest,Colorado St.
2017,68,Boise State Broncos,Boise State,Mountain West Conference,mwest,Boise St.
2017,278,Fresno State Bulldogs,Fresno State,Mountain West Conference,mwest,Fresno St.
2017,167,New Mexico Lobos,New Mexico,Mountain West Conference,mwest,New Mexico
2017,21,San Diego State Aztecs,San Diego State,Mountain West Conference,mwest,San Diego St.
2017,2751,Wyoming Cowboys,Wyoming,Mountain West Conference,mwest,Wyoming
2017,328,Utah State Aggies,Utah State,Mountain West Conference,mwest,Utah St.
2017,23,San José State Spartans,San José State,Mountain West Conference,mwest,San Jose St.
2017,2005,Air Force Falcons,Air Force,Mountain West Conference,mwest,Air Force
2017,2439,UNLV Rebels,UNLV,Mountain West Conference,mwest,UNLV
2017,116,Mount St. Mary's Mountaineers,Mount St. Mary's,Northeast Conference,neast,Mount St. Mary's
2017,112358,Long Island University Sharks,Long Island University,Northeast Conference,neast,LIU
2017,2681,Wagner Seahawks,Wagner,Northeast Conference,neast,Wagner
2017,2598,St. Francis (PA) Red Flash,St. Francis (PA),Northeast Conference,neast,Saint Francis
2017,2803,Bryant Bulldogs,Bryant,Northeast Conference,neast,Bryant
2017,2523,Robert Morris Colonials,Robert Morris,Northeast Conference,neast,Robert Morris
2017,161,Fairleigh Dickinson Knights,Fairleigh Dickinson,Northeast Conference,neast,Fairleigh Dickinson
2017,2529,Sacred Heart Pioneers,Sacred Heart,Northeast Conference,neast,Sacred Heart
2017,2115,Central Connecticut Blue Devils,Central Connecticut,Northeast Conference,neast,Central Connecticut
2017,2597,St. Francis Brooklyn Terriers,St. Francis Brooklyn,Northeast Conference,neast,St. Francis NY
2017,2057,Belmont Bruins,Belmont,Ohio Valley Conference,ovce,Belmont
2017,2413,Morehead State Eagles,Morehead State,Ohio Valley Conference,ovce,Morehead St.
2017,55,Jacksonville State Gamecocks,Jacksonville State,Ohio Valley Conference,ovce,Jacksonville St.
2017,2634,Tennessee State Tigers,Tennessee State,Ohio Valley Conference,ovce,Tennessee St.
2017,2635,Tennessee Tech Golden Eagles,Tennessee Tech,Ohio Valley Conference,ovce,Tennessee Tech
2017,2198,Eastern Kentucky Colonels,Eastern Kentucky,Ohio Valley Conference,ovce,Eastern Kentucky
2017,2630,UT Martin Skyhawks,UT Martin,Ohio Valley Conference,ovcw,Tennessee Martin
2017,2546,Southeast Missouri State Redhawks,Southeast Missouri State,Ohio Valley Conference,ovcw,Southeast Missouri St.
2017,93,Murray State Racers,Murray State,Ohio Valley Conference,ovcw,Murray St.
2017,2046,Austin Peay Governors,Austin Peay,Ohio Valley Conference,ovcw,Austin Peay
2017,2197,Eastern Illinois Panthers,Eastern Illinois,Ohio Valley Conference,ovcw,Eastern Illinois
2017,2565,SIU Edwardsville Cougars,SIU Edwardsville,Ohio Valley Conference,ovcw,SIU Edwardsville
2017,12,Arizona Wildcats,Arizona,Pac-12 Conference,pac12,Arizona
2017,2483,Oregon Ducks,Oregon,Pac-12 Conference,pac12,Oregon
2017,26,UCLA Bruins,UCLA,Pac-12 Conference,pac12,UCLA
2017,254,Utah Utes,Utah,Pac-12 Conference,pac12,Utah
2017,25,California Golden Bears,California,Pac-12 Conference,pac12,California
2017,30,USC Trojans,USC,Pac-12 Conference,pac12,USC
2017,38,Colorado Buffaloes,Colorado,Pac-12 Conference,pac12,Colorado
2017,9,Arizona State Sun Devils,Arizona State,Pac-12 Conference,pac12,Arizona St.
2017,24,Stanford Cardinal,Stanford,Pac-12 Conference,pac12,Stanford
2017,265,Washington State Cougars,Washington State,Pac-12 Conference,pac12,Washington St.
2017,264,Washington Huskies,Washington,Pac-12 Conference,pac12,Washington
2017,204,Oregon State Beavers,Oregon State,Pac-12 Conference,pac12,Oregon St.
2017,2083,Bucknell Bison,Bucknell,Patriot League,pat,Bucknell
2017,2329,Lehigh Mountain Hawks,Lehigh,Patriot League,pat,Lehigh
2017,104,Boston University Terriers,Boston University,Patriot League,pat,Boston University
2017,2426,Navy Midshipmen,Navy,Patriot League,pat,Navy
2017,107,Holy Cross Crusaders,Holy Cross,Patriot League,pat,Holy Cross
2017,2142,Colgate Raiders,Colgate,Patriot League,pat,Colgate
2017,2352,Loyola Maryland Greyhounds,Loyola Maryland,Patriot League,pat,Loyola MD
2017,349,Army Black Knights,Army,Patriot League,pat,Army
2017,322,Lafayette Leopards,Lafayette,Patriot League,pat,Lafayette
2017,44,American University Eagles,American University,Patriot League,pat,American
2017,96,Kentucky Wildcats,Kentucky,Southeastern Conference,sec,Kentucky
2017,57,Florida Gators,Florida,Southeastern Conference,sec,Florida
2017,8,Arkansas Razorbacks,Arkansas,Southeastern Conference,sec,Arkansas
2017,2579,South Carolina Gamecocks,South Carolina,Southeastern Conference,sec,South Carolina
2017,333,Alabama Crimson Tide,Alabama,Southeastern Conference,sec,Alabama
2017,145,Ole Miss Rebels,Ole Miss,Southeastern Conference,sec,Mississippi
2017,238,Vanderbilt Commodores,Vanderbilt,Southeastern Conference,sec,Vanderbilt
2017,61,Georgia Bulldogs,Georgia,Southeastern Conference,sec,Georgia
2017,2633,Tennessee Volunteers,Tennessee,Southeastern Conference,sec,Tennessee
2017,245,Texas A&M Aggies,Texas A&M,Southeastern Conference,sec,Texas A&M
2017,2,Auburn Tigers,Auburn,Southeastern Conference,sec,Auburn
2017,344,Mississippi State Bulldogs,Mississippi State,Southeastern Conference,sec,Mississippi St.
2017,99,LSU Tigers,LSU,Southeastern Conference,sec,LSU
2017,142,Missouri Tigers,Missouri,Southeastern Conference,sec,Missouri
2017,2193,East Tennessee State Buccaneers,East Tennessee State,Southern Conference,south,East Tennessee St.
2017,2430,UNC Greensboro Spartans,UNC Greensboro,Southern Conference,south,UNC Greensboro
2017,231,Furman Paladins,Furman,Southern Conference,south,Furman
2017,236,Chattanooga Mocs,Chattanooga,Southern Conference,south,Chattanooga
2017,2747,Wofford Terriers,Wofford,Southern Conference,south,Wofford
2017,2382,Mercer Bears,Mercer,Southern Conference,south,Mercer
2017,2535,Samford Bulldogs,Samford,Southern Conference,south,Samford
2017,2643,The Citadel Bulldogs,The Citadel,Southern Conference,south,The Citadel
2017,2717,Western Carolina Catamounts,Western Carolina,Southern Conference,south,Western Carolina
2017,2678,VMI Keydets,VMI,Southern Conference,south,VMI
2017,2443,New Orleans Privateers,New Orleans,Southland Conference,land,New Orleans
2017,2617,Stephen F. Austin Lumberjacks,Stephen F. Austin,Southland Conference,land,Stephen F. Austin
2017,357,Texas A&M-Corpus Christi Islanders,Texas A&M-Corpus Christi,Southland Conference,land,Texas A&M Corpus Chris
2017,2277,Houston Christian Huskies,Houston Christian,Southland Conference,land,Houston Christian
2017,2534,Sam Houston Bearkats,Sam Houston,Southland Conference,land,Sam Houston St.
2017,2320,Lamar Cardinals,Lamar,Southland Conference,land,Lamar
2017,2545,SE Louisiana Lions,SE Louisiana,Southland Conference,land,Southeastern Louisiana
2017,2110,Central Arkansas Bears,Central Arkansas,Southland Conference,land,Central Arkansas
2017,2447,Nicholls Colonels,Nicholls,Southland Conference,land,Nicholls St.
2017,2466,Northwestern State Demons,Northwestern State,Southland Conference,land,Northwestern St.
2017,2916,Incarnate Word Cardinals,Incarnate Word,Southland Conference,land,Incarnate Word
2017,2000,Abilene Christian Wildcats,Abilene Christian,Southland Conference,land,Abilene Christian
2017,2377,McNeese Cowboys,McNeese,Southland Conference,land,McNeese St.
2017,2640,Texas Southern Tigers,Texas Southern,Southwestern Athletic Conference,swac,Texas Southern
2017,2016,Alcorn State Braves,Alcorn State,Southwestern Athletic Conference,swac,Alcorn St.
2017,2582,Southern Jaguars,Southern,Southwestern Athletic Conference,swac,Southern
2017,2755,Grambling Tigers,Grambling,Southwestern Athletic Conference,swac,Grambling St.
2017,2296,Jackson State Tigers,Jackson State,Southwestern Athletic Conference,swac,Jackson St.
2017,2504,Prairie View A&M Panthers,Prairie View A&M,Southwestern Athletic Conference,swac,Prairie View A&M
2017,2400,Mississippi Valley State Delta Devils,Mississippi Valley State,Southwestern Athletic Conference,swac,Mississippi Valley St.
2017,2011,Alabama State Hornets,Alabama State,Southwestern Athletic Conference,swac,Alabama St.
2017,2029,Arkansas-Pine Bluff Golden Lions,Arkansas-Pine Bluff,Southwestern Athletic Conference,swac,Arkansas Pine Bluff
2017,2010,Alabama A&M Bulldogs,Alabama A&M,Southwestern Athletic Conference,swac,Alabama A&M
2017,233,South Dakota Coyotes,South Dakota,Summit League,summ,South Dakota
2017,2449,North Dakota State Bison,North Dakota State,Summit League,summ,North Dakota St.
2017,2437,Omaha Mavericks,Omaha,Summit League,summ,Nebraska Omaha
2017,2571,South Dakota State Jackrabbits,South Dakota State,Summit League,summ,South Dakota St.
2017,2870,Purdue Fort Wayne Mastodons,Purdue Fort Wayne,Summit League,summ,Purdue Fort Wayne
2017,2172,Denver Pioneers,Denver,Summit League,summ,Denver
2017,85,IU Indianapolis Jaguars,IU Indianapolis,Summit League,summ,IU Indy
2017,2710,Western Illinois Leathernecks,Western Illinois,Summit League,summ,Western Illinois
2017,198,Oral Roberts Golden Eagles,Oral Roberts,Summit League,summ,Oral Roberts
2017,250,UT Arlington Mavericks,UT Arlington,Sun Belt Conference,belt,UT Arlington
2017,2247,Georgia State Panthers,Georgia State,Sun Belt Conference,belt,Georgia St.
2017,290,Georgia Southern Eagles,Georgia Southern,Sun Belt Conference,belt,Georgia Southern
2017,326,Texas State Bobcats,Texas State,Sun Belt Conference,belt,Texas St.
2017,2032,Arkansas State Red Wolves,Arkansas State,Sun Belt Conference,belt,Arkansas St.
2017,2653,Troy Trojans,Troy,Sun Belt Conference,belt,Troy
2017,309,Louisiana Ragin' Cajuns,Louisiana,Sun Belt Conference,belt,Louisiana
2017,324,Coastal Carolina Chanticleers,Coastal Carolina,Sun Belt Conference,belt,Coastal Carolina
2017,6,South Alabama Jaguars,South Alabama,Sun Belt Conference,belt,South Alabama
2017,2031,Little Rock Trojans,Little Rock,Sun Belt Conference,belt,Little Rock
2017,2026,App State Mountaineers,App State,Sun Belt Conference,belt,Appalachian St.
2017,2433,UL Monroe Warhawks,UL Monroe,Sun Belt Conference,belt,Louisiana Monroe
2017,2250,Gonzaga Bulldogs,Gonzaga,West Coast Conference,wcc,Gonzaga
2017,2608,Saint Mary's Gaels,Saint Mary's,West Coast Conference,wcc,Saint Mary's
2017,252,BYU Cougars,BYU,West Coast Conference,wcc,BYU
2017,2539,San Francisco Dons,San Francisco,West Coast Conference,wcc,San Francisco
2017,2541,Santa Clara Broncos,Santa Clara,West Coast Conference,wcc,Santa Clara
2017,2351,Loyola Marymount Lions,Loyola Marymount,West Coast Conference,wcc,Loyola Marymount
2017,301,San Diego Toreros,San Diego,West Coast Conference,wcc,San Diego
2017,2492,Pepperdine Waves,Pepperdine,West Coast Conference,wcc,Pepperdine
2017,279,Pacific Tigers,Pacific,West Coast Conference,wcc,Pacific
2017,2501,Portland Pilots,Portland,West Coast Conference,wcc,Portland
2017,2934,Cal State Bakersfield Roadrunners,Cal State Bakersfield,Western Athletic Conference,wac,Cal St. Bakersfield
2017,166,New Mexico State Aggies,New Mexico State,Western Athletic Conference,wac,New Mexico St.
2017,2253,Grand Canyon Lopes,Grand Canyon,Western Athletic Conference,wac,Grand Canyon
2017,140,Kansas City Roos,Kansas City,Western Athletic Conference,wac,UMKC
2017,3084,Utah Valley Wolverines,Utah Valley,Western Athletic Conference,wac,Utah Valley
2017,2547,Seattle U Redhawks,Seattle U,Western Athletic Conference,wac,Seattle
2017,292,UT Rio Grande Valley Vaqueros,UT Rio Grande Valley,Western Athletic Conference,wac,UT Rio Grande Valley
2017,2130,Chicago State Cougars,Chicago State,Western Athletic Conference,wac,Chicago St.
2018,526,Florida Gulf Coast Eagles,Florida Gulf Coast,ASUN Conference,a-sun,Florida Gulf Coast
2018,288,Lipscomb Bisons,Lipscomb,ASUN Conference,a-sun,Lipscomb
2018,294,Jacksonville Dolphins,Jacksonville,ASUN Conference,a-sun,Jacksonville
2018,2885,NJIT Highlanders,NJIT,ASUN Conference,a-sun,NJIT
2018,2454,North Florida Ospreys,North Florida,ASUN Conference,a-sun,North Florida
2018,338,Kennesaw State Owls,Kennesaw State,ASUN Conference,a-sun,Kennesaw St.
2018,56,Stetson Hatters,Stetson,ASUN Conference,a-sun,Stetson
2018,2908,South Carolina Upstate Spartans,South Carolina Upstate,ASUN Conference,a-sun,USC Upstate
2018,261,Vermont Catamounts,Vermont,America East Conference,aeast,Vermont
2018,2378,UMBC Retrievers,UMBC,America East Conference,aeast,UMBC
2018,42,Hartford Hawks,Hartford,America East Conference,aeast,Hartford
2018,399,UAlbany Great Danes,UAlbany,America East Conference,aeast,Albany
2018,2619,Stony Brook Seawolves,Stony Brook,America East Conference,aeast,Stony Brook
2018,2349,UMass Lowell River Hawks,UMass Lowell,America East Conference,aeast,UMass Lowell
2018,160,New Hampshire Wildcats,New Hampshire,America East Conference,aeast,New Hampshire
2018,311,Maine Black Bears,Maine,America East Conference,aeast,Maine
2018,2066,Binghamton Bearcats,Binghamton,America East Conference,aeast,Binghamton
2018,2132,Cincinnati Bearcats,Cincinnati,American Athletic Conference,aac,Cincinnati
2018,248,Houston Cougars,Houston,American Athletic Conference,aac,Houston
2018,2724,Wichita State Shockers,Wichita State,American Athletic Conference,aac,Wichita St.
2018,202,Tulsa Golden Hurricane,Tulsa,American Athletic Conference,aac,Tulsa
2018,235,Memphis Tigers,Memphis,American Athletic Conference,aac,Memphis
2018,2116,UCF Knights,UCF,American Athletic Conference,aac,UCF
2018,218,Temple Owls,Temple,American Athletic Conference,aac,Temple
2018,41,UConn Huskies,UConn,American Athletic Conference,aac,Connecticut
2018,2567,SMU Mustangs,SMU,American Athletic Conference,aac,SMU
2018,2655,Tulane Green Wave,Tulane,American Athletic Conference,aac,Tulane
2018,151,East Carolina Pirates,East Carolina,American Athletic Conference,aac,East Carolina
2018,58,South Florida Bulls,South Florida,American Athletic Conference,aac,South Florida
2018,227,Rhode Island Rams,Rhode Island,Atlantic 10 Conference,atl10,Rhode Island
2018,179,St. Bonaventure Bonnies,St. Bonaventure,Atlantic 10 Conference,atl10,St. Bonaventure
2018,2166,Davidson Wildcats,Davidson,Atlantic 10 Conference,atl10,Davidson
2018,2603,Saint Joseph's Hawks,Saint Joseph's,Atlantic 10 Conference,atl10,Saint Joseph's
2018,2670,VCU Rams,VCU,Atlantic 10 Conference,atl10,VCU
2018,139,Saint Louis Billikens,Saint Louis,Atlantic 10 Conference,atl10,Saint Louis
2018,2244,George Mason Patriots,George Mason,Atlantic 10 Conference,atl10,George Mason
2018,257,Richmond Spiders,Richmond,Atlantic 10 Conference,atl10,Richmond
2018,2168,Dayton Flyers,Dayton,Atlantic 10 Conference,atl10,Dayton
2018,2184,Duquesne Dukes,Duquesne,Atlantic 10 Conference,atl10,Duquesne
2018,45,George Washington Revolutionaries,George Washington,Atlantic 10 Conference,atl10,George Washington
2018,2325,La Salle Explorers,La Salle,Atlantic 10 Conference,atl10,La Salle
2018,113,Massachusetts Minutemen,Massachusetts,Atlantic 10 Conference,atl10,Massachusetts
2018,2230,Fordham Rams,Fordham,Atlantic 10 Conference,atl10,Fordham
2018,258,Virginia Cavaliers,Virginia,Atlantic Coast Conference,acc,Virginia
2018,150,Duke Blue Devils,Duke,Atlantic Coast Conference,acc,Duke
2018,228,Clemson Tigers,Clemson,Atlantic Coast Conference,acc,Clemson
2018,2390,Miami Hurricanes,Miami,Atlantic Coast Conference,acc,Miami FL
2018,153,North Carolina Tar Heels,North Carolina,Atlantic Coast Conference,acc,North Carolina
2018,152,NC State Wolfpack,NC State,Atlantic Coast Conference,acc,N.C. State
2018,259,Virginia Tech Hokies,Virginia Tech,Atlantic Coast Conference,acc,Virginia Tech
2018,52,Florida State Seminoles,Florida State,Atlantic Coast Conference,acc,Florida St.
2018,97,Louisville Cardinals,Louisville,Atlantic Coast Conference,acc,Louisville
2018,87,Notre Dame Fighting Irish,Notre Dame,Atlantic Coast Conference,acc,Notre Dame
2018,183,Syracuse Orange,Syracuse,Atlantic Coast Conference,acc,Syracuse
2018,103,Boston College Eagles,Boston College,Atlantic Coast Conference,acc,Boston College
2018,59,Georgia Tech Yellow Jackets,Georgia Tech,Atlantic Coast Conference,acc,Georgia Tech
2018,154,Wake Forest Demon Deacons,Wake Forest,Atlantic Coast Conference,acc,Wake Forest
2018,221,Pittsburgh Panthers,Pittsburgh,Atlantic Coast Conference,acc,Pittsburgh
2018,2305,Kansas Jayhawks,Kansas,Big 12 Conference,big12,Kansas
2018,2641,Texas Tech Red Raiders,Texas Tech,Big 12 Conference,big12,Texas Tech
2018,277,West Virginia Mountaineers,West Virginia,Big 12 Conference,big12,West Virginia
2018,2306,Kansas State Wildcats,Kansas State,Big 12 Conference,big12,Kansas St.
2018,2628,TCU Horned Frogs,TCU,Big 12 Conference,big12,TCU
2018,239,Baylor Bears,Baylor,Big 12 Conference,big12,Baylor
2018,251,Texas Longhorns,Texas,Big 12 Conference,big12,Texas
2018,197,Oklahoma State Cowboys,Oklahoma State,Big 12 Conference,big12,Oklahoma St.
2018,201,Oklahoma Sooners,Oklahoma,Big 12 Conference,big12,Oklahoma
2018,66,Iowa State Cyclones,Iowa State,Big 12 Conference,big12,Iowa St.
2018,2752,Xavier Musketeers,Xavier,Big East Conference,bige,Xavier
2018,222,Villanova Wildcats,Villanova,Big East Conference,bige,Villanova
2018,2550,Seton Hall Pirates,Seton Hall,Big East Conference,bige,Seton Hall
2018,156,Creighton Bluejays,Creighton,Big East Conference,bige,Creighton
2018,2507,Providence Friars,Providence,Big East Conference,bige,Providence
2018,2086,Butler Bulldogs,Butler,Big East Conference,bige,Butler
2018,269,Marquette Golden Eagles,Marquette,Big East Conference,bige,Marquette
2018,46,Georgetown Hoyas,Georgetown,Big East Conference,bige,Georgetown
2018,2599,St. John's Red Storm,St. John's,Big East Conference,bige,St. John's
2018,305,DePaul Blue Demons,DePaul,Big East Conference,bige,DePaul
2018,149,Montana Grizzlies,Montana,Big Sky Conference,bsky,Montana
2018,70,Idaho Vandals,Idaho,Big Sky Conference,bsky,Idaho
2018,331,Eastern Washington Eagles,Eastern Washington,Big Sky Conference,bsky,Eastern Washington
2018,2692,Weber State Wildcats,Weber State,Big Sky Conference,bsky,Weber St.
2018,2458,Northern Colorado Bears,Northern Colorado,Big Sky Conference,bsky,Northern Colorado
2018,2502,Portland State Vikings,Portland State,Big Sky Conference,bsky,Portland St.
2018,304,Idaho State Bengals,Idaho State,Big Sky Conference,bsky,Idaho St.
2018,147,Montana State Bobcats,Montana State,Big Sky Conference,bsky,Montana St.
2018,155,North Dakota Fighting Hawks,North Dakota,Big Sky Conference,bsky,North Dakota
2018,253,Southern Utah Thunderbirds,Southern Utah,Big Sky Conference,bsky,Southern Utah
2018,16,Sacramento State Hornets,Sacramento State,Big Sky Conference,bsky,Sacramento St.
2018,2464,Northern Arizona Lumberjacks,Northern Arizona,Big Sky Conference,bsky,Northern Arizona
2018,2427,UNC Asheville Bulldogs,UNC Asheville,Big South Conference,bsou,UNC Asheville
2018,2515,Radford Highlanders,Radford,Big South Conference,bsou,Radford
2018,2737,Winthrop Eagles,Winthrop,Big South Conference,bsou,Winthrop
2018,2097,Campbell Fighting Camels,Campbell,Big South Conference,bsou,Campbell
2018,2335,Liberty Flames,Liberty,Big South Conference,bsou,Liberty
2018,2127,Charleston Southern Buccaneers,Charleston Southern,Big South Conference,bsou,Charleston Southern
2018,2272,High Point Panthers,High Point,Big South Conference,bsou,High Point
2018,2241,Gardner-Webb Runnin' Bulldogs,Gardner-Webb,Big South Conference,bsou,Gardner Webb
2018,2506,Presbyterian Blue Hose,Presbyterian,Big South Conference,bsou,Presbyterian
2018,2344,Longwood Lancers,Longwood,Big South Conference,bsou,Longwood
2018,127,Michigan State Spartans,Michigan State,Big Ten Conference,big10,Michigan St.
2018,194,Ohio State Buckeyes,Ohio State,Big Ten Conference,big10,Ohio St.
2018,2509,Purdue Boilermakers,Purdue,Big Ten Conference,big10,Purdue
2018,130,Michigan Wolverines,Michigan,Big Ten Conference,big10,Michigan
2018,158,Nebraska Cornhuskers,Nebraska,Big Ten Conference,big10,Nebraska
2018,84,Indiana Hoosiers,Indiana,Big Ten Conference,big10,Indiana
2018,213,Penn State Nittany Lions,Penn State,Big Ten Conference,big10,Penn St.
2018,120,Maryland Terrapins,Maryland,Big Ten Conference,big10,Maryland
2018,275,Wisconsin Badgers,Wisconsin,Big Ten Conference,big10,Wisconsin
2018,77,Northwestern Wildcats,Northwestern,Big Ten Conference,big10,Northwestern
2018,135,Minnesota Golden Gophers,Minnesota,Big Ten Conference,big10,Minnesota
2018,2294,Iowa Hawkeyes,Iowa,Big Ten Conference,big10,Iowa
2018,356,Illinois Fighting Illini,Illinois,Big Ten Conference,big10,Illinois
2018,164,Rutgers Scarlet Knights,Rutgers,Big Ten Conference,big10,Rutgers
2018,302,UC Davis Aggies,UC Davis,Big West Conference,bigw,UC Davis
2018,2540,UC Santa Barbara Gauchos,UC Santa Barbara,Big West Conference,bigw,UC Santa Barbara
2018,300,UC Irvine Anteaters,UC Irvine,Big West Conference,bigw,UC Irvine
2018,2239,Cal State Fullerton Titans,Cal State Fullerton,Big West Conference,bigw,Cal St. Fullerton
2018,299,Long Beach State Beach,Long Beach State,Big West Conference,bigw,Long Beach St.
2018,62,Hawai'i Rainbow Warriors,Hawai'i,Big West Conference,bigw,Hawaii
2018,13,Cal Poly Mustangs,Cal Poly,Big West Conference,bigw,Cal Poly
2018,27,UC Riverside Highlanders,UC Riverside,Big West Conference,bigw,UC Riverside
2018,2463,Cal State Northridge Matadors,Cal State Northridge,Big West Conference,bigw,Cal St. Northridge
2018,232,Charleston Cougars,Charleston,Coastal Athletic Association,col,Charleston
2018,111,Northeastern Huskies,Northeastern,Coastal Athletic Association,col,Northeastern
2018,2275,Hofstra Pride,Hofstra,Coastal Athletic Association,col,Hofstra
2018,2729,William & Mary Tribe,William & Mary,Coastal Athletic Association,col,William & Mary
2018,119,Towson Tigers,Towson,Coastal Athletic Association,col,Towson
2018,350,UNC Wilmington Seahawks,UNC Wilmington,Coastal Athletic Association,col,UNC Wilmington
2018,48,Delaware Blue Hens,Delaware,Coastal Athletic Association,col,Delaware
2018,256,James Madison Dukes,James Madison,Coastal Athletic Association,col,James Madison
2018,2210,Elon Phoenix,Elon,Coastal Athletic Association,col,Elon
2018,2182,Drexel Dragons,Drexel,Coastal Athletic Association,col,Drexel
2018,2393,Middle Tennessee Blue Raiders,Middle Tennessee,Conference USA,usa,Middle Tennessee
2018,295,Old Dominion Monarchs,Old Dominion,Conference USA,usa,Old Dominion
2018,98,Western Kentucky Hilltoppers,Western Kentucky,Conference USA,usa,Western Kentucky
2018,276,Marshall Thundering Herd,Marshall,Conference USA,usa,Marshall
2018,2636,UTSA Roadrunners,UTSA,Conference USA,usa,UTSA
2018,5,UAB Blazers,UAB,Conference USA,usa,UAB
2018,249,North Texas Mean Green,North Texas,Conference USA,usa,North Texas
2018,2229,Florida International Panthers,Florida International,Conference USA,usa,FIU
2018,2348,Louisiana Tech Bulldogs,Louisiana Tech,Conference USA,usa,Louisiana Tech
2018,2572,Southern Miss Golden Eagles,Southern Miss,Conference USA,usa,Southern Miss
2018,2226,Florida Atlantic Owls,Florida Atlantic,Conference USA,usa,Florida Atlantic
2018,2638,UTEP Miners,UTEP,Conference USA,usa,UTEP
2018,242,Rice Owls,Rice,Conference USA,usa,Rice
2018,2429,Charlotte 49ers,Charlotte,Conference USA,usa,Charlotte
2018,94,Northern Kentucky Norse,Northern Kentucky,Horizon League,hor,Northern Kentucky
2018,2750,Wright State Raiders,Wright State,Horizon League,hor,Wright St.
2018,82,UIC Flames,UIC,Horizon League,hor,Illinois Chicago
2018,2473,Oakland Golden Grizzlies,Oakland,Horizon League,hor,Oakland
2018,85,IU Indianapolis Jaguars,IU Indianapolis,Horizon League,hor,IU Indy
2018,270,Milwaukee Panthers,Milwaukee,Horizon League,hor,Milwaukee
2018,2739,Green Bay Phoenix,Green Bay,Horizon League,hor,Green Bay
2018,325,Cleveland State Vikings,Cleveland State,Horizon League,hor,Cleveland St.
2018,2754,Youngstown State Penguins,Youngstown State,Horizon League,hor,Youngstown St.
2018,2174,Detroit Mercy Titans,Detroit Mercy,Horizon League,hor,Detroit Mercy
2018,219,Pennsylvania Quakers,Pennsylvania,Ivy League,ivy,Penn
2018,108,Harvard Crimson,Harvard,Ivy League,ivy,Harvard
2018,43,Yale Bulldogs,Yale,Ivy League,ivy,Yale
2018,172,Cornell Big Red,Cornell,Ivy League,ivy,Cornell
2018,163,Princeton Tigers,Princeton,Ivy League,ivy,Princeton
2018,171,Columbia Lions,Columbia,Ivy League,ivy,Columbia
2018,225,Brown Bears,Brown,Ivy League,ivy,Brown
2018,159,Dartmouth Big Green,Dartmouth,Ivy League,ivy,Dartmouth
2018,2520,Rider Broncs,Rider,Metro Atlantic Athletic Conference,maac,Rider
2018,2099,Canisius Golden Griffins,Canisius,Metro Atlantic Athletic Conference,maac,Canisius
2018,315,Niagara Purple Eagles,Niagara,Metro Atlantic Athletic Conference,maac,Niagara
2018,314,Iona Gaels,Iona,Metro Atlantic Athletic Conference,maac,Iona
2018,2363,Manhattan Jaspers,Manhattan,Metro Atlantic Athletic Conference,maac,Manhattan
2018,2217,Fairfield Stags,Fairfield,Metro Atlantic Athletic Conference,maac,Fairfield
2018,2514,Quinnipiac Bobcats,Quinnipiac,Metro Atlantic Athletic Conference,maac,Quinnipiac
2018,2405,Monmouth Hawks,Monmouth,Metro Atlantic Athletic Conference,maac,Monmouth
2018,2612,Saint Peter's Peacocks,Saint Peter's,Metro Atlantic Athletic Conference,maac,Saint Peter's
2018,2561,Siena Saints,Siena,Metro Atlantic Athletic Conference,maac,Siena
2018,2368,Marist Red Foxes,Marist,Metro Atlantic Athletic Conference,maac,Marist
2018,2084,Buffalo Bulls,Buffalo,Mid-American Conference,midame,Buffalo
2018,2309,Kent State Golden Flashes,Kent State,Mid-American Conference,midame,Kent St.
2018,193,Miami (OH) RedHawks,Miami (OH),Mid-American Conference,midame,Miami OH
2018,189,Bowling Green Falcons,Bowling Green,Mid-American Conference,midame,Bowling Green
2018,195,Ohio Bobcats,Ohio,Mid-American Conference,midame,Ohio
2018,2006,Akron Zips,Akron,Mid-American Conference,midame,Akron
2018,2649,Toledo Rockets,Toledo,Mid-American Conference,midamw,Toledo
2018,2199,Eastern Michigan Eagles,Eastern Michigan,Mid-American Conference,midamw,Eastern Michigan
2018,2050,Ball State Cardinals,Ball State,Mid-American Conference,midamw,Ball St.
2018,2711,Western Michigan Broncos,Western Michigan,Mid-American Conference,midamw,Western Michigan
2018,2117,Central Michigan Chippewas,Central Michigan,Mid-American Conference,midamw,Central Michigan
2018,2459,Northern Illinois Huskies,Northern Illinois,Mid-American Conference,midamw,Northern Illinois
2018,2261,Hampton Pirates,Hampton,Mid-Eastern Athletic Conference,meac,Hampton
2018,2065,Bethune-Cookman Wildcats,Bethune-Cookman,Mid-Eastern Athletic Conference,meac,Bethune Cookman
2018,2542,Savannah State Tigers,Savannah State,Mid-Eastern Athletic Conference,meac,Savannah St.
2018,2448,North Carolina A&T Aggies,North Carolina A&T,Mid-Eastern Athletic Conference,meac,North Carolina A&T
2018,2450,Norfolk State Spartans,Norfolk State,Mid-Eastern Athletic Conference,meac,Norfolk St.
2018,2428,North Carolina Central Eagles,North Carolina Central,Mid-Eastern Athletic Conference,meac,North Carolina Central
2018,2415,Morgan State Bears,Morgan State,Mid-Eastern Athletic Conference,meac,Morgan St.
2018,47,Howard Bison,Howard,Mid-Eastern Athletic Conference,meac,Howard
2018,50,Florida A&M Rattlers,Florida A&M,Mid-Eastern Athletic Conference,meac,Florida A&M
2018,2569,South Carolina State Bulldogs,South Carolina State,Mid-Eastern Athletic Conference,meac,South Carolina St.
2018,2154,Coppin State Eagles,Coppin State,Mid-Eastern Athletic Conference,meac,Coppin St.
2018,2379,Maryland Eastern Shore Hawks,Maryland Eastern Shore,Mid-Eastern Athletic Conference,meac,Maryland Eastern Shore
2018,2169,Delaware State Hornets,Delaware State,Mid-Eastern Athletic Conference,meac,Delaware St.
2018,2350,Loyola Chicago Ramblers,Loyola Chicago,Missouri Valley Conference,mvc,Loyola Chicago
2018,79,Southern Illinois Salukis,Southern Illinois,Missouri Valley Conference,mvc,Southern Illinois
2018,2287,Illinois State Redbirds,Illinois State,Missouri Valley Conference,mvc,Illinois St.
2018,2181,Drake Bulldogs,Drake,Missouri Valley Conference,mvc,Drake
2018,71,Bradley Braves,Bradley,Missouri Valley Conference,mvc,Bradley
2018,282,Indiana State Sycamores,Indiana State,Missouri Valley Conference,mvc,Indiana St.
2018,2623,Missouri State Bears,Missouri State,Missouri Valley Conference,mvc,Missouri St.
2018,339,Evansville Purple Aces,Evansville,Missouri Valley Conference,mvc,Evansville
2018,2460,Northern Iowa Panthers,Northern Iowa,Missouri Valley Conference,mvc,Northern Iowa
2018,2674,Valparaiso Beacons,Valparaiso,Missouri Valley Conference,mvc,Valparaiso
2018,2440,Nevada Wolf Pack,Nevada,Mountain West Conference,mwest,Nevada
2018,68,Boise State Broncos,Boise State,Mountain West Conference,mwest,Boise St.
2018,167,New Mexico Lobos,New Mexico,Mountain West Conference,mwest,New Mexico
2018,21,San Diego State Aztecs,San Diego State,Mountain West Conference,mwest,San Diego St.
2018,278,Fresno State Bulldogs,Fresno State,Mountain West Conference,mwest,Fresno St.
2018,2751,Wyoming Cowboys,Wyoming,Mountain West Conference,mwest,Wyoming
2018,328,Utah State Aggies,Utah State,Mountain West Conference,mwest,Utah St.
2018,2439,UNLV Rebels,UNLV,Mountain West Conference,mwest,UNLV
2018,2005,Air Force Falcons,Air Force,Mountain West Conference,mwest,Air Force
2018,36,Colorado State Rams,Colorado State,Mountain West Conference,mwest,Colorado St.
2018,23,San José State Spartans,San José State,Mountain West Conference,mwest,San Jose St.
2018,2681,Wagner Seahawks,Wagner,Northeast Conference,neast,Wagner
2018,116,Mount St. Mary's Mountaineers,Mount St. Mary's,Northeast Conference,neast,Mount St. Mary's
2018,2598,St. Francis (PA) Red Flash,St. Francis (PA),Northeast Conference,neast,Saint Francis
2018,112358,Long Island University Sharks,Long Island University,Northeast Conference,neast,LIU
2018,2597,St. Francis Brooklyn Terriers,St. Francis Brooklyn,Northeast Conference,neast,St. Francis NY
2018,2523,Robert Morris Colonials,Robert Morris,Northeast Conference,neast,Robert Morris
2018,161,Fairleigh Dickinson Knights,Fairleigh Dickinson,Northeast Conference,neast,Fairleigh Dickinson
2018,2115,Central Connecticut Blue Devils,Central Connecticut,Northeast Conference,neast,Central Connecticut
2018,2529,Sacred Heart Pioneers,Sacred Heart,Northeast Conference,neast,Sacred Heart
2018,2803,Bryant Bulldogs,Bryant,Northeast Conference,neast,Bryant
2018,93,Murray State Racers,Murray State,Ohio Valley Conference,ovc,Murray St.
2018,2057,Belmont Bruins,Belmont,Ohio Valley Conference,ovc,Belmont
2018,2046,Austin Peay Governors,Austin Peay,Ohio Valley Conference,ovc,Austin Peay
2018,55,Jacksonville State Gamecocks,Jacksonville State,Ohio Valley Conference,ovc,Jacksonville St.
2018,2635,Tennessee Tech Golden Eagles,Tennessee Tech,Ohio Valley Conference,ovc,Tennessee Tech
2018,2634,Tennessee State Tigers,Tennessee State,Ohio Valley Conference,ovc,Tennessee St.
2018,2546,Southeast Missouri State Redhawks,Southeast Missouri State,Ohio Valley Conference,ovc,Southeast Missouri St.
2018,2197,Eastern Illinois Panthers,Eastern Illinois,Ohio Valley Conference,ovc,Eastern Illinois
2018,2565,SIU Edwardsville Cougars,SIU Edwardsville,Ohio Valley Conference,ovc,SIU Edwardsville
2018,2198,Eastern Kentucky Colonels,Eastern Kentucky,Ohio Valley Conference,ovc,Eastern Kentucky
2018,2630,UT Martin Skyhawks,UT Martin,Ohio Valley Conference,ovc,Tennessee Martin
2018,2413,Morehead State Eagles,Morehead State,Ohio Valley Conference,ovc,Morehead St.
2018,12,Arizona Wildcats,Arizona,Pac-12 Conference,pac12,Arizona
2018,30,USC Trojans,USC,Pac-12 Conference,pac12,USC
2018,254,Utah Utes,Utah,Pac-12 Conference,pac12,Utah
2018,26,UCLA Bruins,UCLA,Pac-12 Conference,pac12,UCLA
2018,24,Stanford Cardinal,Stanford,Pac-12 Conference,pac12,Stanford
2018,2483,Oregon Ducks,Oregon,Pac-12 Conference,pac12,Oregon
2018,264,Washington Huskies,Washington,Pac-12 Conference,pac12,Washington
2018,9,Arizona State Sun Devils,Arizona State,Pac-12 Conference,pac12,Arizona St.
2018,38,Colorado Buffaloes,Colorado,Pac-12 Conference,pac12,Colorado
2018,204,Oregon State Beavers,Oregon State,Pac-12 Conference,pac12,Oregon St.
2018,265,Washington State Cougars,Washington State,Pac-12 Conference,pac12,Washington St.
2018,25,California Golden Bears,California,Pac-12 Conference,pac12,California
2018,2083,Bucknell Bison,Bucknell,Patriot League,pat,Bucknell
2018,2142,Colgate Raiders,Colgate,Patriot League,pat,Colgate
2018,2426,Navy Midshipmen,Navy,Patriot League,pat,Navy
2018,2329,Lehigh Mountain Hawks,Lehigh,Patriot League,pat,Lehigh
2018,104,Boston University Terriers,Boston University,Patriot League,pat,Boston University
2018,107,Holy Cross Crusaders,Holy Cross,Patriot League,pat,Holy Cross
2018,322,Lafayette Leopards,Lafayette,Patriot League,pat,Lafayette
2018,349,Army Black Knights,Army,Patriot League,pat,Army
2018,2352,Loyola Maryland Greyhounds,Loyola Maryland,Patriot League,pat,Loyola MD
2018,44,American University Eagles,American University,Patriot League,pat,American
2018,2,Auburn Tigers,Auburn,Southeastern Conference,sec,Auburn
2018,2633,Tennessee Volunteers,Tennessee,Southeastern Conference,sec,Tennessee
2018,57,Florida Gators,Florida,Southeastern Conference,sec,Florida
2018,96,Kentucky Wildcats,Kentucky,Southeastern Conference,sec,Kentucky
2018,8,Arkansas Razorbacks,Arkansas,Southeastern Conference,sec,Arkansas
2018,142,Missouri Tigers,Missouri,Southeastern Conference,sec,Missouri
2018,344,Mississippi State Bulldogs,Mississippi State,Southeastern Conference,sec,Mississippi St.
2018,245,Texas A&M Aggies,Texas A&M,Southeastern Conference,sec,Texas A&M
2018,333,Alabama Crimson Tide,Alabama,Southeastern Conference,sec,Alabama
2018,99,LSU Tigers,LSU,Southeastern Conference,sec,LSU
2018,2579,South Carolina Gamecocks,South Carolina,Southeastern Conference,sec,South Carolina
2018,61,Georgia Bulldogs,Georgia,Southeastern Conference,sec,Georgia
2018,238,Vanderbilt Commodores,Vanderbilt,Southeastern Conference,sec,Vanderbilt
2018,145,Ole Miss Rebels,Ole Miss,Southeastern Conference,sec,Mississippi
2018,2430,UNC Greensboro Spartans,UNC Greensboro,Southern Conference,south,UNC Greensboro
2018,2193,East Tennessee State Buccaneers,East Tennessee State,Southern Conference,south,East Tennessee St.
2018,231,Furman Paladins,Furman,Southern Conference,south,Furman
2018,2747,Wofford Terriers,Wofford,Southern Conference,south,Wofford
2018,2382,Mercer Bears,Mercer,Southern Conference,south,Mercer
2018,2717,Western Carolina Catamounts,Western Carolina,Southern Conference,south,Western Carolina
2018,2535,Samford Bulldogs,Samford,Southern Conference,south,Samford
2018,2643,The Citadel Bulldogs,The Citadel,Southern Conference,south,The Citadel
2018,2678,VMI Keydets,VMI,Southern Conference,south,VMI
2018,236,Chattanooga Mocs,Chattanooga,Southern Conference,south,Chattanooga
2018,2545,SE Louisiana Lions,SE Louisiana,Southland Conference,land,Southeastern Louisiana
2018,2447,Nicholls Colonels,Nicholls,Southland Conference,land,Nicholls St.
2018,2617,Stephen F. Austin Lumberjacks,Stephen F. Austin,Southland Conference,land,Stephen F. Austin
2018,2534,Sam Houston Bearkats,Sam Houston,Southland Conference,land,Sam Houston St.
2018,2443,New Orleans Privateers,New Orleans,Southland Conference,land,New Orleans
2018,2320,Lamar Cardinals,Lamar,Southland Conference,land,Lamar
2018,2110,Central Arkansas Bears,Central Arkansas,Southland Conference,land,Central Arkansas
2018,357,Texas A&M-Corpus Christi Islanders,Texas A&M-Corpus Christi,Southland Conference,land,Texas A&M Corpus Chris
2018,2000,Abilene Christian Wildcats,Abilene Christian,Southland Conference,land,Abilene Christian
2018,2377,McNeese Cowboys,McNeese,Southland Conference,land,McNeese St.
2018,2916,Incarnate Word Cardinals,Incarnate Word,Southland Conference,land,Incarnate Word
2018,2277,Houston Christian Huskies,Houston Christian,Southland Conference,land,Houston Christian
2018,2466,Northwestern State Demons,Northwestern State,Southland Conference,land,Northwestern St.
2018,2755,Grambling Tigers,Grambling,Southwestern Athletic Conference,swac,Grambling St.
2018,2504,Prairie View A&M Panthers,Prairie View A&M,Southwestern Athletic Conference,swac,Prairie View A&M
2018,2640,Texas Southern Tigers,Texas Southern,Southwestern Athletic Conference,swac,Texas Southern
2018,2029,Arkansas-Pine Bluff Golden Lions,Arkansas-Pine Bluff,Southwestern Athletic Conference,swac,Arkansas Pine Bluff
2018,2582,Southern Jaguars,Southern,Southwestern Athletic Conference,swac,Southern
2018,2296,Jackson State Tigers,Jackson State,Southwestern Athletic Conference,swac,Jackson St.
2018,2011,Alabama State Hornets,Alabama State,Southwestern Athletic Conference,swac,Alabama St.
2018,2016,Alcorn State Braves,Alcorn State,Southwestern Athletic Conference,swac,Alcorn St.
2018,2400,Mississippi Valley State Delta Devils,Mississippi Valley State,Southwestern Athletic Conference,swac,Mississippi Valley St.
2018,2010,Alabama A&M Bulldogs,Alabama A&M,Southwestern Athletic Conference,swac,Alabama A&M
2018,2571,South Dakota State Jackrabbits,South Dakota State,Summit League,summ,South Dakota St.
2018,233,South Dakota Coyotes,South Dakota,Summit League,summ,South Dakota
2018,2172,Denver Pioneers,Denver,Summit League,summ,Denver
2018,2870,Purdue Fort Wayne Mastodons,Purdue Fort Wayne,Summit League,summ,Purdue Fort Wayne
2018,2449,North Dakota State Bison,North Dakota State,Summit League,summ,North Dakota St.
2018,198,Oral Roberts Golden Eagles,Oral Roberts,Summit League,summ,Oral Roberts
2018,2437,Omaha Mavericks,Omaha,Summit League,summ,Nebraska Omaha
2018,2710,Western Illinois Leathernecks,Western Illinois,Summit League,summ,Western Illinois
2018,309,Louisiana Ragin' Cajuns,Louisiana,Sun Belt Conference,belt,Louisiana
2018,2247,Georgia State Panthers,Georgia State,Sun Belt Conference,belt,Georgia St.
2018,290,Georgia Southern Eagles,Georgia Southern,Sun Belt Conference,belt,Georgia Southern
2018,250,UT Arlington Mavericks,UT Arlington,Sun Belt Conference,belt,UT Arlington
2018,2026,App State Mountaineers,App State,Sun Belt Conference,belt,Appalachian St.
2018,2433,UL Monroe Warhawks,UL Monroe,Sun Belt Conference,belt,Louisiana Monroe
2018,2653,Troy Trojans,Troy,Sun Belt Conference,belt,Troy
2018,324,Coastal Carolina Chanticleers,Coastal Carolina,Sun Belt Conference,belt,Coastal Carolina
2018,326,Texas State Bobcats,Texas State,Sun Belt Conference,belt,Texas St.
2018,6,South Alabama Jaguars,South Alabama,Sun Belt Conference,belt,South Alabama
2018,2032,Arkansas State Red Wolves,Arkansas State,Sun Belt Conference,belt,Arkansas St.
2018,2031,Little Rock Trojans,Little Rock,Sun Belt Conference,belt,Little Rock
2018,2250,Gonzaga Bulldogs,Gonzaga,West Coast Conference,wcc,Gonzaga
2018,2608,Saint Mary's Gaels,Saint Mary's,West Coast Conference,wcc,Saint Mary's
2018,252,BYU Cougars,BYU,West Coast Conference,wcc,BYU
2018,301,San Diego Toreros,San Diego,West Coast Conference,wcc,San Diego
2018,2539,San Francisco Dons,San Francisco,West Coast Conference,wcc,San Francisco
2018,279,Pacific Tigers,Pacific,West Coast Conference,wcc,Pacific
2018,2541,Santa Clara Broncos,Santa Clara,West Coast Conference,wcc,Santa Clara
2018,2351,Loyola Marymount Lions,Loyola Marymount,West Coast Conference,wcc,Loyola Marymount
2018,2501,Portland Pilots,Portland,West Coast Conference,wcc,Portland
2018,2492,Pepperdine Waves,Pepperdine,West Coast Conference,wcc,Pepperdine
2018,166,New Mexico State Aggies,New Mexico State,Western Athletic Conference,wac,New Mexico St.
2018,3084,Utah Valley Wolverines,Utah Valley,Western Athletic Conference,wac,Utah Valley
2018,2253,Grand Canyon Lopes,Grand Canyon,Western Athletic Conference,wac,Grand Canyon
2018,2547,Seattle U Redhawks,Seattle U,Western Athletic Conference,wac,Seattle
2018,292,UT Rio Grande Valley Vaqueros,UT Rio Grande Valley,Western Athletic Conference,wac,UT Rio Grande Valley
2018,2934,Cal State Bakersfield Roadrunners,Cal State Bakersfield,Western Athletic Conference,wac,Cal St. Bakersfield
2018,140,Kansas City Roos,Kansas City,Western Athletic Conference,wac,UMKC
2018,2130,Chicago State Cougars,Chicago State,Western Athletic Conference,wac,Chicago St.
2019,2335,Liberty Flames,Liberty,ASUN Conference,a-sun,Liberty
2019,288,Lipscomb Bisons,Lipscomb,ASUN Conference,a-sun,Lipscomb
2019,2454,North Florida Ospreys,North Florida,ASUN Conference,a-sun,North Florida
2019,526,Florida Gulf Coast Eagles,Florida Gulf Coast,ASUN Conference,a-sun,Florida Gulf Coast
2019,2885,NJIT Highlanders,NJIT,ASUN Conference,a-sun,NJIT
2019,2453,North Alabama Lions,North Alabama,ASUN Conference,a-sun,North Alabama
2019,294,Jacksonville Dolphins,Jacksonville,ASUN Conference,a-sun,Jacksonville
2019,56,Stetson Hatters,Stetson,ASUN Conference,a-sun,Stetson
2019,338,Kennesaw State Owls,Kennesaw State,ASUN Conference,a-sun,Kennesaw St.
2019,261,Vermont Catamounts,Vermont,America East Conference,aeast,Vermont
2019,2619,Stony Brook Seawolves,Stony Brook,America East Conference,aeast,Stony Brook
2019,2378,UMBC Retrievers,UMBC,America East Conference,aeast,UMBC
2019,42,Hartford Hawks,Hartford,America East Conference,aeast,Hartford
2019,2349,UMass Lowell River Hawks,UMass Lowell,America East Conference,aeast,UMass Lowell
2019,399,UAlbany Great Danes,UAlbany,America East Conference,aeast,Albany
2019,2066,Binghamton Bearcats,Binghamton,America East Conference,aeast,Binghamton
2019,160,New Hampshire Wildcats,New Hampshire,America East Conference,aeast,New Hampshire
2019,311,Maine Black Bears,Maine,America East Conference,aeast,Maine
2019,248,Houston Cougars,Houston,American Athletic Conference,aac,Houston
2019,2132,Cincinnati Bearcats,Cincinnati,American Athletic Conference,aac,Cincinnati
2019,2116,UCF Knights,UCF,American Athletic Conference,aac,UCF
2019,218,Temple Owls,Temple,American Athletic Conference,aac,Temple
2019,235,Memphis Tigers,Memphis,American Athletic Conference,aac,Memphis
2019,2724,Wichita State Shockers,Wichita State,American Athletic Conference,aac,Wichita St.
2019,202,Tulsa Golden Hurricane,Tulsa,American Athletic Conference,aac,Tulsa
2019,58,South Florida Bulls,South Florida,American Athletic Conference,aac,South Florida
2019,41,UConn Huskies,UConn,American Athletic Conference,aac,Connecticut
2019,2567,SMU Mustangs,SMU,American Athletic Conference,aac,SMU
2019,151,East Carolina Pirates,East Carolina,American Athletic Conference,aac,East Carolina
2019,2655,Tulane Green Wave,Tulane,American Athletic Conference,aac,Tulane
2019,2670,VCU Rams,VCU,Atlantic 10 Conference,atl10,VCU
2019,2166,Davidson Wildcats,Davidson,Atlantic 10 Conference,atl10,Davidson
2019,2168,Dayton Flyers,Dayton,Atlantic 10 Conference,atl10,Dayton
2019,179,St. Bonaventure Bonnies,St. Bonaventure,Atlantic 10 Conference,atl10,St. Bonaventure
2019,2244,George Mason Patriots,George Mason,Atlantic 10 Conference,atl10,George Mason
2019,139,Saint Louis Billikens,Saint Louis,Atlantic 10 Conference,atl10,Saint Louis
2019,2184,Duquesne Dukes,Duquesne,Atlantic 10 Conference,atl10,Duquesne
2019,227,Rhode Island Rams,Rhode Island,Atlantic 10 Conference,atl10,Rhode Island
2019,2325,La Salle Explorers,La Salle,Atlantic 10 Conference,atl10,La Salle
2019,2603,Saint Joseph's Hawks,Saint Joseph's,Atlantic 10 Conference,atl10,Saint Joseph's
2019,257,Richmond Spiders,Richmond,Atlantic 10 Conference,atl10,Richmond
2019,45,George Washington Revolutionaries,George Washington,Atlantic 10 Conference,atl10,George Washington
2019,113,Massachusetts Minutemen,Massachusetts,Atlantic 10 Conference,atl10,Massachusetts
2019,2230,Fordham Rams,Fordham,Atlantic 10 Conference,atl10,Fordham
2019,258,Virginia Cavaliers,Virginia,Atlantic Coast Conference,acc,Virginia
2019,153,North Carolina Tar Heels,North Carolina,Atlantic Coast Conference,acc,North Carolina
2019,150,Duke Blue Devils,Duke,Atlantic Coast Conference,acc,Duke
2019,52,Florida State Seminoles,Florida State,Atlantic Coast Conference,acc,Florida St.
2019,259,Virginia Tech Hokies,Virginia Tech,Atlantic Coast Conference,acc,Virginia Tech
2019,183,Syracuse Orange,Syracuse,Atlantic Coast Conference,acc,Syracuse
2019,97,Louisville Cardinals,Louisville,Atlantic Coast Conference,acc,Louisville
2019,152,NC State Wolfpack,NC State,Atlantic Coast Conference,acc,N.C. State
2019,228,Clemson Tigers,Clemson,Atlantic Coast Conference,acc,Clemson
2019,59,Georgia Tech Yellow Jackets,Georgia Tech,Atlantic Coast Conference,acc,Georgia Tech
2019,103,Boston College Eagles,Boston College,Atlantic Coast Conference,acc,Boston College
2019,2390,Miami Hurricanes,Miami,Atlantic Coast Conference,acc,Miami FL
2019,154,Wake Forest Demon Deacons,Wake Forest,Atlantic Coast Conference,acc,Wake Forest
2019,221,Pittsburgh Panthers,Pittsburgh,Atlantic Coast Conference,acc,Pittsburgh
2019,87,Notre Dame Fighting Irish,Notre Dame,Atlantic Coast Conference,acc,Notre Dame
2019,2641,Texas Tech Red Raiders,Texas Tech,Big 12 Conference,big12,Texas Tech
2019,2306,Kansas State Wildcats,Kansas State,Big 12 Conference,big12,Kansas St.
2019,2305,Kansas Jayhawks,Kansas,Big 12 Conference,big12,Kansas
2019,239,Baylor Bears,Baylor,Big 12 Conference,big12,Baylor
2019,66,Iowa State Cyclones,Iowa State,Big 12 Conference,big12,Iowa St.
2019,251,Texas Longhorns,Texas,Big 12 Conference,big12,Texas
2019,201,Oklahoma Sooners,Oklahoma,Big 12 Conference,big12,Oklahoma
2019,2628,TCU Horned Frogs,TCU,Big 12 Conference,big12,TCU
2019,197,Oklahoma State Cowboys,Oklahoma State,Big 12 Conference,big12,Oklahoma St.
2019,277,West Virginia Mountaineers,West Virginia,Big 12 Conference,big12,West Virginia
2019,222,Villanova Wildcats,Villanova,Big East Conference,bige,Villanova
2019,269,Marquette Golden Eagles,Marquette,Big East Conference,bige,Marquette
2019,2550,Seton Hall Pirates,Seton Hall,Big East Conference,bige,Seton Hall
2019,156,Creighton Bluejays,Creighton,Big East Conference,bige,Creighton
2019,46,Georgetown Hoyas,Georgetown,Big East Conference,bige,Georgetown
2019,2752,Xavier Musketeers,Xavier,Big East Conference,bige,Xavier
2019,2599,St. John's Red Storm,St. John's,Big East Conference,bige,St. John's
2019,2507,Providence Friars,Providence,Big East Conference,bige,Providence
2019,2086,Butler Bulldogs,Butler,Big East Conference,bige,Butler
2019,305,DePaul Blue Demons,DePaul,Big East Conference,bige,DePaul
2019,149,Montana Grizzlies,Montana,Big Sky Conference,bsky,Montana
2019,2458,Northern Colorado Bears,Northern Colorado,Big Sky Conference,bsky,Northern Colorado
2019,331,Eastern Washington Eagles,Eastern Washington,Big Sky Conference,bsky,Eastern Washington
2019,2692,Weber State Wildcats,Weber State,Big Sky Conference,bsky,Weber St.
2019,2502,Portland State Vikings,Portland State,Big Sky Conference,bsky,Portland St.
2019,147,Montana State Bobcats,Montana State,Big Sky Conference,bsky,Montana St.
2019,253,Southern Utah Thunderbirds,Southern Utah,Big Sky Conference,bsky,Southern Utah
2019,16,Sacramento State Hornets,Sacramento State,Big Sky Conference,bsky,Sacramento St.
2019,2464,Northern Arizona Lumberjacks,Northern Arizona,Big Sky Conference,bsky,Northern Arizona
2019,304,Idaho State Bengals,Idaho State,Big Sky Conference,bsky,Idaho St.
2019,70,Idaho Vandals,Idaho,Big Sky Conference,bsky,Idaho
2019,2097,Campbell Fighting Camels,Campbell,Big South Conference,bsou,Campbell
2019,2515,Radford Highlanders,Radford,Big South Conference,bsou,Radford
2019,2241,Gardner-Webb Runnin' Bulldogs,Gardner-Webb,Big South Conference,bsou,Gardner Webb
2019,2737,Winthrop Eagles,Winthrop,Big South Conference,bsou,Winthrop
2019,2272,High Point Panthers,High Point,Big South Conference,bsou,High Point
2019,2506,Presbyterian Blue Hose,Presbyterian,Big South Conference,bsou,Presbyterian
2019,2127,Charleston Southern Buccaneers,Charleston Southern,Big South Conference,bsou,Charleston Southern
2019,2261,Hampton Pirates,Hampton,Big South Conference,bsou,Hampton
2019,2344,Longwood Lancers,Longwood,Big South Conference,bsou,Longwood
2019,2427,UNC Asheville Bulldogs,UNC Asheville,Big South Conference,bsou,UNC Asheville
2019,2908,South Carolina Upstate Spartans,South Carolina Upstate,Big South Conference,bsou,USC Upstate
2019,127,Michigan State Spartans,Michigan State,Big Ten Conference,big10,Michigan St.
2019,2509,Purdue Boilermakers,Purdue,Big Ten Conference,big10,Purdue
2019,130,Michigan Wolverines,Michigan,Big Ten Conference,big10,Michigan
2019,275,Wisconsin Badgers,Wisconsin,Big Ten Conference,big10,Wisconsin
2019,120,Maryland Terrapins,Maryland,Big Ten Conference,big10,Maryland
2019,2294,Iowa Hawkeyes,Iowa,Big Ten Conference,big10,Iowa
2019,135,Minnesota Golden Gophers,Minnesota,Big Ten Conference,big10,Minnesota
2019,194,Ohio State Buckeyes,Ohio State,Big Ten Conference,big10,Ohio St.
2019,84,Indiana Hoosiers,Indiana,Big Ten Conference,big10,Indiana
2019,213,Penn State Nittany Lions,Penn State,Big Ten Conference,big10,Penn St.
2019,356,Illinois Fighting Illini,Illinois,Big Ten Conference,big10,Illinois
2019,164,Rutgers Scarlet Knights,Rutgers,Big Ten Conference,big10,Rutgers
2019,158,Nebraska Cornhuskers,Nebraska,Big Ten Conference,big10,Nebraska
2019,77,Northwestern Wildcats,Northwestern,Big Ten Conference,big10,Northwestern
2019,300,UC Irvine Anteaters,UC Irvine,Big West Conference,bigw,UC Irvine
2019,2540,UC Santa Barbara Gauchos,UC Santa Barbara,Big West Conference,bigw,UC Santa Barbara
2019,2239,Cal State Fullerton Titans,Cal State Fullerton,Big West Conference,bigw,Cal St. Fullerton
2019,62,Hawai'i Rainbow Warriors,Hawai'i,Big West Conference,bigw,Hawaii
2019,299,Long Beach State Beach,Long Beach State,Big West Conference,bigw,Long Beach St.
2019,2463,Cal State Northridge Matadors,Cal State Northridge,Big West Conference,bigw,Cal St. Northridge
2019,302,UC Davis Aggies,UC Davis,Big West Conference,bigw,UC Davis
2019,27,UC Riverside Highlanders,UC Riverside,Big West Conference,bigw,UC Riverside
2019,13,Cal Poly Mustangs,Cal Poly,Big West Conference,bigw,Cal Poly
2019,2275,Hofstra Pride,Hofstra,Coastal Athletic Association,col,Hofstra
2019,111,Northeastern Huskies,Northeastern,Coastal Athletic Association,col,Northeastern
2019,232,Charleston Cougars,Charleston,Coastal Athletic Association,col,Charleston
2019,2729,William & Mary Tribe,William & Mary,Coastal Athletic Association,col,William & Mary
2019,48,Delaware Blue Hens,Delaware,Coastal Athletic Association,col,Delaware
2019,2182,Drexel Dragons,Drexel,Coastal Athletic Association,col,Drexel
2019,2210,Elon Phoenix,Elon,Coastal Athletic Association,col,Elon
2019,256,James Madison Dukes,James Madison,Coastal Athletic Association,col,James Madison
2019,119,Towson Tigers,Towson,Coastal Athletic Association,col,Towson
2019,350,UNC Wilmington Seahawks,UNC Wilmington,Coastal Athletic Association,col,UNC Wilmington
2019,295,Old Dominion Monarchs,Old Dominion,Conference USA,usa,Old Dominion
2019,2572,Southern Miss Golden Eagles,Southern Miss,Conference USA,usa,Southern Miss
2019,98,Western Kentucky Hilltoppers,Western Kentucky,Conference USA,usa,Western Kentucky
2019,2636,UTSA Roadrunners,UTSA,Conference USA,usa,UTSA
2019,276,Marshall Thundering Herd,Marshall,Conference USA,usa,Marshall
2019,5,UAB Blazers,UAB,Conference USA,usa,UAB
2019,2229,Florida International Panthers,Florida International,Conference USA,usa,FIU
2019,2348,Louisiana Tech Bulldogs,Louisiana Tech,Conference USA,usa,Louisiana Tech
2019,2226,Florida Atlantic Owls,Florida Atlantic,Conference USA,usa,Florida Atlantic
2019,249,North Texas Mean Green,North Texas,Conference USA,usa,North Texas
2019,242,Rice Owls,Rice,Conference USA,usa,Rice
2019,2393,Middle Tennessee Blue Raiders,Middle Tennessee,Conference USA,usa,Middle Tennessee
2019,2429,Charlotte 49ers,Charlotte,Conference USA,usa,Charlotte
2019,2638,UTEP Miners,UTEP,Conference USA,usa,UTEP
2019,94,Northern Kentucky Norse,Northern Kentucky,Horizon League,hor,Northern Kentucky
2019,2750,Wright State Raiders,Wright State,Horizon League,hor,Wright St.
2019,2473,Oakland Golden Grizzlies,Oakland,Horizon League,hor,Oakland
2019,2739,Green Bay Phoenix,Green Bay,Horizon League,hor,Green Bay
2019,82,UIC Flames,UIC,Horizon League,hor,Illinois Chicago
2019,2754,Youngstown State Penguins,Youngstown State,Horizon League,hor,Youngstown St.
2019,85,IU Indianapolis Jaguars,IU Indianapolis,Horizon League,hor,IU Indy
2019,2174,Detroit Mercy Titans,Detroit Mercy,Horizon League,hor,Detroit Mercy
2019,325,Cleveland State Vikings,Cleveland State,Horizon League,hor,Cleveland St.
2019,270,Milwaukee Panthers,Milwaukee,Horizon League,hor,Milwaukee
2019,43,Yale Bulldogs,Yale,Ivy League,ivy,Yale
2019,108,Harvard Crimson,Harvard,Ivy League,ivy,Harvard
2019,163,Princeton Tigers,Princeton,Ivy League,ivy,Princeton
2019,219,Pennsylvania Quakers,Pennsylvania,Ivy League,ivy,Penn
2019,225,Brown Bears,Brown,Ivy League,ivy,Brown
2019,172,Cornell Big Red,Cornell,Ivy League,ivy,Cornell
2019,171,Columbia Lions,Columbia,Ivy League,ivy,Columbia
2019,159,Dartmouth Big Green,Dartmouth,Ivy League,ivy,Dartmouth
2019,314,Iona Gaels,Iona,Metro Atlantic Athletic Conference,maac,Iona
2019,2099,Canisius Golden Griffins,Canisius,Metro Atlantic Athletic Conference,maac,Canisius
2019,2514,Quinnipiac Bobcats,Quinnipiac,Metro Atlantic Athletic Conference,maac,Quinnipiac
2019,2561,Siena Saints,Siena,Metro Atlantic Athletic Conference,maac,Siena
2019,2520,Rider Broncs,Rider,Metro Atlantic Athletic Conference,maac,Rider
2019,2405,Monmouth Hawks,Monmouth,Metro Atlantic Athletic Conference,maac,Monmouth
2019,2363,Manhattan Jaspers,Manhattan,Metro Atlantic Athletic Conference,maac,Manhattan
2019,2368,Marist Red Foxes,Marist,Metro Atlantic Athletic Conference,maac,Marist
2019,2612,Saint Peter's Peacocks,Saint Peter's,Metro Atlantic Athletic Conference,maac,Saint Peter's
2019,315,Niagara Purple Eagles,Niagara,Metro Atlantic Athletic Conference,maac,Niagara
2019,2217,Fairfield Stags,Fairfield,Metro Atlantic Athletic Conference,maac,Fairfield
2019,2084,Buffalo Bulls,Buffalo,Mid-American Conference,midame,Buffalo
2019,189,Bowling Green Falcons,Bowling Green,Mid-American Conference,midame,Bowling Green
2019,2309,Kent State Golden Flashes,Kent State,Mid-American Conference,midame,Kent St.
2019,2006,Akron Zips,Akron,Mid-American Conference,midame,Akron
2019,193,Miami (OH) RedHawks,Miami (OH),Mid-American Conference,midame,Miami OH
2019,195,Ohio Bobcats,Ohio,Mid-American Conference,midame,Ohio
2019,2649,Toledo Rockets,Toledo,Mid-American Conference,midamw,Toledo
2019,2117,Central Michigan Chippewas,Central Michigan,Mid-American Conference,midamw,Central Michigan
2019,2199,Eastern Michigan Eagles,Eastern Michigan,Mid-American Conference,midamw,Eastern Michigan
2019,2459,Northern Illinois Huskies,Northern Illinois,Mid-American Conference,midamw,Northern Illinois
2019,2050,Ball State Cardinals,Ball State,Mid-American Conference,midamw,Ball St.
2019,2711,Western Michigan Broncos,Western Michigan,Mid-American Conference,midamw,Western Michigan
2019,2450,Norfolk State Spartans,Norfolk State,Mid-Eastern Athletic Conference,meac,Norfolk St.
2019,2448,North Carolina A&T Aggies,North Carolina A&T,Mid-Eastern Athletic Conference,meac,North Carolina A&T
2019,2428,North Carolina Central Eagles,North Carolina Central,Mid-Eastern Athletic Conference,meac,North Carolina Central
2019,47,Howard Bison,Howard,Mid-Eastern Athletic Conference,meac,Howard
2019,2065,Bethune-Cookman Wildcats,Bethune-Cookman,Mid-Eastern Athletic Conference,meac,Bethune Cookman
2019,50,Florida A&M Rattlers,Florida A&M,Mid-Eastern Athletic Conference,meac,Florida A&M
2019,2542,Savannah State Tigers,Savannah State,Mid-Eastern Athletic Conference,meac,Savannah St.
2019,2154,Coppin State Eagles,Coppin State,Mid-Eastern Athletic Conference,meac,Coppin St.
2019,2569,South Carolina State Bulldogs,South Carolina State,Mid-Eastern Athletic Conference,meac,South Carolina St.
2019,2379,Maryland Eastern Shore Hawks,Maryland Eastern Shore,Mid-Eastern Athletic Conference,meac,Maryland Eastern Shore
2019,2415,Morgan State Bears,Morgan State,Mid-Eastern Athletic Conference,meac,Morgan St.
2019,2169,Delaware State Hornets,Delaware State,Mid-Eastern Athletic Conference,meac,Delaware St.
2019,2350,Loyola Chicago Ramblers,Loyola Chicago,Missouri Valley Conference,mvc,Loyola Chicago
2019,2181,Drake Bulldogs,Drake,Missouri Valley Conference,mvc,Drake
2019,79,Southern Illinois Salukis,Southern Illinois,Missouri Valley Conference,mvc,Southern Illinois
2019,2623,Missouri State Bears,Missouri State,Missouri Valley Conference,mvc,Missouri St.
2019,71,Bradley Braves,Bradley,Missouri Valley Conference,mvc,Bradley
2019,2287,Illinois State Redbirds,Illinois State,Missouri Valley Conference,mvc,Illinois St.
2019,2460,Northern Iowa Panthers,Northern Iowa,Missouri Valley Conference,mvc,Northern Iowa
2019,282,Indiana State Sycamores,Indiana State,Missouri Valley Conference,mvc,Indiana St.
2019,2674,Valparaiso Beacons,Valparaiso,Missouri Valley Conference,mvc,Valparaiso
2019,339,Evansville Purple Aces,Evansville,Missouri Valley Conference,mvc,Evansville
2019,2440,Nevada Wolf Pack,Nevada,Mountain West Conference,mwest,Nevada
2019,328,Utah State Aggies,Utah State,Mountain West Conference,mwest,Utah St.
2019,278,Fresno State Bulldogs,Fresno State,Mountain West Conference,mwest,Fresno St.
2019,21,San Diego State Aztecs,San Diego State,Mountain West Conference,mwest,San Diego St.
2019,2439,UNLV Rebels,UNLV,Mountain West Conference,mwest,UNLV
2019,2005,Air Force Falcons,Air Force,Mountain West Conference,mwest,Air Force
2019,167,New Mexico Lobos,New Mexico,Mountain West Conference,mwest,New Mexico
2019,68,Boise State Broncos,Boise State,Mountain West Conference,mwest,Boise St.
2019,36,Colorado State Rams,Colorado State,Mountain West Conference,mwest,Colorado St.
2019,2751,Wyoming Cowboys,Wyoming,Mountain West Conference,mwest,Wyoming
2019,23,San José State Spartans,San José State,Mountain West Conference,mwest,San Jose St.
2019,161,Fairleigh Dickinson Knights,Fairleigh Dickinson,Northeast Conference,neast,Fairleigh Dickinson
2019,2598,St. Francis (PA) Red Flash,St. Francis (PA),Northeast Conference,neast,Saint Francis
2019,2523,Robert Morris Colonials,Robert Morris,Northeast Conference,neast,Robert Morris
2019,2529,Sacred Heart Pioneers,Sacred Heart,Northeast Conference,neast,Sacred Heart
2019,2597,St. Francis Brooklyn Terriers,St. Francis Brooklyn,Northeast Conference,neast,St. Francis NY
2019,112358,Long Island University Sharks,Long Island University,Northeast Conference,neast,LIU
2019,2681,Wagner Seahawks,Wagner,Northeast Conference,neast,Wagner
2019,2803,Bryant Bulldogs,Bryant,Northeast Conference,neast,Bryant
2019,116,Mount St. Mary's Mountaineers,Mount St. Mary's,Northeast Conference,neast,Mount St. Mary's
2019,2115,Central Connecticut Blue Devils,Central Connecticut,Northeast Conference,neast,Central Connecticut
2019,93,Murray State Racers,Murray State,Ohio Valley Conference,ovc,Murray St.
2019,2057,Belmont Bruins,Belmont,Ohio Valley Conference,ovc,Belmont
2019,55,Jacksonville State Gamecocks,Jacksonville State,Ohio Valley Conference,ovc,Jacksonville St.
2019,2046,Austin Peay Governors,Austin Peay,Ohio Valley Conference,ovc,Austin Peay
2019,2413,Morehead State Eagles,Morehead State,Ohio Valley Conference,ovc,Morehead St.
2019,2197,Eastern Illinois Panthers,Eastern Illinois,Ohio Valley Conference,ovc,Eastern Illinois
2019,2565,SIU Edwardsville Cougars,SIU Edwardsville,Ohio Valley Conference,ovc,SIU Edwardsville
2019,2198,Eastern Kentucky Colonels,Eastern Kentucky,Ohio Valley Conference,ovc,Eastern Kentucky
2019,2630,UT Martin Skyhawks,UT Martin,Ohio Valley Conference,ovc,Tennessee Martin
2019,2634,Tennessee State Tigers,Tennessee State,Ohio Valley Conference,ovc,Tennessee St.
2019,2546,Southeast Missouri State Redhawks,Southeast Missouri State,Ohio Valley Conference,ovc,Southeast Missouri St.
2019,2635,Tennessee Tech Golden Eagles,Tennessee Tech,Ohio Valley Conference,ovc,Tennessee Tech
2019,264,Washington Huskies,Washington,Pac-12 Conference,pac12,Washington
2019,9,Arizona State Sun Devils,Arizona State,Pac-12 Conference,pac12,Arizona St.
2019,254,Utah Utes,Utah,Pac-12 Conference,pac12,Utah
2019,38,Colorado Buffaloes,Colorado,Pac-12 Conference,pac12,Colorado
2019,204,Oregon State Beavers,Oregon State,Pac-12 Conference,pac12,Oregon St.
2019,2483,Oregon Ducks,Oregon,Pac-12 Conference,pac12,Oregon
2019,26,UCLA Bruins,UCLA,Pac-12 Conference,pac12,UCLA
2019,30,USC Trojans,USC,Pac-12 Conference,pac12,USC
2019,12,Arizona Wildcats,Arizona,Pac-12 Conference,pac12,Arizona
2019,24,Stanford Cardinal,Stanford,Pac-12 Conference,pac12,Stanford
2019,265,Washington State Cougars,Washington State,Pac-12 Conference,pac12,Washington St.
2019,25,California Golden Bears,California,Pac-12 Conference,pac12,California
2019,2142,Colgate Raiders,Colgate,Patriot League,pat,Colgate
2019,2083,Bucknell Bison,Bucknell,Patriot League,pat,Bucknell
2019,2329,Lehigh Mountain Hawks,Lehigh,Patriot League,pat,Lehigh
2019,44,American University Eagles,American University,Patriot League,pat,American
2019,349,Army Black Knights,Army,Patriot League,pat,Army
2019,2426,Navy Midshipmen,Navy,Patriot League,pat,Navy
2019,322,Lafayette Leopards,Lafayette,Patriot League,pat,Lafayette
2019,104,Boston University Terriers,Boston University,Patriot League,pat,Boston University
2019,2352,Loyola Maryland Greyhounds,Loyola Maryland,Patriot League,pat,Loyola MD
2019,107,Holy Cross Crusaders,Holy Cross,Patriot League,pat,Holy Cross
2019,99,LSU Tigers,LSU,Southeastern Conference,sec,LSU
2019,2633,Tennessee Volunteers,Tennessee,Southeastern Conference,sec,Tennessee
2019,96,Kentucky Wildcats,Kentucky,Southeastern Conference,sec,Kentucky
2019,2,Auburn Tigers,Auburn,Southeastern Conference,sec,Auburn
2019,2579,South Carolina Gamecocks,South Carolina,Southeastern Conference,sec,South Carolina
2019,344,Mississippi State Bulldogs,Mississippi State,Southeastern Conference,sec,Mississippi St.
2019,145,Ole Miss Rebels,Ole Miss,Southeastern Conference,sec,Mississippi
2019,57,Florida Gators,Florida,Southeastern Conference,sec,Florida
2019,8,Arkansas Razorbacks,Arkansas,Southeastern Conference,sec,Arkansas
2019,333,Alabama Crimson Tide,Alabama,Southeastern Conference,sec,Alabama
2019,245,Texas A&M Aggies,Texas A&M,Southeastern Conference,sec,Texas A&M
2019,142,Missouri Tigers,Missouri,Southeastern Conference,sec,Missouri
2019,61,Georgia Bulldogs,Georgia,Southeastern Conference,sec,Georgia
2019,238,Vanderbilt Commodores,Vanderbilt,Southeastern Conference,sec,Vanderbilt
2019,2747,Wofford Terriers,Wofford,Southern Conference,south,Wofford
2019,2430,UNC Greensboro Spartans,UNC Greensboro,Southern Conference,south,UNC Greensboro
2019,231,Furman Paladins,Furman,Southern Conference,south,Furman
2019,2193,East Tennessee State Buccaneers,East Tennessee State,Southern Conference,south,East Tennessee St.
2019,236,Chattanooga Mocs,Chattanooga,Southern Conference,south,Chattanooga
2019,2382,Mercer Bears,Mercer,Southern Conference,south,Mercer
2019,2535,Samford Bulldogs,Samford,Southern Conference,south,Samford
2019,2678,VMI Keydets,VMI,Southern Conference,south,VMI
2019,2717,Western Carolina Catamounts,Western Carolina,Southern Conference,south,Western Carolina
2019,2643,The Citadel Bulldogs,The Citadel,Southern Conference,south,The Citadel
2019,2534,Sam Houston Bearkats,Sam Houston,Southland Conference,land,Sam Houston St.
2019,2000,Abilene Christian Wildcats,Abilene Christian,Southland Conference,land,Abilene Christian
2019,2443,New Orleans Privateers,New Orleans,Southland Conference,land,New Orleans
2019,2545,SE Louisiana Lions,SE Louisiana,Southland Conference,land,Southeastern Louisiana
2019,2320,Lamar Cardinals,Lamar,Southland Conference,land,Lamar
2019,357,Texas A&M-Corpus Christi Islanders,Texas A&M-Corpus Christi,Southland Conference,land,Texas A&M Corpus Chris
2019,2277,Houston Christian Huskies,Houston Christian,Southland Conference,land,Houston Christian
2019,2110,Central Arkansas Bears,Central Arkansas,Southland Conference,land,Central Arkansas
2019,2617,Stephen F. Austin Lumberjacks,Stephen F. Austin,Southland Conference,land,Stephen F. Austin
2019,2447,Nicholls Colonels,Nicholls,Southland Conference,land,Nicholls St.
2019,2466,Northwestern State Demons,Northwestern State,Southland Conference,land,Northwestern St.
2019,2377,McNeese Cowboys,McNeese,Southland Conference,land,McNeese St.
2019,2916,Incarnate Word Cardinals,Incarnate Word,Southland Conference,land,Incarnate Word
2019,2504,Prairie View A&M Panthers,Prairie View A&M,Southwestern Athletic Conference,swac,Prairie View A&M
2019,2640,Texas Southern Tigers,Texas Southern,Southwestern Athletic Conference,swac,Texas Southern
2019,2296,Jackson State Tigers,Jackson State,Southwestern Athletic Conference,swac,Jackson St.
2019,2755,Grambling Tigers,Grambling,Southwestern Athletic Conference,swac,Grambling St.
2019,2029,Arkansas-Pine Bluff Golden Lions,Arkansas-Pine Bluff,Southwestern Athletic Conference,swac,Arkansas Pine Bluff
2019,2011,Alabama State Hornets,Alabama State,Southwestern Athletic Conference,swac,Alabama St.
2019,2016,Alcorn State Braves,Alcorn State,Southwestern Athletic Conference,swac,Alcorn St.
2019,2582,Southern Jaguars,Southern,Southwestern Athletic Conference,swac,Southern
2019,2010,Alabama A&M Bulldogs,Alabama A&M,Southwestern Athletic Conference,swac,Alabama A&M
2019,2400,Mississippi Valley State Delta Devils,Mississippi Valley State,Southwestern Athletic Conference,swac,Mississippi Valley St.
2019,2571,South Dakota State Jackrabbits,South Dakota State,Summit League,summ,South Dakota St.
2019,2437,Omaha Mavericks,Omaha,Summit League,summ,Nebraska Omaha
2019,2870,Purdue Fort Wayne Mastodons,Purdue Fort Wayne,Summit League,summ,Purdue Fort Wayne
2019,2449,North Dakota State Bison,North Dakota State,Summit League,summ,North Dakota St.
2019,198,Oral Roberts Golden Eagles,Oral Roberts,Summit League,summ,Oral Roberts
2019,233,South Dakota Coyotes,South Dakota,Summit League,summ,South Dakota
2019,155,North Dakota Fighting Hawks,North Dakota,Summit League,summ,North Dakota
2019,2710,Western Illinois Leathernecks,Western Illinois,Summit League,summ,Western Illinois
2019,2172,Denver Pioneers,Denver,Summit League,summ,Denver
2019,2247,Georgia State Panthers,Georgia State,Sun Belt Conference,belt,Georgia St.
2019,250,UT Arlington Mavericks,UT Arlington,Sun Belt Conference,belt,UT Arlington
2019,326,Texas State Bobcats,Texas State,Sun Belt Conference,belt,Texas St.
2019,290,Georgia Southern Eagles,Georgia Southern,Sun Belt Conference,belt,Georgia Southern
2019,309,Louisiana Ragin' Cajuns,Louisiana,Sun Belt Conference,belt,Louisiana
2019,2433,UL Monroe Warhawks,UL Monroe,Sun Belt Conference,belt,Louisiana Monroe
2019,324,Coastal Carolina Chanticleers,Coastal Carolina,Sun Belt Conference,belt,Coastal Carolina
2019,6,South Alabama Jaguars,South Alabama,Sun Belt Conference,belt,South Alabama
2019,2032,Arkansas State Red Wolves,Arkansas State,Sun Belt Conference,belt,Arkansas St.
2019,2026,App State Mountaineers,App State,Sun Belt Conference,belt,Appalachian St.
2019,2031,Little Rock Trojans,Little Rock,Sun Belt Conference,belt,Little Rock
2019,2653,Troy Trojans,Troy,Sun Belt Conference,belt,Troy
2019,2250,Gonzaga Bulldogs,Gonzaga,West Coast Conference,wcc,Gonzaga
2019,2608,Saint Mary's Gaels,Saint Mary's,West Coast Conference,wcc,Saint Mary's
2019,252,BYU Cougars,BYU,West Coast Conference,wcc,BYU
2019,2539,San Francisco Dons,San Francisco,West Coast Conference,wcc,San Francisco
2019,2351,Loyola Marymount Lions,Loyola Marymount,West Coast Conference,wcc,Loyola Marymount
2019,2541,Santa Clara Broncos,Santa Clara,West Coast Conference,wcc,Santa Clara
2019,301,San Diego Toreros,San Diego,West Coast Conference,wcc,San Diego
2019,2492,Pepperdine Waves,Pepperdine,West Coast Conference,wcc,Pepperdine
2019,279,Pacific Tigers,Pacific,West Coast Conference,wcc,Pacific
2019,2501,Portland Pilots,Portland,West Coast Conference,wcc,Portland
2019,166,New Mexico State Aggies,New Mexico State,Western Athletic Conference,wac,New Mexico St.
2019,3084,Utah Valley Wolverines,Utah Valley,Western Athletic Conference,wac,Utah Valley
2019,2253,Grand Canyon Lopes,Grand Canyon,Western Athletic Conference,wac,Grand Canyon
2019,292,UT Rio Grande Valley Vaqueros,UT Rio Grande Valley,Western Athletic Conference,wac,UT Rio Grande Valley
2019,2934,Cal State Bakersfield Roadrunners,Cal State Bakersfield,Western Athletic Conference,wac,Cal St. Bakersfield
2019,2856,California Baptist Lancers,California Baptist,Western Athletic Conference,wac,Cal Baptist
2019,2547,Seattle U Redhawks,Seattle U,Western Athletic Conference,wac,Seattle
2019,140,Kansas City Roos,Kansas City,Western Athletic Conference,wac,UMKC
2019,2130,Chicago State Cougars,Chicago State,Western Athletic Conference,wac,Chicago St.
2020,2335,Liberty Flames,Liberty,ASUN Conference,a-sun,Liberty
2020,2454,North Florida Ospreys,North Florida,ASUN Conference,a-sun,North Florida
2020,288,Lipscomb Bisons,Lipscomb,ASUN Conference,a-sun,Lipscomb
2020,56,Stetson Hatters,Stetson,ASUN Conference,a-sun,Stetson
2020,2453,North Alabama Lions,North Alabama,ASUN Conference,a-sun,North Alabama
2020,526,Florida Gulf Coast Eagles,Florida Gulf Coast,ASUN Conference,a-sun,Florida Gulf Coast
2020,294,Jacksonville Dolphins,Jacksonville,ASUN Conference,a-sun,Jacksonville
2020,2885,NJIT Highlanders,NJIT,ASUN Conference,a-sun,NJIT
2020,338,Kennesaw State Owls,Kennesaw State,ASUN Conference,a-sun,Kennesaw St.
2020,261,Vermont Catamounts,Vermont,America East Conference,aeast,Vermont
2020,2619,Stony Brook Seawolves,Stony Brook,America East Conference,aeast,Stony Brook
2020,42,Hartford Hawks,Hartford,America East Conference,aeast,Hartford
2020,160,New Hampshire Wildcats,New Hampshire,America East Conference,aeast,New Hampshire
2020,2378,UMBC Retrievers,UMBC,America East Conference,aeast,UMBC
2020,399,UAlbany Great Danes,UAlbany,America East Conference,aeast,Albany
2020,2349,UMass Lowell River Hawks,UMass Lowell,America East Conference,aeast,UMass Lowell
2020,311,Maine Black Bears,Maine,America East Conference,aeast,Maine
2020,2066,Binghamton Bearcats,Binghamton,America East Conference,aeast,Binghamton
2020,248,Houston Cougars,Houston,American Athletic Conference,aac,Houston
2020,2132,Cincinnati Bearcats,Cincinnati,American Athletic Conference,aac,Cincinnati
2020,202,Tulsa Golden Hurricane,Tulsa,American Athletic Conference,aac,Tulsa
2020,2724,Wichita State Shockers,Wichita State,American Athletic Conference,aac,Wichita St.
2020,235,Memphis Tigers,Memphis,American Athletic Conference,aac,Memphis
2020,41,UConn Huskies,UConn,American Athletic Conference,aac,Connecticut
2020,2567,SMU Mustangs,SMU,American Athletic Conference,aac,SMU
2020,58,South Florida Bulls,South Florida,American Athletic Conference,aac,South Florida
2020,2116,UCF Knights,UCF,American Athletic Conference,aac,UCF
2020,218,Temple Owls,Temple,American Athletic Conference,aac,Temple
2020,151,East Carolina Pirates,East Carolina,American Athletic Conference,aac,East Carolina
2020,2655,Tulane Green Wave,Tulane,American Athletic Conference,aac,Tulane
2020,2168,Dayton Flyers,Dayton,Atlantic 10 Conference,atl10,Dayton
2020,257,Richmond Spiders,Richmond,Atlantic 10 Conference,atl10,Richmond
2020,227,Rhode Island Rams,Rhode Island,Atlantic 10 Conference,atl10,Rhode Island
2020,139,Saint Louis Billikens,Saint Louis,Atlantic 10 Conference,atl10,Saint Louis
2020,179,St. Bonaventure Bonnies,St. Bonaventure,Atlantic 10 Conference,atl10,St. Bonaventure
2020,2184,Duquesne Dukes,Duquesne,Atlantic 10 Conference,atl10,Duquesne
2020,2166,Davidson Wildcats,Davidson,Atlantic 10 Conference,atl10,Davidson
2020,113,Massachusetts Minutemen,Massachusetts,Atlantic 10 Conference,atl10,Massachusetts
2020,2670,VCU Rams,VCU,Atlantic 10 Conference,atl10,VCU
2020,45,George Washington Revolutionaries,George Washington,Atlantic 10 Conference,atl10,George Washington
2020,2325,La Salle Explorers,La Salle,Atlantic 10 Conference,atl10,La Salle
2020,2244,George Mason Patriots,George Mason,Atlantic 10 Conference,atl10,George Mason
2020,2603,Saint Joseph's Hawks,Saint Joseph's,Atlantic 10 Conference,atl10,Saint Joseph's
2020,2230,Fordham Rams,Fordham,Atlantic 10 Conference,atl10,Fordham
2020,52,Florida State Seminoles,Florida State,Atlantic Coast Conference,acc,Florida St.
2020,258,Virginia Cavaliers,Virginia,Atlantic Coast Conference,acc,Virginia
2020,97,Louisville Cardinals,Louisville,Atlantic Coast Conference,acc,Louisville
2020,150,Duke Blue Devils,Duke,Atlantic Coast Conference,acc,Duke
2020,59,Georgia Tech Yellow Jackets,Georgia Tech,Atlantic Coast Conference,acc,Georgia Tech
2020,152,NC State Wolfpack,NC State,Atlantic Coast Conference,acc,N.C. State
2020,87,Notre Dame Fighting Irish,Notre Dame,Atlantic Coast Conference,acc,Notre Dame
2020,183,Syracuse Orange,Syracuse,Atlantic Coast Conference,acc,Syracuse
2020,228,Clemson Tigers,Clemson,Atlantic Coast Conference,acc,Clemson
2020,2390,Miami Hurricanes,Miami,Atlantic Coast Conference,acc,Miami FL
2020,103,Boston College Eagles,Boston College,Atlantic Coast Conference,acc,Boston College
2020,259,Virginia Tech Hokies,Virginia Tech,Atlantic Coast Conference,acc,Virginia Tech
2020,221,Pittsburgh Panthers,Pittsburgh,Atlantic Coast Conference,acc,Pittsburgh
2020,153,North Carolina Tar Heels,North Carolina,Atlantic Coast Conference,acc,North Carolina
2020,154,Wake Forest Demon Deacons,Wake Forest,Atlantic Coast Conference,acc,Wake Forest
2020,2305,Kansas Jayhawks,Kansas,Big 12 Conference,big12,Kansas
2020,239,Baylor Bears,Baylor,Big 12 Conference,big12,Baylor
2020,201,Oklahoma Sooners,Oklahoma,Big 12 Conference,big12,Oklahoma
2020,251,Texas Longhorns,Texas,Big 12 Conference,big12,Texas
2020,2641,Texas Tech Red Raiders,Texas Tech,Big 12 Conference,big12,Texas Tech
2020,277,West Virginia Mountaineers,West Virginia,Big 12 Conference,big12,West Virginia
2020,197,Oklahoma State Cowboys,Oklahoma State,Big 12 Conference,big12,Oklahoma St.
2020,2628,TCU Horned Frogs,TCU,Big 12 Conference,big12,TCU
2020,66,Iowa State Cyclones,Iowa State,Big 12 Conference,big12,Iowa St.
2020,2306,Kansas State Wildcats,Kansas State,Big 12 Conference,big12,Kansas St.
2020,156,Creighton Bluejays,Creighton,Big East Conference,bige,Creighton
2020,222,Villanova Wildcats,Villanova,Big East Conference,bige,Villanova
2020,2550,Seton Hall Pirates,Seton Hall,Big East Conference,bige,Seton Hall
2020,2507,Providence Friars,Providence,Big East Conference,bige,Providence
2020,2086,Butler Bulldogs,Butler,Big East Conference,bige,Butler
2020,269,Marquette Golden Eagles,Marquette,Big East Conference,bige,Marquette
2020,2752,Xavier Musketeers,Xavier,Big East Conference,bige,Xavier
2020,2599,St. John's Red Storm,St. John's,Big East Conference,bige,St. John's
2020,46,Georgetown Hoyas,Georgetown,Big East Conference,bige,Georgetown
2020,305,DePaul Blue Demons,DePaul,Big East Conference,bige,DePaul
2020,331,Eastern Washington Eagles,Eastern Washington,Big Sky Conference,bsky,Eastern Washington
2020,2458,Northern Colorado Bears,Northern Colorado,Big Sky Conference,bsky,Northern Colorado
2020,149,Montana Grizzlies,Montana,Big Sky Conference,bsky,Montana
2020,2502,Portland State Vikings,Portland State,Big Sky Conference,bsky,Portland St.
2020,147,Montana State Bobcats,Montana State,Big Sky Conference,bsky,Montana St.
2020,2464,Northern Arizona Lumberjacks,Northern Arizona,Big Sky Conference,bsky,Northern Arizona
2020,253,Southern Utah Thunderbirds,Southern Utah,Big Sky Conference,bsky,Southern Utah
2020,16,Sacramento State Hornets,Sacramento State,Big Sky Conference,bsky,Sacramento St.
2020,2692,Weber State Wildcats,Weber State,Big Sky Conference,bsky,Weber St.
2020,304,Idaho State Bengals,Idaho State,Big Sky Conference,bsky,Idaho St.
2020,70,Idaho Vandals,Idaho,Big Sky Conference,bsky,Idaho
2020,2737,Winthrop Eagles,Winthrop,Big South Conference,bsou,Winthrop
2020,2515,Radford Highlanders,Radford,Big South Conference,bsou,Radford
2020,2241,Gardner-Webb Runnin' Bulldogs,Gardner-Webb,Big South Conference,bsou,Gardner Webb
2020,2344,Longwood Lancers,Longwood,Big South Conference,bsou,Longwood
2020,2261,Hampton Pirates,Hampton,Big South Conference,bsou,Hampton
2020,2427,UNC Asheville Bulldogs,UNC Asheville,Big South Conference,bsou,UNC Asheville
2020,2908,South Carolina Upstate Spartans,South Carolina Upstate,Big South Conference,bsou,USC Upstate
2020,2127,Charleston Southern Buccaneers,Charleston Southern,Big South Conference,bsou,Charleston Southern
2020,2506,Presbyterian Blue Hose,Presbyterian,Big South Conference,bsou,Presbyterian
2020,2272,High Point Panthers,High Point,Big South Conference,bsou,High Point
2020,2097,Campbell Fighting Camels,Campbell,Big South Conference,bsou,Campbell
2020,275,Wisconsin Badgers,Wisconsin,Big Ten Conference,big10,Wisconsin
2020,120,Maryland Terrapins,Maryland,Big Ten Conference,big10,Maryland
2020,127,Michigan State Spartans,Michigan State,Big Ten Conference,big10,Michigan St.
2020,356,Illinois Fighting Illini,Illinois,Big Ten Conference,big10,Illinois
2020,2294,Iowa Hawkeyes,Iowa,Big Ten Conference,big10,Iowa
2020,194,Ohio State Buckeyes,Ohio State,Big Ten Conference,big10,Ohio St.
2020,213,Penn State Nittany Lions,Penn State,Big Ten Conference,big10,Penn St.
2020,164,Rutgers Scarlet Knights,Rutgers,Big Ten Conference,big10,Rutgers
2020,130,Michigan Wolverines,Michigan,Big Ten Conference,big10,Michigan
2020,2509,Purdue Boilermakers,Purdue,Big Ten Conference,big10,Purdue
2020,84,Indiana Hoosiers,Indiana,Big Ten Conference,big10,Indiana
2020,135,Minnesota Golden Gophers,Minnesota,Big Ten Conference,big10,Minnesota
2020,77,Northwestern Wildcats,Northwestern,Big Ten Conference,big10,Northwestern
2020,158,Nebraska Cornhuskers,Nebraska,Big Ten Conference,big10,Nebraska
2020,300,UC Irvine Anteaters,UC Irvine,Big West Conference,bigw,UC Irvine
2020,2540,UC Santa Barbara Gauchos,UC Santa Barbara,Big West Conference,bigw,UC Santa Barbara
2020,2463,Cal State Northridge Matadors,Cal State Northridge,Big West Conference,bigw,Cal St. Northridge
2020,62,Hawai'i Rainbow Warriors,Hawai'i,Big West Conference,bigw,Hawaii
2020,302,UC Davis Aggies,UC Davis,Big West Conference,bigw,UC Davis
2020,27,UC Riverside Highlanders,UC Riverside,Big West Conference,bigw,UC Riverside
2020,2239,Cal State Fullerton Titans,Cal State Fullerton,Big West Conference,bigw,Cal St. Fullerton
2020,299,Long Beach State Beach,Long Beach State,Big West Conference,bigw,Long Beach St.
2020,13,Cal Poly Mustangs,Cal Poly,Big West Conference,bigw,Cal Poly
2020,2275,Hofstra Pride,Hofstra,Coastal Athletic Association,col,Hofstra
2020,2729,William & Mary Tribe,William & Mary,Coastal Athletic Association,col,William & Mary
2020,119,Towson Tigers,Towson,Coastal Athletic Association,col,Towson
2020,48,Delaware Blue Hens,Delaware,Coastal Athletic Association,col,Delaware
2020,232,Charleston Cougars,Charleston,Coastal Athletic Association,col,Charleston
2020,111,Northeastern Huskies,Northeastern,Coastal Athletic Association,col,Northeastern
2020,2210,Elon Phoenix,Elon,Coastal Athletic Association,col,Elon
2020,2182,Drexel Dragons,Drexel,Coastal Athletic Association,col,Drexel
2020,350,UNC Wilmington Seahawks,UNC Wilmington,Coastal Athletic Association,col,UNC Wilmington
2020,256,James Madison Dukes,James Madison,Coastal Athletic Association,col,James Madison
2020,249,North Texas Mean Green,North Texas,Conference USA,usa,North Texas
2020,2348,Louisiana Tech Bulldogs,Louisiana Tech,Conference USA,usa,Louisiana Tech
2020,98,Western Kentucky Hilltoppers,Western Kentucky,Conference USA,usa,Western Kentucky
2020,2429,Charlotte 49ers,Charlotte,Conference USA,usa,Charlotte
2020,276,Marshall Thundering Herd,Marshall,Conference USA,usa,Marshall
2020,2229,Florida International Panthers,Florida International,Conference USA,usa,FIU
2020,5,UAB Blazers,UAB,Conference USA,usa,UAB
2020,295,Old Dominion Monarchs,Old Dominion,Conference USA,usa,Old Dominion
2020,2226,Florida Atlantic Owls,Florida Atlantic,Conference USA,usa,Florida Atlantic
2020,2638,UTEP Miners,UTEP,Conference USA,usa,UTEP
2020,2636,UTSA Roadrunners,UTSA,Conference USA,usa,UTSA
2020,242,Rice Owls,Rice,Conference USA,usa,Rice
2020,2572,Southern Miss Golden Eagles,Southern Miss,Conference USA,usa,Southern Miss
2020,2393,Middle Tennessee Blue Raiders,Middle Tennessee,Conference USA,usa,Middle Tennessee
2020,2750,Wright State Raiders,Wright State,Horizon League,hor,Wright St.
2020,94,Northern Kentucky Norse,Northern Kentucky,Horizon League,hor,Northern Kentucky
2020,2739,Green Bay Phoenix,Green Bay,Horizon League,hor,Green Bay
2020,2754,Youngstown State Penguins,Youngstown State,Horizon League,hor,Youngstown St.
2020,82,UIC Flames,UIC,Horizon League,hor,Illinois Chicago
2020,2473,Oakland Golden Grizzlies,Oakland,Horizon League,hor,Oakland
2020,325,Cleveland State Vikings,Cleveland State,Horizon League,hor,Cleveland St.
2020,270,Milwaukee Panthers,Milwaukee,Horizon League,hor,Milwaukee
2020,2174,Detroit Mercy Titans,Detroit Mercy,Horizon League,hor,Detroit Mercy
2020,85,IU Indianapolis Jaguars,IU Indianapolis,Horizon League,hor,IU Indy
2020,43,Yale Bulldogs,Yale,Ivy League,ivy,Yale
2020,108,Harvard Crimson,Harvard,Ivy League,ivy,Harvard
2020,163,Princeton Tigers,Princeton,Ivy League,ivy,Princeton
2020,219,Pennsylvania Quakers,Pennsylvania,Ivy League,ivy,Penn
2020,225,Brown Bears,Brown,Ivy League,ivy,Brown
2020,159,Dartmouth Big Green,Dartmouth,Ivy League,ivy,Dartmouth
2020,172,Cornell Big Red,Cornell,Ivy League,ivy,Cornell
2020,171,Columbia Lions,Columbia,Ivy League,ivy,Columbia
2020,2561,Siena Saints,Siena,Metro Atlantic Athletic Conference,maac,Siena
2020,2612,Saint Peter's Peacocks,Saint Peter's,Metro Atlantic Athletic Conference,maac,Saint Peter's
2020,2405,Monmouth Hawks,Monmouth,Metro Atlantic Athletic Conference,maac,Monmouth
2020,2520,Rider Broncs,Rider,Metro Atlantic Athletic Conference,maac,Rider
2020,2514,Quinnipiac Bobcats,Quinnipiac,Metro Atlantic Athletic Conference,maac,Quinnipiac
2020,315,Niagara Purple Eagles,Niagara,Metro Atlantic Athletic Conference,maac,Niagara
2020,314,Iona Gaels,Iona,Metro Atlantic Athletic Conference,maac,Iona
2020,2363,Manhattan Jaspers,Manhattan,Metro Atlantic Athletic Conference,maac,Manhattan
2020,2217,Fairfield Stags,Fairfield,Metro Atlantic Athletic Conference,maac,Fairfield
2020,2099,Canisius Golden Griffins,Canisius,Metro Atlantic Athletic Conference,maac,Canisius
2020,2368,Marist Red Foxes,Marist,Metro Atlantic Athletic Conference,maac,Marist
2020,2006,Akron Zips,Akron,Mid-American Conference,midame,Akron
2020,189,Bowling Green Falcons,Bowling Green,Mid-American Conference,midame,Bowling Green
2020,2084,Buffalo Bulls,Buffalo,Mid-American Conference,midame,Buffalo
2020,2309,Kent State Golden Flashes,Kent State,Mid-American Conference,midame,Kent St.
2020,195,Ohio Bobcats,Ohio,Mid-American Conference,midame,Ohio
2020,193,Miami (OH) RedHawks,Miami (OH),Mid-American Conference,midame,Miami OH
2020,2050,Ball State Cardinals,Ball State,Mid-American Conference,midamw,Ball St.
2020,2459,Northern Illinois Huskies,Northern Illinois,Mid-American Conference,midamw,Northern Illinois
2020,2649,Toledo Rockets,Toledo,Mid-American Conference,midamw,Toledo
2020,2117,Central Michigan Chippewas,Central Michigan,Mid-American Conference,midamw,Central Michigan
2020,2199,Eastern Michigan Eagles,Eastern Michigan,Mid-American Conference,midamw,Eastern Michigan
2020,2711,Western Michigan Broncos,Western Michigan,Mid-American Conference,midamw,Western Michigan
2020,2428,North Carolina Central Eagles,North Carolina Central,Mid-Eastern Athletic Conference,meac,North Carolina Central
2020,2448,North Carolina A&T Aggies,North Carolina A&T,Mid-Eastern Athletic Conference,meac,North Carolina A&T
2020,2450,Norfolk State Spartans,Norfolk State,Mid-Eastern Athletic Conference,meac,Norfolk St.
2020,2065,Bethune-Cookman Wildcats,Bethune-Cookman,Mid-Eastern Athletic Conference,meac,Bethune Cookman
2020,50,Florida A&M Rattlers,Florida A&M,Mid-Eastern Athletic Conference,meac,Florida A&M
2020,2415,Morgan State Bears,Morgan State,Mid-Eastern Athletic Conference,meac,Morgan St.
2020,2154,Coppin State Eagles,Coppin State,Mid-Eastern Athletic Conference,meac,Coppin St.
2020,2569,South Carolina State Bulldogs,South Carolina State,Mid-Eastern Athletic Conference,meac,South Carolina St.
2020,2169,Delaware State Hornets,Delaware State,Mid-Eastern Athletic Conference,meac,Delaware St.
2020,2379,Maryland Eastern Shore Hawks,Maryland Eastern Shore,Mid-Eastern Athletic Conference,meac,Maryland Eastern Shore
2020,47,Howard Bison,Howard,Mid-Eastern Athletic Conference,meac,Howard
2020,2460,Northern Iowa Panthers,Northern Iowa,Missouri Valley Conference,mvc,Northern Iowa
2020,2350,Loyola Chicago Ramblers,Loyola Chicago,Missouri Valley Conference,mvc,Loyola Chicago
2020,71,Bradley Braves,Bradley,Missouri Valley Conference,mvc,Bradley
2020,282,Indiana State Sycamores,Indiana State,Missouri Valley Conference,mvc,Indiana St.
2020,79,Southern Illinois Salukis,Southern Illinois,Missouri Valley Conference,mvc,Southern Illinois
2020,2674,Valparaiso Beacons,Valparaiso,Missouri Valley Conference,mvc,Valparaiso
2020,2623,Missouri State Bears,Missouri State,Missouri Valley Conference,mvc,Missouri St.
2020,2181,Drake Bulldogs,Drake,Missouri Valley Conference,mvc,Drake
2020,2287,Illinois State Redbirds,Illinois State,Missouri Valley Conference,mvc,Illinois St.
2020,339,Evansville Purple Aces,Evansville,Missouri Valley Conference,mvc,Evansville
2020,21,San Diego State Aztecs,San Diego State,Mountain West Conference,mwest,San Diego St.
2020,328,Utah State Aggies,Utah State,Mountain West Conference,mwest,Utah St.
2020,2440,Nevada Wolf Pack,Nevada,Mountain West Conference,mwest,Nevada
2020,2439,UNLV Rebels,UNLV,Mountain West Conference,mwest,UNLV
2020,68,Boise State Broncos,Boise State,Mountain West Conference,mwest,Boise St.
2020,36,Colorado State Rams,Colorado State,Mountain West Conference,mwest,Colorado St.
2020,167,New Mexico Lobos,New Mexico,Mountain West Conference,mwest,New Mexico
2020,278,Fresno State Bulldogs,Fresno State,Mountain West Conference,mwest,Fresno St.
2020,2005,Air Force Falcons,Air Force,Mountain West Conference,mwest,Air Force
2020,23,San José State Spartans,San José State,Mountain West Conference,mwest,San Jose St.
2020,2751,Wyoming Cowboys,Wyoming,Mountain West Conference,mwest,Wyoming
2020,2771,Merrimack Warriors,Merrimack,Northeast Conference,neast,Merrimack
2020,2598,St. Francis (PA) Red Flash,St. Francis (PA),Northeast Conference,neast,Saint Francis
2020,2523,Robert Morris Colonials,Robert Morris,Northeast Conference,neast,Robert Morris
2020,2529,Sacred Heart Pioneers,Sacred Heart,Northeast Conference,neast,Sacred Heart
2020,112358,Long Island University Sharks,Long Island University,Northeast Conference,neast,LIU
2020,161,Fairleigh Dickinson Knights,Fairleigh Dickinson,Northeast Conference,neast,Fairleigh Dickinson
2020,116,Mount St. Mary's Mountaineers,Mount St. Mary's,Northeast Conference,neast,Mount St. Mary's
2020,2803,Bryant Bulldogs,Bryant,Northeast Conference,neast,Bryant
2020,2597,St. Francis Brooklyn Terriers,St. Francis Brooklyn,Northeast Conference,neast,St. Francis NY
2020,2681,Wagner Seahawks,Wagner,Northeast Conference,neast,Wagner
2020,2115,Central Connecticut Blue Devils,Central Connecticut,Northeast Conference,neast,Central Connecticut
2020,2057,Belmont Bruins,Belmont,Ohio Valley Conference,ovc,Belmont
2020,93,Murray State Racers,Murray State,Ohio Valley Conference,ovc,Murray St.
2020,2046,Austin Peay Governors,Austin Peay,Ohio Valley Conference,ovc,Austin Peay
2020,2198,Eastern Kentucky Colonels,Eastern Kentucky,Ohio Valley Conference,ovc,Eastern Kentucky
2020,2634,Tennessee State Tigers,Tennessee State,Ohio Valley Conference,ovc,Tennessee St.
2020,2197,Eastern Illinois Panthers,Eastern Illinois,Ohio Valley Conference,ovc,Eastern Illinois
2020,55,Jacksonville State Gamecocks,Jacksonville State,Ohio Valley Conference,ovc,Jacksonville St.
2020,2413,Morehead State Eagles,Morehead State,Ohio Valley Conference,ovc,Morehead St.
2020,2635,Tennessee Tech Golden Eagles,Tennessee Tech,Ohio Valley Conference,ovc,Tennessee Tech
2020,2630,UT Martin Skyhawks,UT Martin,Ohio Valley Conference,ovc,Tennessee Martin
2020,2565,SIU Edwardsville Cougars,SIU Edwardsville,Ohio Valley Conference,ovc,SIU Edwardsville
2020,2546,Southeast Missouri State Redhawks,Southeast Missouri State,Ohio Valley Conference,ovc,Southeast Missouri St.
2020,2483,Oregon Ducks,Oregon,Pac-12 Conference,pac12,Oregon
2020,26,UCLA Bruins,UCLA,Pac-12 Conference,pac12,UCLA
2020,30,USC Trojans,USC,Pac-12 Conference,pac12,USC
2020,9,Arizona State Sun Devils,Arizona State,Pac-12 Conference,pac12,Arizona St.
2020,12,Arizona Wildcats,Arizona,Pac-12 Conference,pac12,Arizona
2020,38,Colorado Buffaloes,Colorado,Pac-12 Conference,pac12,Colorado
2020,24,Stanford Cardinal,Stanford,Pac-12 Conference,pac12,Stanford
2020,204,Oregon State Beavers,Oregon State,Pac-12 Conference,pac12,Oregon St.
2020,254,Utah Utes,Utah,Pac-12 Conference,pac12,Utah
2020,25,California Golden Bears,California,Pac-12 Conference,pac12,California
2020,265,Washington State Cougars,Washington State,Pac-12 Conference,pac12,Washington St.
2020,264,Washington Huskies,Washington,Pac-12 Conference,pac12,Washington
2020,2142,Colgate Raiders,Colgate,Patriot League,pat,Colgate
2020,104,Boston University Terriers,Boston University,Patriot League,pat,Boston University
2020,44,American University Eagles,American University,Patriot League,pat,American
2020,322,Lafayette Leopards,Lafayette,Patriot League,pat,Lafayette
2020,349,Army Black Knights,Army,Patriot League,pat,Army
2020,2426,Navy Midshipmen,Navy,Patriot League,pat,Navy
2020,2083,Bucknell Bison,Bucknell,Patriot League,pat,Bucknell
2020,2329,Lehigh Mountain Hawks,Lehigh,Patriot League,pat,Lehigh
2020,2352,Loyola Maryland Greyhounds,Loyola Maryland,Patriot League,pat,Loyola MD
2020,107,Holy Cross Crusaders,Holy Cross,Patriot League,pat,Holy Cross
2020,96,Kentucky Wildcats,Kentucky,Southeastern Conference,sec,Kentucky
2020,2,Auburn Tigers,Auburn,Southeastern Conference,sec,Auburn
2020,99,LSU Tigers,LSU,Southeastern Conference,sec,LSU
2020,344,Mississippi State Bulldogs,Mississippi State,Southeastern Conference,sec,Mississippi St.
2020,57,Florida Gators,Florida,Southeastern Conference,sec,Florida
2020,2579,South Carolina Gamecocks,South Carolina,Southeastern Conference,sec,South Carolina
2020,245,Texas A&M Aggies,Texas A&M,Southeastern Conference,sec,Texas A&M
2020,2633,Tennessee Volunteers,Tennessee,Southeastern Conference,sec,Tennessee
2020,333,Alabama Crimson Tide,Alabama,Southeastern Conference,sec,Alabama
2020,8,Arkansas Razorbacks,Arkansas,Southeastern Conference,sec,Arkansas
2020,142,Missouri Tigers,Missouri,Southeastern Conference,sec,Missouri
2020,145,Ole Miss Rebels,Ole Miss,Southeastern Conference,sec,Mississippi
2020,61,Georgia Bulldogs,Georgia,Southeastern Conference,sec,Georgia
2020,238,Vanderbilt Commodores,Vanderbilt,Southeastern Conference,sec,Vanderbilt
2020,2193,East Tennessee State Buccaneers,East Tennessee State,Southern Conference,south,East Tennessee St.
2020,231,Furman Paladins,Furman,Southern Conference,south,Furman
2020,2430,UNC Greensboro Spartans,UNC Greensboro,Southern Conference,south,UNC Greensboro
2020,2382,Mercer Bears,Mercer,Southern Conference,south,Mercer
2020,2717,Western Carolina Catamounts,Western Carolina,Southern Conference,south,Western Carolina
2020,236,Chattanooga Mocs,Chattanooga,Southern Conference,south,Chattanooga
2020,2747,Wofford Terriers,Wofford,Southern Conference,south,Wofford
2020,2535,Samford Bulldogs,Samford,Southern Conference,south,Samford
2020,2678,VMI Keydets,VMI,Southern Conference,south,VMI
2020,2643,The Citadel Bulldogs,The Citadel,Southern Conference,south,The Citadel
2020,2617,Stephen F. Austin Lumberjacks,Stephen F. Austin,Southland Conference,land,Stephen F. Austin
2020,2000,Abilene Christian Wildcats,Abilene Christian,Southland Conference,land,Abilene Christian
2020,2447,Nicholls Colonels,Nicholls,Southland Conference,land,Nicholls St.
2020,2534,Sam Houston Bearkats,Sam Houston,Southland Conference,land,Sam Houston St.
2020,2466,Northwestern State Demons,Northwestern State,Southland Conference,land,Northwestern St.
2020,357,Texas A&M-Corpus Christi Islanders,Texas A&M-Corpus Christi,Southland Conference,land,Texas A&M Corpus Chris
2020,2320,Lamar Cardinals,Lamar,Southland Conference,land,Lamar
2020,2377,McNeese Cowboys,McNeese,Southland Conference,land,McNeese St.
2020,2110,Central Arkansas Bears,Central Arkansas,Southland Conference,land,Central Arkansas
2020,2916,Incarnate Word Cardinals,Incarnate Word,Southland Conference,land,Incarnate Word
2020,2443,New Orleans Privateers,New Orleans,Southland Conference,land,New Orleans
2020,2545,SE Louisiana Lions,SE Louisiana,Southland Conference,land,Southeastern Louisiana
2020,2277,Houston Christian Huskies,Houston Christian,Southland Conference,land,Houston Christian
2020,2504,Prairie View A&M Panthers,Prairie View A&M,Southwestern Athletic Conference,swac,Prairie View A&M
2020,2582,Southern Jaguars,Southern,Southwestern Athletic Conference,swac,Southern
2020,2640,Texas Southern Tigers,Texas Southern,Southwestern Athletic Conference,swac,Texas Southern
2020,2296,Jackson State Tigers,Jackson State,Southwestern Athletic Conference,swac,Jackson St.
2020,2755,Grambling Tigers,Grambling,Southwestern Athletic Conference,swac,Grambling St.
2020,2016,Alcorn State Braves,Alcorn State,Southwestern Athletic Conference,swac,Alcorn St.
2020,2011,Alabama State Hornets,Alabama State,Southwestern Athletic Conference,swac,Alabama St.
2020,2010,Alabama A&M Bulldogs,Alabama A&M,Southwestern Athletic Conference,swac,Alabama A&M
2020,2029,Arkansas-Pine Bluff Golden Lions,Arkansas-Pine Bluff,Southwestern Athletic Conference,swac,Arkansas Pine Bluff
2020,2400,Mississippi Valley State Delta Devils,Mississippi Valley State,Southwestern Athletic Conference,swac,Mississippi Valley St.
2020,2449,North Dakota State Bison,North Dakota State,Summit League,summ,North Dakota St.
2020,2571,South Dakota State Jackrabbits,South Dakota State,Summit League,summ,South Dakota St.
2020,233,South Dakota Coyotes,South Dakota,Summit League,summ,South Dakota
2020,198,Oral Roberts Golden Eagles,Oral Roberts,Summit League,summ,Oral Roberts
2020,2437,Omaha Mavericks,Omaha,Summit League,summ,Nebraska Omaha
2020,155,North Dakota Fighting Hawks,North Dakota,Summit League,summ,North Dakota
2020,2870,Purdue Fort Wayne Mastodons,Purdue Fort Wayne,Summit League,summ,Purdue Fort Wayne
2020,2172,Denver Pioneers,Denver,Summit League,summ,Denver
2020,2710,Western Illinois Leathernecks,Western Illinois,Summit League,summ,Western Illinois
2020,2031,Little Rock Trojans,Little Rock,Sun Belt Conference,belt,Little Rock
2020,6,South Alabama Jaguars,South Alabama,Sun Belt Conference,belt,South Alabama
2020,326,Texas State Bobcats,Texas State,Sun Belt Conference,belt,Texas St.
2020,290,Georgia Southern Eagles,Georgia Southern,Sun Belt Conference,belt,Georgia Southern
2020,2247,Georgia State Panthers,Georgia State,Sun Belt Conference,belt,Georgia St.
2020,2026,App State Mountaineers,App State,Sun Belt Conference,belt,Appalachian St.
2020,250,UT Arlington Mavericks,UT Arlington,Sun Belt Conference,belt,UT Arlington
2020,309,Louisiana Ragin' Cajuns,Louisiana,Sun Belt Conference,belt,Louisiana
2020,2032,Arkansas State Red Wolves,Arkansas State,Sun Belt Conference,belt,Arkansas St.
2020,324,Coastal Carolina Chanticleers,Coastal Carolina,Sun Belt Conference,belt,Coastal Carolina
2020,2433,UL Monroe Warhawks,UL Monroe,Sun Belt Conference,belt,Louisiana Monroe
2020,2653,Troy Trojans,Troy,Sun Belt Conference,belt,Troy
2020,2250,Gonzaga Bulldogs,Gonzaga,West Coast Conference,wcc,Gonzaga
2020,252,BYU Cougars,BYU,West Coast Conference,wcc,BYU
2020,2608,Saint Mary's Gaels,Saint Mary's,West Coast Conference,wcc,Saint Mary's
2020,279,Pacific Tigers,Pacific,West Coast Conference,wcc,Pacific
2020,2539,San Francisco Dons,San Francisco,West Coast Conference,wcc,San Francisco
2020,2492,Pepperdine Waves,Pepperdine,West Coast Conference,wcc,Pepperdine
2020,2541,Santa Clara Broncos,Santa Clara,West Coast Conference,wcc,Santa Clara
2020,2351,Loyola Marymount Lions,Loyola Marymount,West Coast Conference,wcc,Loyola Marymount
2020,301,San Diego Toreros,San Diego,West Coast Conference,wcc,San Diego
2020,2501,Portland Pilots,Portland,West Coast Conference,wcc,Portland
2020,166,New Mexico State Aggies,New Mexico State,Western Athletic Conference,wac,New Mexico St.
2020,2856,California Baptist Lancers,California Baptist,Western Athletic Conference,wac,Cal Baptist
2020,292,UT Rio Grande Valley Vaqueros,UT Rio Grande Valley,Western Athletic Conference,wac,UT Rio Grande Valley
2020,140,Kansas City Roos,Kansas City,Western Athletic Conference,wac,UMKC
2020,2253,Grand Canyon Lopes,Grand Canyon,Western Athletic Conference,wac,Grand Canyon
2020,2547,Seattle U Redhawks,Seattle U,Western Athletic Conference,wac,Seattle
2020,2934,Cal State Bakersfield Roadrunners,Cal State Bakersfield,Western Athletic Conference,wac,Cal St. Bakersfield
2020,3084,Utah Valley Wolverines,Utah Valley,Western Athletic Conference,wac,Utah Valley
2020,2130,Chicago State Cougars,Chicago State,Western Athletic Conference,wac,Chicago St.
2021,2335,Liberty Flames,Liberty,ASUN Conference,a-sun,Liberty
2021,91,Bellarmine Knights,Bellarmine,ASUN Conference,a-sun,Bellarmine
2021,288,Lipscomb Bisons,Lipscomb,ASUN Conference,a-sun,Lipscomb
2021,2454,North Florida Ospreys,North Florida,ASUN Conference,a-sun,North Florida
2021,2453,North Alabama Lions,North Alabama,ASUN Conference,a-sun,North Alabama
2021,526,Florida Gulf Coast Eagles,Florida Gulf Coast,ASUN Conference,a-sun,Florida Gulf Coast
2021,56,Stetson Hatters,Stetson,ASUN Conference,a-sun,Stetson
2021,294,Jacksonville Dolphins,Jacksonville,ASUN Conference,a-sun,Jacksonville
2021,338,Kennesaw State Owls,Kennesaw State,ASUN Conference,a-sun,Kennesaw St.
2021,2378,UMBC Retrievers,UMBC,America East Conference,aeast,UMBC
2021,261,Vermont Catamounts,Vermont,America East Conference,aeast,Vermont
2021,160,New Hampshire Wildcats,New Hampshire,America East Conference,aeast,New Hampshire
2021,42,Hartford Hawks,Hartford,America East Conference,aeast,Hartford
2021,399,UAlbany Great Danes,UAlbany,America East Conference,aeast,Albany
2021,2349,UMass Lowell River Hawks,UMass Lowell,America East Conference,aeast,UMass Lowell
2021,2619,Stony Brook Seawolves,Stony Brook,America East Conference,aeast,Stony Brook
2021,2885,NJIT Highlanders,NJIT,America East Conference,aeast,NJIT
2021,2066,Binghamton Bearcats,Binghamton,America East Conference,aeast,Binghamton
2021,311,Maine Black Bears,Maine,America East Conference,aeast,Maine
2021,2724,Wichita State Shockers,Wichita State,American Athletic Conference,aac,Wichita St.
2021,248,Houston Cougars,Houston,American Athletic Conference,aac,Houston
2021,235,Memphis Tigers,Memphis,American Athletic Conference,aac,Memphis
2021,2567,SMU Mustangs,SMU,American Athletic Conference,aac,SMU
2021,2132,Cincinnati Bearcats,Cincinnati,American Athletic Conference,aac,Cincinnati
2021,2116,UCF Knights,UCF,American Athletic Conference,aac,UCF
2021,202,Tulsa Golden Hurricane,Tulsa,American Athletic Conference,aac,Tulsa
2021,58,South Florida Bulls,South Florida,American Athletic Conference,aac,South Florida
2021,218,Temple Owls,Temple,American Athletic Conference,aac,Temple
2021,2655,Tulane Green Wave,Tulane,American Athletic Conference,aac,Tulane
2021,151,East Carolina Pirates,East Carolina,American Athletic Conference,aac,East Carolina
2021,179,St. Bonaventure Bonnies,St. Bonaventure,Atlantic 10 Conference,atl10,St. Bonaventure
2021,2670,VCU Rams,VCU,Atlantic 10 Conference,atl10,VCU
2021,2166,Davidson Wildcats,Davidson,Atlantic 10 Conference,atl10,Davidson
2021,139,Saint Louis Billikens,Saint Louis,Atlantic 10 Conference,atl10,Saint Louis
2021,113,Massachusetts Minutemen,Massachusetts,Atlantic 10 Conference,atl10,Massachusetts
2021,2244,George Mason Patriots,George Mason,Atlantic 10 Conference,atl10,George Mason
2021,2168,Dayton Flyers,Dayton,Atlantic 10 Conference,atl10,Dayton
2021,257,Richmond Spiders,Richmond,Atlantic 10 Conference,atl10,Richmond
2021,2184,Duquesne Dukes,Duquesne,Atlantic 10 Conference,atl10,Duquesne
2021,227,Rhode Island Rams,Rhode Island,Atlantic 10 Conference,atl10,Rhode Island
2021,45,George Washington Revolutionaries,George Washington,Atlantic 10 Conference,atl10,George Washington
2021,2325,La Salle Explorers,La Salle,Atlantic 10 Conference,atl10,La Salle
2021,2603,Saint Joseph's Hawks,Saint Joseph's,Atlantic 10 Conference,atl10,Saint Joseph's
2021,2230,Fordham Rams,Fordham,Atlantic 10 Conference,atl10,Fordham
2021,258,Virginia Cavaliers,Virginia,Atlantic Coast Conference,acc,Virginia
2021,52,Florida State Seminoles,Florida State,Atlantic Coast Conference,acc,Florida St.
2021,259,Virginia Tech Hokies,Virginia Tech,Atlantic Coast Conference,acc,Virginia Tech
2021,59,Georgia Tech Yellow Jackets,Georgia Tech,Atlantic Coast Conference,acc,Georgia Tech
2021,228,Clemson Tigers,Clemson,Atlantic Coast Conference,acc,Clemson
2021,153,North Carolina Tar Heels,North Carolina,Atlantic Coast Conference,acc,North Carolina
2021,97,Louisville Cardinals,Louisville,Atlantic Coast Conference,acc,Louisville
2021,183,Syracuse Orange,Syracuse,Atlantic Coast Conference,acc,Syracuse
2021,152,NC State Wolfpack,NC State,Atlantic Coast Conference,acc,N.C. State
2021,150,Duke Blue Devils,Duke,Atlantic Coast Conference,acc,Duke
2021,87,Notre Dame Fighting Irish,Notre Dame,Atlantic Coast Conference,acc,Notre Dame
2021,221,Pittsburgh Panthers,Pittsburgh,Atlantic Coast Conference,acc,Pittsburgh
2021,2390,Miami Hurricanes,Miami,Atlantic Coast Conference,acc,Miami FL
2021,154,Wake Forest Demon Deacons,Wake Forest,Atlantic Coast Conference,acc,Wake Forest
2021,103,Boston College Eagles,Boston College,Atlantic Coast Conference,acc,Boston College
2021,239,Baylor Bears,Baylor,Big 12 Conference,big12,Baylor
2021,2305,Kansas Jayhawks,Kansas,Big 12 Conference,big12,Kansas
2021,251,Texas Longhorns,Texas,Big 12 Conference,big12,Texas
2021,277,West Virginia Mountaineers,West Virginia,Big 12 Conference,big12,West Virginia
2021,197,Oklahoma State Cowboys,Oklahoma State,Big 12 Conference,big12,Oklahoma St.
2021,2641,Texas Tech Red Raiders,Texas Tech,Big 12 Conference,big12,Texas Tech
2021,201,Oklahoma Sooners,Oklahoma,Big 12 Conference,big12,Oklahoma
2021,2628,TCU Horned Frogs,TCU,Big 12 Conference,big12,TCU
2021,2306,Kansas State Wildcats,Kansas State,Big 12 Conference,big12,Kansas St.
2021,66,Iowa State Cyclones,Iowa State,Big 12 Conference,big12,Iowa St.
2021,222,Villanova Wildcats,Villanova,Big East Conference,bige,Villanova
2021,156,Creighton Bluejays,Creighton,Big East Conference,bige,Creighton
2021,41,UConn Huskies,UConn,Big East Conference,bige,Connecticut
2021,2599,St. John's Red Storm,St. John's,Big East Conference,bige,St. John's
2021,2550,Seton Hall Pirates,Seton Hall,Big East Conference,bige,Seton Hall
2021,2507,Providence Friars,Providence,Big East Conference,bige,Providence
2021,2752,Xavier Musketeers,Xavier,Big East Conference,bige,Xavier
2021,46,Georgetown Hoyas,Georgetown,Big East Conference,bige,Georgetown
2021,269,Marquette Golden Eagles,Marquette,Big East Conference,bige,Marquette
2021,2086,Butler Bulldogs,Butler,Big East Conference,bige,Butler
2021,305,DePaul Blue Demons,DePaul,Big East Conference,bige,DePaul
2021,253,Southern Utah Thunderbirds,Southern Utah,Big Sky Conference,bsky,Southern Utah
2021,2692,Weber State Wildcats,Weber State,Big Sky Conference,bsky,Weber St.
2021,331,Eastern Washington Eagles,Eastern Washington,Big Sky Conference,bsky,Eastern Washington
2021,147,Montana State Bobcats,Montana State,Big Sky Conference,bsky,Montana St.
2021,304,Idaho State Bengals,Idaho State,Big Sky Conference,bsky,Idaho St.
2021,149,Montana Grizzlies,Montana,Big Sky Conference,bsky,Montana
2021,2458,Northern Colorado Bears,Northern Colorado,Big Sky Conference,bsky,Northern Colorado
2021,2502,Portland State Vikings,Portland State,Big Sky Conference,bsky,Portland St.
2021,16,Sacramento State Hornets,Sacramento State,Big Sky Conference,bsky,Sacramento St.
2021,2464,Northern Arizona Lumberjacks,Northern Arizona,Big Sky Conference,bsky,Northern Arizona
2021,70,Idaho Vandals,Idaho,Big Sky Conference,bsky,Idaho
2021,2737,Winthrop Eagles,Winthrop,Big South Conference,bsou,Winthrop
2021,2515,Radford Highlanders,Radford,Big South Conference,bsou,Radford
2021,2097,Campbell Fighting Camels,Campbell,Big South Conference,bsou,Campbell
2021,2427,UNC Asheville Bulldogs,UNC Asheville,Big South Conference,bsou,UNC Asheville
2021,2344,Longwood Lancers,Longwood,Big South Conference,bsou,Longwood
2021,2241,Gardner-Webb Runnin' Bulldogs,Gardner-Webb,Big South Conference,bsou,Gardner Webb
2021,2261,Hampton Pirates,Hampton,Big South Conference,bsou,Hampton
2021,2272,High Point Panthers,High Point,Big South Conference,bsou,High Point
2021,2908,South Carolina Upstate Spartans,South Carolina Upstate,Big South Conference,bsou,USC Upstate
2021,2506,Presbyterian Blue Hose,Presbyterian,Big South Conference,bsou,Presbyterian
2021,2127,Charleston Southern Buccaneers,Charleston Southern,Big South Conference,bsou,Charleston Southern
2021,130,Michigan Wolverines,Michigan,Big Ten Conference,big10,Michigan
2021,356,Illinois Fighting Illini,Illinois,Big Ten Conference,big10,Illinois
2021,2294,Iowa Hawkeyes,Iowa,Big Ten Conference,big10,Iowa
2021,2509,Purdue Boilermakers,Purdue,Big Ten Conference,big10,Purdue
2021,194,Ohio State Buckeyes,Ohio State,Big Ten Conference,big10,Ohio St.
2021,275,Wisconsin Badgers,Wisconsin,Big Ten Conference,big10,Wisconsin
2021,164,Rutgers Scarlet Knights,Rutgers,Big Ten Conference,big10,Rutgers
2021,120,Maryland Terrapins,Maryland,Big Ten Conference,big10,Maryland
2021,127,Michigan State Spartans,Michigan State,Big Ten Conference,big10,Michigan St.
2021,84,Indiana Hoosiers,Indiana,Big Ten Conference,big10,Indiana
2021,213,Penn State Nittany Lions,Penn State,Big Ten Conference,big10,Penn St.
2021,77,Northwestern Wildcats,Northwestern,Big Ten Conference,big10,Northwestern
2021,135,Minnesota Golden Gophers,Minnesota,Big Ten Conference,big10,Minnesota
2021,158,Nebraska Cornhuskers,Nebraska,Big Ten Conference,big10,Nebraska
2021,2540,UC Santa Barbara Gauchos,UC Santa Barbara,Big West Conference,bigw,UC Santa Barbara
2021,300,UC Irvine Anteaters,UC Irvine,Big West Conference,bigw,UC Irvine
2021,27,UC Riverside Highlanders,UC Riverside,Big West Conference,bigw,UC Riverside
2021,302,UC Davis Aggies,UC Davis,Big West Conference,bigw,UC Davis
2021,2934,Cal State Bakersfield Roadrunners,Cal State Bakersfield,Big West Conference,bigw,Cal St. Bakersfield
2021,62,Hawai'i Rainbow Warriors,Hawai'i,Big West Conference,bigw,Hawaii
2021,2239,Cal State Fullerton Titans,Cal State Fullerton,Big West Conference,bigw,Cal St. Fullerton
2021,2463,Cal State Northridge Matadors,Cal State Northridge,Big West Conference,bigw,Cal St. Northridge
2021,299,Long Beach State Beach,Long Beach State,Big West Conference,bigw,Long Beach St.
2021,13,Cal Poly Mustangs,Cal Poly,Big West Conference,bigw,Cal Poly
2021,28,UC San Diego Tritons,UC San Diego,Big West Conference,bigw,UC San Diego
2021,256,James Madison Dukes,James Madison,Coastal Athletic Association,col,James Madison
2021,111,Northeastern Huskies,Northeastern,Coastal Athletic Association,col,Northeastern
2021,232,Charleston Cougars,Charleston,Coastal Athletic Association,col,Charleston
2021,2275,Hofstra Pride,Hofstra,Coastal Athletic Association,col,Hofstra
2021,48,Delaware Blue Hens,Delaware,Coastal Athletic Association,col,Delaware
2021,2182,Drexel Dragons,Drexel,Coastal Athletic Association,col,Drexel
2021,2729,William & Mary Tribe,William & Mary,Coastal Athletic Association,col,William & Mary
2021,2210,Elon Phoenix,Elon,Coastal Athletic Association,col,Elon
2021,119,Towson Tigers,Towson,Coastal Athletic Association,col,Towson
2021,350,UNC Wilmington Seahawks,UNC Wilmington,Coastal Athletic Association,col,UNC Wilmington
2021,98,Western Kentucky Hilltoppers,Western Kentucky,Conference USA,usae,Western Kentucky
2021,295,Old Dominion Monarchs,Old Dominion,Conference USA,usae,Old Dominion
2021,276,Marshall Thundering Herd,Marshall,Conference USA,usae,Marshall
2021,2226,Florida Atlantic Owls,Florida Atlantic,Conference USA,usae,Florida Atlantic
2021,2429,Charlotte 49ers,Charlotte,Conference USA,usae,Charlotte
2021,2393,Middle Tennessee Blue Raiders,Middle Tennessee,Conference USA,usae,Middle Tennessee
2021,2229,Florida International Panthers,Florida International,Conference USA,usae,FIU
2021,2348,Louisiana Tech Bulldogs,Louisiana Tech,Conference USA,usaw,Louisiana Tech
2021,5,UAB Blazers,UAB,Conference USA,usaw,UAB
2021,249,North Texas Mean Green,North Texas,Conference USA,usaw,North Texas
2021,2636,UTSA Roadrunners,UTSA,Conference USA,usaw,UTSA
2021,2638,UTEP Miners,UTEP,Conference USA,usaw,UTEP
2021,242,Rice Owls,Rice,Conference USA,usaw,Rice
2021,2572,Southern Miss Golden Eagles,Southern Miss,Conference USA,usaw,Southern Miss
2021,2750,Wright State Raiders,Wright State,Horizon League,hor,Wright St.
2021,325,Cleveland State Vikings,Cleveland State,Horizon League,hor,Cleveland St.
2021,2174,Detroit Mercy Titans,Detroit Mercy,Horizon League,hor,Detroit Mercy
2021,94,Northern Kentucky Norse,Northern Kentucky,Horizon League,hor,Northern Kentucky
2021,2473,Oakland Golden Grizzlies,Oakland,Horizon League,hor,Oakland
2021,2754,Youngstown State Penguins,Youngstown State,Horizon League,hor,Youngstown St.
2021,85,IU Indianapolis Jaguars,IU Indianapolis,Horizon League,hor,IU Indy
2021,270,Milwaukee Panthers,Milwaukee,Horizon League,hor,Milwaukee
2021,2739,Green Bay Phoenix,Green Bay,Horizon League,hor,Green Bay
2021,82,UIC Flames,UIC,Horizon League,hor,Illinois Chicago
2021,2870,Purdue Fort Wayne Mastodons,Purdue Fort Wayne,Horizon League,hor,Purdue Fort Wayne
2021,2523,Robert Morris Colonials,Robert Morris,Horizon League,hor,Robert Morris
2021,2561,Siena Saints,Siena,Metro Atlantic Athletic Conference,maac,Siena
2021,314,Iona Gaels,Iona,Metro Atlantic Athletic Conference,maac,Iona
2021,2405,Monmouth Hawks,Monmouth,Metro Atlantic Athletic Conference,maac,Monmouth
2021,2099,Canisius Golden Griffins,Canisius,Metro Atlantic Athletic Conference,maac,Canisius
2021,2368,Marist Red Foxes,Marist,Metro Atlantic Athletic Conference,maac,Marist
2021,2612,Saint Peter's Peacocks,Saint Peter's,Metro Atlantic Athletic Conference,maac,Saint Peter's
2021,315,Niagara Purple Eagles,Niagara,Metro Atlantic Athletic Conference,maac,Niagara
2021,2514,Quinnipiac Bobcats,Quinnipiac,Metro Atlantic Athletic Conference,maac,Quinnipiac
2021,2217,Fairfield Stags,Fairfield,Metro Atlantic Athletic Conference,maac,Fairfield
2021,2363,Manhattan Jaspers,Manhattan,Metro Atlantic Athletic Conference,maac,Manhattan
2021,2520,Rider Broncs,Rider,Metro Atlantic Athletic Conference,maac,Rider
2021,2649,Toledo Rockets,Toledo,Mid-American Conference,midam,Toledo
2021,2084,Buffalo Bulls,Buffalo,Mid-American Conference,midam,Buffalo
2021,2006,Akron Zips,Akron,Mid-American Conference,midam,Akron
2021,2309,Kent State Golden Flashes,Kent State,Mid-American Conference,midam,Kent St.
2021,195,Ohio Bobcats,Ohio,Mid-American Conference,midam,Ohio
2021,189,Bowling Green Falcons,Bowling Green,Mid-American Conference,midam,Bowling Green
2021,193,Miami (OH) RedHawks,Miami (OH),Mid-American Conference,midam,Miami OH
2021,2050,Ball State Cardinals,Ball State,Mid-American Conference,midam,Ball St.
2021,2711,Western Michigan Broncos,Western Michigan,Mid-American Conference,midam,Western Michigan
2021,2199,Eastern Michigan Eagles,Eastern Michigan,Mid-American Conference,midam,Eastern Michigan
2021,2117,Central Michigan Chippewas,Central Michigan,Mid-American Conference,midam,Central Michigan
2021,2459,Northern Illinois Huskies,Northern Illinois,Mid-American Conference,midam,Northern Illinois
2021,2450,Norfolk State Spartans,Norfolk State,Mid-Eastern Athletic Conference,meacn,Norfolk St.
2021,2154,Coppin State Eagles,Coppin State,Mid-Eastern Athletic Conference,meacn,Coppin St.
2021,2415,Morgan State Bears,Morgan State,Mid-Eastern Athletic Conference,meacn,Morgan St.
2021,47,Howard Bison,Howard,Mid-Eastern Athletic Conference,meacn,Howard
2021,2169,Delaware State Hornets,Delaware State,Mid-Eastern Athletic Conference,meacn,Delaware St.
2021,2448,North Carolina A&T Aggies,North Carolina A&T,Mid-Eastern Athletic Conference,meacs,North Carolina A&T
2021,50,Florida A&M Rattlers,Florida A&M,Mid-Eastern Athletic Conference,meacs,Florida A&M
2021,2428,North Carolina Central Eagles,North Carolina Central,Mid-Eastern Athletic Conference,meacs,North Carolina Central
2021,2569,South Carolina State Bulldogs,South Carolina State,Mid-Eastern Athletic Conference,meacs,South Carolina St.
2021,2350,Loyola Chicago Ramblers,Loyola Chicago,Missouri Valley Conference,mvc,Loyola Chicago
2021,2181,Drake Bulldogs,Drake,Missouri Valley Conference,mvc,Drake
2021,2623,Missouri State Bears,Missouri State,Missouri Valley Conference,mvc,Missouri St.
2021,282,Indiana State Sycamores,Indiana State,Missouri Valley Conference,mvc,Indiana St.
2021,339,Evansville Purple Aces,Evansville,Missouri Valley Conference,mvc,Evansville
2021,2460,Northern Iowa Panthers,Northern Iowa,Missouri Valley Conference,mvc,Northern Iowa
2021,2674,Valparaiso Beacons,Valparaiso,Missouri Valley Conference,mvc,Valparaiso
2021,71,Bradley Braves,Bradley,Missouri Valley Conference,mvc,Bradley
2021,79,Southern Illinois Salukis,Southern Illinois,Missouri Valley Conference,mvc,Southern Illinois
2021,2287,Illinois State Redbirds,Illinois State,Missouri Valley Conference,mvc,Illinois St.
2021,21,San Diego State Aztecs,San Diego State,Mountain West Conference,mwest,San Diego St.
2021,328,Utah State Aggies,Utah State,Mountain West Conference,mwest,Utah St.
2021,36,Colorado State Rams,Colorado State,Mountain West Conference,mwest,Colorado St.
2021,68,Boise State Broncos,Boise State,Mountain West Conference,mwest,Boise St.
2021,2440,Nevada Wolf Pack,Nevada,Mountain West Conference,mwest,Nevada
2021,278,Fresno State Bulldogs,Fresno State,Mountain West Conference,mwest,Fresno St.
2021,2439,UNLV Rebels,UNLV,Mountain West Conference,mwest,UNLV
2021,2751,Wyoming Cowboys,Wyoming,Mountain West Conference,mwest,Wyoming
2021,23,San José State Spartans,San José State,Mountain West Conference,mwest,San Jose St.
2021,2005,Air Force Falcons,Air Force,Mountain West Conference,mwest,Air Force
2021,167,New Mexico Lobos,New Mexico,Mountain West Conference,mwest,New Mexico
2021,2681,Wagner Seahawks,Wagner,Northeast Conference,neast,Wagner
2021,2803,Bryant Bulldogs,Bryant,Northeast Conference,neast,Bryant
2021,116,Mount St. Mary's Mountaineers,Mount St. Mary's,Northeast Conference,neast,Mount St. Mary's
2021,2529,Sacred Heart Pioneers,Sacred Heart,Northeast Conference,neast,Sacred Heart
2021,2771,Merrimack Warriors,Merrimack,Northeast Conference,neast,Merrimack
2021,2597,St. Francis Brooklyn Terriers,St. Francis Brooklyn,Northeast Conference,neast,St. Francis NY
2021,112358,Long Island University Sharks,Long Island University,Northeast Conference,neast,LIU
2021,161,Fairleigh Dickinson Knights,Fairleigh Dickinson,Northeast Conference,neast,Fairleigh Dickinson
2021,2598,St. Francis (PA) Red Flash,St. Francis (PA),Northeast Conference,neast,Saint Francis
2021,2115,Central Connecticut Blue Devils,Central Connecticut,Northeast Conference,neast,Central Connecticut
2021,2057,Belmont Bruins,Belmont,Ohio Valley Conference,ovc,Belmont
2021,2413,Morehead State Eagles,Morehead State,Ohio Valley Conference,ovc,Morehead St.
2021,2198,Eastern Kentucky Colonels,Eastern Kentucky,Ohio Valley Conference,ovc,Eastern Kentucky
2021,55,Jacksonville State Gamecocks,Jacksonville State,Ohio Valley Conference,ovc,Jacksonville St.
2021,2046,Austin Peay Governors,Austin Peay,Ohio Valley Conference,ovc,Austin Peay
2021,93,Murray State Racers,Murray State,Ohio Valley Conference,ovc,Murray St.
2021,2546,Southeast Missouri State Redhawks,Southeast Missouri State,Ohio Valley Conference,ovc,Southeast Missouri St.
2021,2565,SIU Edwardsville Cougars,SIU Edwardsville,Ohio Valley Conference,ovc,SIU Edwardsville
2021,2630,UT Martin Skyhawks,UT Martin,Ohio Valley Conference,ovc,Tennessee Martin
2021,2197,Eastern Illinois Panthers,Eastern Illinois,Ohio Valley Conference,ovc,Eastern Illinois
2021,2635,Tennessee Tech Golden Eagles,Tennessee Tech,Ohio Valley Conference,ovc,Tennessee Tech
2021,2634,Tennessee State Tigers,Tennessee State,Ohio Valley Conference,ovc,Tennessee St.
2021,2483,Oregon Ducks,Oregon,Pac-12 Conference,pac12,Oregon
2021,30,USC Trojans,USC,Pac-12 Conference,pac12,USC
2021,38,Colorado Buffaloes,Colorado,Pac-12 Conference,pac12,Colorado
2021,26,UCLA Bruins,UCLA,Pac-12 Conference,pac12,UCLA
2021,12,Arizona Wildcats,Arizona,Pac-12 Conference,pac12,Arizona
2021,204,Oregon State Beavers,Oregon State,Pac-12 Conference,pac12,Oregon St.
2021,24,Stanford Cardinal,Stanford,Pac-12 Conference,pac12,Stanford
2021,254,Utah Utes,Utah,Pac-12 Conference,pac12,Utah
2021,9,Arizona State Sun Devils,Arizona State,Pac-12 Conference,pac12,Arizona St.
2021,265,Washington State Cougars,Washington State,Pac-12 Conference,pac12,Washington St.
2021,264,Washington Huskies,Washington,Pac-12 Conference,pac12,Washington
2021,25,California Golden Bears,California,Pac-12 Conference,pac12,California
2021,322,Lafayette Leopards,Lafayette,Patriot League,Central,Lafayette
2021,2083,Bucknell Bison,Bucknell,Patriot League,Central,Bucknell
2021,2329,Lehigh Mountain Hawks,Lehigh,Patriot League,Central,Lehigh
2021,2142,Colgate Raiders,Colgate,Patriot League,North,Colgate
2021,349,Army Black Knights,Army,Patriot League,North,Army
2021,104,Boston University Terriers,Boston University,Patriot League,North,Boston University
2021,107,Holy Cross Crusaders,Holy Cross,Patriot League,North,Holy Cross
2021,2426,Navy Midshipmen,Navy,Patriot League,South,Navy
2021,44,American University Eagles,American University,Patriot League,South,American
2021,2352,Loyola Maryland Greyhounds,Loyola Maryland,Patriot League,South,Loyola MD
2021,333,Alabama Crimson Tide,Alabama,Southeastern Conference,sec,Alabama
2021,8,Arkansas Razorbacks,Arkansas,Southeastern Conference,sec,Arkansas
2021,99,LSU Tigers,LSU,Southeastern Conference,sec,LSU
2021,2633,Tennessee Volunteers,Tennessee,Southeastern Conference,sec,Tennessee
2021,57,Florida Gators,Florida,Southeastern Conference,sec,Florida
2021,145,Ole Miss Rebels,Ole Miss,Southeastern Conference,sec,Mississippi
2021,142,Missouri Tigers,Missouri,Southeastern Conference,sec,Missouri
2021,96,Kentucky Wildcats,Kentucky,Southeastern Conference,sec,Kentucky
2021,344,Mississippi State Bulldogs,Mississippi State,Southeastern Conference,sec,Mississippi St.
2021,61,Georgia Bulldogs,Georgia,Southeastern Conference,sec,Georgia
2021,2,Auburn Tigers,Auburn,Southeastern Conference,sec,Auburn
2021,2579,South Carolina Gamecocks,South Carolina,Southeastern Conference,sec,South Carolina
2021,245,Texas A&M Aggies,Texas A&M,Southeastern Conference,sec,Texas A&M
2021,238,Vanderbilt Commodores,Vanderbilt,Southeastern Conference,sec,Vanderbilt
2021,2430,UNC Greensboro Spartans,UNC Greensboro,Southern Conference,south,UNC Greensboro
2021,2747,Wofford Terriers,Wofford,Southern Conference,south,Wofford
2021,231,Furman Paladins,Furman,Southern Conference,south,Furman
2021,236,Chattanooga Mocs,Chattanooga,Southern Conference,south,Chattanooga
2021,2193,East Tennessee State Buccaneers,East Tennessee State,Southern Conference,south,East Tennessee St.
2021,2678,VMI Keydets,VMI,Southern Conference,south,VMI
2021,2382,Mercer Bears,Mercer,Southern Conference,south,Mercer
2021,2643,The Citadel Bulldogs,The Citadel,Southern Conference,south,The Citadel
2021,2717,Western Carolina Catamounts,Western Carolina,Southern Conference,south,Western Carolina
2021,2535,Samford Bulldogs,Samford,Southern Conference,south,Samford
2021,2447,Nicholls Colonels,Nicholls,Southland Conference,land,Nicholls St.
2021,2000,Abilene Christian Wildcats,Abilene Christian,Southland Conference,land,Abilene Christian
2021,2534,Sam Houston Bearkats,Sam Houston,Southland Conference,land,Sam Houston St.
2021,2617,Stephen F. Austin Lumberjacks,Stephen F. Austin,Southland Conference,land,Stephen F. Austin
2021,2466,Northwestern State Demons,Northwestern State,Southland Conference,land,Northwestern St.
2021,2443,New Orleans Privateers,New Orleans,Southland Conference,land,New Orleans
2021,2320,Lamar Cardinals,Lamar,Southland Conference,land,Lamar
2021,2916,Incarnate Word Cardinals,Incarnate Word,Southland Conference,land,Incarnate Word
2021,2545,SE Louisiana Lions,SE Louisiana,Southland Conference,land,Southeastern Louisiana
2021,2377,McNeese Cowboys,McNeese,Southland Conference,land,McNeese St.
2021,2277,Houston Christian Huskies,Houston Christian,Southland Conference,land,Houston Christian
2021,2110,Central Arkansas Bears,Central Arkansas,Southland Conference,land,Central Arkansas
2021,357,Texas A&M-Corpus Christi Islanders,Texas A&M-Corpus Christi,Southland Conference,land,Texas A&M Corpus Chris
2021,2504,Prairie View A&M Panthers,Prairie View A&M,Southwestern Athletic Conference,swac,Prairie View A&M
2021,2296,Jackson State Tigers,Jackson State,Southwestern Athletic Conference,swac,Jackson St.
2021,2640,Texas Southern Tigers,Texas Southern,Southwestern Athletic Conference,swac,Texas Southern
2021,2755,Grambling Tigers,Grambling,Southwestern Athletic Conference,swac,Grambling St.
2021,2582,Southern Jaguars,Southern,Southwestern Athletic Conference,swac,Southern
2021,2016,Alcorn State Braves,Alcorn State,Southwestern Athletic Conference,swac,Alcorn St.
2021,2010,Alabama A&M Bulldogs,Alabama A&M,Southwestern Athletic Conference,swac,Alabama A&M
2021,2011,Alabama State Hornets,Alabama State,Southwestern Athletic Conference,swac,Alabama St.
2021,2029,Arkansas-Pine Bluff Golden Lions,Arkansas-Pine Bluff,Southwestern Athletic Conference,swac,Arkansas Pine Bluff
2021,2400,Mississippi Valley State Delta Devils,Mississippi Valley State,Southwestern Athletic Conference,swac,Mississippi Valley St.
2021,2571,South Dakota State Jackrabbits,South Dakota State,Summit League,summ,South Dakota St.
2021,233,South Dakota Coyotes,South Dakota,Summit League,summ,South Dakota
2021,2449,North Dakota State Bison,North Dakota State,Summit League,summ,North Dakota St.
2021,198,Oral Roberts Golden Eagles,Oral Roberts,Summit League,summ,Oral Roberts
2021,155,North Dakota Fighting Hawks,North Dakota,Summit League,summ,North Dakota
2021,140,Kansas City Roos,Kansas City,Summit League,summ,UMKC
2021,2710,Western Illinois Leathernecks,Western Illinois,Summit League,summ,Western Illinois
2021,2437,Omaha Mavericks,Omaha,Summit League,summ,Nebraska Omaha
2021,2172,Denver Pioneers,Denver,Summit League,summ,Denver
2021,2247,Georgia State Panthers,Georgia State,Sun Belt Conference,East,Georgia St.
2021,324,Coastal Carolina Chanticleers,Coastal Carolina,Sun Belt Conference,East,Coastal Carolina
2021,6,South Alabama Jaguars,South Alabama,Sun Belt Conference,East,South Alabama
2021,2026,App State Mountaineers,App State,Sun Belt Conference,East,Appalachian St.
2021,290,Georgia Southern Eagles,Georgia Southern,Sun Belt Conference,East,Georgia Southern
2021,2653,Troy Trojans,Troy,Sun Belt Conference,East,Troy
2021,326,Texas State Bobcats,Texas State,Sun Belt Conference,West,Texas St.
2021,309,Louisiana Ragin' Cajuns,Louisiana,Sun Belt Conference,West,Louisiana
2021,250,UT Arlington Mavericks,UT Arlington,Sun Belt Conference,West,UT Arlington
2021,2032,Arkansas State Red Wolves,Arkansas State,Sun Belt Conference,West,Arkansas St.
2021,2031,Little Rock Trojans,Little Rock,Sun Belt Conference,West,Little Rock
2021,2433,UL Monroe Warhawks,UL Monroe,Sun Belt Conference,West,Louisiana Monroe
2021,2250,Gonzaga Bulldogs,Gonzaga,West Coast Conference,wcc,Gonzaga
2021,252,BYU Cougars,BYU,West Coast Conference,wcc,BYU
2021,2351,Loyola Marymount Lions,Loyola Marymount,West Coast Conference,wcc,Loyola Marymount
2021,2492,Pepperdine Waves,Pepperdine,West Coast Conference,wcc,Pepperdine
2021,279,Pacific Tigers,Pacific,West Coast Conference,wcc,Pacific
2021,2541,Santa Clara Broncos,Santa Clara,West Coast Conference,wcc,Santa Clara
2021,2608,Saint Mary's Gaels,Saint Mary's,West Coast Conference,wcc,Saint Mary's
2021,2539,San Francisco Dons,San Francisco,West Coast Conference,wcc,San Francisco
2021,301,San Diego Toreros,San Diego,West Coast Conference,wcc,San Diego
2021,2501,Portland Pilots,Portland,West Coast Conference,wcc,Portland
2021,2253,Grand Canyon Lopes,Grand Canyon,Western Athletic Conference,wac,Grand Canyon
2021,3084,Utah Valley Wolverines,Utah Valley,Western Athletic Conference,wac,Utah Valley
2021,166,New Mexico State Aggies,New Mexico State,Western Athletic Conference,wac,New Mexico St.
2021,2856,California Baptist Lancers,California Baptist,Western Athletic Conference,wac,Cal Baptist
2021,2547,Seattle U Redhawks,Seattle U,Western Athletic Conference,wac,Seattle
2021,2627,Tarleton State Texans,Tarleton State,Western Athletic Conference,wac,Tarleton St.
2021,292,UT Rio Grande Valley Vaqueros,UT Rio Grande Valley,Western Athletic Conference,wac,UT Rio Grande Valley
2021,2130,Chicago State Cougars,Chicago State,Western Athletic Conference,wac,Chicago St.
2021,3101,Utah Tech Trailblazers,Utah Tech,Western Athletic Conference,wac,Utah Tech
2022,2335,Liberty Flames,Liberty,ASUN Conference,asune,Liberty
2022,294,Jacksonville Dolphins,Jacksonville,ASUN Conference,asune,Jacksonville
2022,526,Florida Gulf Coast Eagles,Florida Gulf Coast,ASUN Conference,asune,Florida Gulf Coast
2022,338,Kennesaw State Owls,Kennesaw State,ASUN Conference,asune,Kennesaw St.
2022,2454,North Florida Ospreys,North Florida,ASUN Conference,asune,North Florida
2022,56,Stetson Hatters,Stetson,ASUN Conference,asune,Stetson
2022,55,Jacksonville State Gamecocks,Jacksonville State,ASUN Conference,asunw,Jacksonville St.
2022,91,Bellarmine Knights,Bellarmine,ASUN Conference,asunw,Bellarmine
2022,2110,Central Arkansas Bears,Central Arkansas,ASUN Conference,asunw,Central Arkansas
2022,288,Lipscomb Bisons,Lipscomb,ASUN Conference,asunw,Lipscomb
2022,2198,Eastern Kentucky Colonels,Eastern Kentucky,ASUN Conference,asunw,Eastern Kentucky
2022,2453,North Alabama Lions,North Alabama,ASUN Conference,asunw,North Alabama
2022,261,Vermont Catamounts,Vermont,America East Conference,aeast,Vermont
2022,2378,UMBC Retrievers,UMBC,America East Conference,aeast,UMBC
2022,2619,Stony Brook Seawolves,Stony Brook,America East Conference,aeast,Stony Brook
2022,160,New Hampshire Wildcats,New Hampshire,America East Conference,aeast,New Hampshire
2022,399,UAlbany Great Danes,UAlbany,America East Conference,aeast,Albany
2022,42,Hartford Hawks,Hartford,America East Conference,aeast,Hartford
2022,2066,Binghamton Bearcats,Binghamton,America East Conference,aeast,Binghamton
2022,2349,UMass Lowell River Hawks,UMass Lowell,America East Conference,aeast,UMass Lowell
2022,2885,NJIT Highlanders,NJIT,America East Conference,aeast,NJIT
2022,311,Maine Black Bears,Maine,America East Conference,aeast,Maine
2022,248,Houston Cougars,Houston,American Athletic Conference,aac,Houston
2022,2567,SMU Mustangs,SMU,American Athletic Conference,aac,SMU
2022,235,Memphis Tigers,Memphis,American Athletic Conference,aac,Memphis
2022,218,Temple Owls,Temple,American Athletic Conference,aac,Temple
2022,2655,Tulane Green Wave,Tulane,American Athletic Conference,aac,Tulane
2022,2116,UCF Knights,UCF,American Athletic Conference,aac,UCF
2022,2724,Wichita State Shockers,Wichita State,American Athletic Conference,aac,Wichita St.
2022,2132,Cincinnati Bearcats,Cincinnati,American Athletic Conference,aac,Cincinnati
2022,151,East Carolina Pirates,East Carolina,American Athletic Conference,aac,East Carolina
2022,202,Tulsa Golden Hurricane,Tulsa,American Athletic Conference,aac,Tulsa
2022,58,South Florida Bulls,South Florida,American Athletic Conference,aac,South Florida
2022,2166,Davidson Wildcats,Davidson,Atlantic 10 Conference,atl10,Davidson
2022,2670,VCU Rams,VCU,Atlantic 10 Conference,atl10,VCU
2022,2168,Dayton Flyers,Dayton,Atlantic 10 Conference,atl10,Dayton
2022,179,St. Bonaventure Bonnies,St. Bonaventure,Atlantic 10 Conference,atl10,St. Bonaventure
2022,139,Saint Louis Billikens,Saint Louis,Atlantic 10 Conference,atl10,Saint Louis
2022,257,Richmond Spiders,Richmond,Atlantic 10 Conference,atl10,Richmond
2022,45,George Washington Revolutionaries,George Washington,Atlantic 10 Conference,atl10,George Washington
2022,2230,Fordham Rams,Fordham,Atlantic 10 Conference,atl10,Fordham
2022,2244,George Mason Patriots,George Mason,Atlantic 10 Conference,atl10,George Mason
2022,113,Massachusetts Minutemen,Massachusetts,Atlantic 10 Conference,atl10,Massachusetts
2022,227,Rhode Island Rams,Rhode Island,Atlantic 10 Conference,atl10,Rhode Island
2022,2325,La Salle Explorers,La Salle,Atlantic 10 Conference,atl10,La Salle
2022,2603,Saint Joseph's Hawks,Saint Joseph's,Atlantic 10 Conference,atl10,Saint Joseph's
2022,2184,Duquesne Dukes,Duquesne,Atlantic 10 Conference,atl10,Duquesne
2022,150,Duke Blue Devils,Duke,Atlantic Coast Conference,acc,Duke
2022,87,Notre Dame Fighting Irish,Notre Dame,Atlantic Coast Conference,acc,Notre Dame
2022,153,North Carolina Tar Heels,North Carolina,Atlantic Coast Conference,acc,North Carolina
2022,2390,Miami Hurricanes,Miami,Atlantic Coast Conference,acc,Miami FL
2022,154,Wake Forest Demon Deacons,Wake Forest,Atlantic Coast Conference,acc,Wake Forest
2022,258,Virginia Cavaliers,Virginia,Atlantic Coast Conference,acc,Virginia
2022,259,Virginia Tech Hokies,Virginia Tech,Atlantic Coast Conference,acc,Virginia Tech
2022,52,Florida State Seminoles,Florida State,Atlantic Coast Conference,acc,Florida St.
2022,183,Syracuse Orange,Syracuse,Atlantic Coast Conference,acc,Syracuse
2022,228,Clemson Tigers,Clemson,Atlantic Coast Conference,acc,Clemson
2022,97,Louisville Cardinals,Louisville,Atlantic Coast Conference,acc,Louisville
2022,103,Boston College Eagles,Boston College,Atlantic Coast Conference,acc,Boston College
2022,221,Pittsburgh Panthers,Pittsburgh,Atlantic Coast Conference,acc,Pittsburgh
2022,59,Georgia Tech Yellow Jackets,Georgia Tech,Atlantic Coast Conference,acc,Georgia Tech
2022,152,NC State Wolfpack,NC State,Atlantic Coast Conference,acc,N.C. State
2022,2305,Kansas Jayhawks,Kansas,Big 12 Conference,big12,Kansas
2022,239,Baylor Bears,Baylor,Big 12 Conference,big12,Baylor
2022,2641,Texas Tech Red Raiders,Texas Tech,Big 12 Conference,big12,Texas Tech
2022,251,Texas Longhorns,Texas,Big 12 Conference,big12,Texas
2022,2628,TCU Horned Frogs,TCU,Big 12 Conference,big12,TCU
2022,197,Oklahoma State Cowboys,Oklahoma State,Big 12 Conference,big12,Oklahoma St.
2022,66,Iowa State Cyclones,Iowa State,Big 12 Conference,big12,Iowa St.
2022,201,Oklahoma Sooners,Oklahoma,Big 12 Conference,big12,Oklahoma
2022,2306,Kansas State Wildcats,Kansas State,Big 12 Conference,big12,Kansas St.
2022,277,West Virginia Mountaineers,West Virginia,Big 12 Conference,big12,West Virginia
2022,2507,Providence Friars,Providence,Big East Conference,bige,Providence
2022,222,Villanova Wildcats,Villanova,Big East Conference,bige,Villanova
2022,41,UConn Huskies,UConn,Big East Conference,bige,Connecticut
2022,156,Creighton Bluejays,Creighton,Big East Conference,bige,Creighton
2022,269,Marquette Golden Eagles,Marquette,Big East Conference,bige,Marquette
2022,2550,Seton Hall Pirates,Seton Hall,Big East Conference,bige,Seton Hall
2022,2599,St. John's Red Storm,St. John's,Big East Conference,bige,St. John's
2022,2752,Xavier Musketeers,Xavier,Big East Conference,bige,Xavier
2022,2086,Butler Bulldogs,Butler,Big East Conference,bige,Butler
2022,305,DePaul Blue Demons,DePaul,Big East Conference,bige,DePaul
2022,46,Georgetown Hoyas,Georgetown,Big East Conference,bige,Georgetown
2022,147,Montana State Bobcats,Montana State,Big Sky Conference,bsky,Montana St.
2022,253,Southern Utah Thunderbirds,Southern Utah,Big Sky Conference,bsky,Southern Utah
2022,2692,Weber State Wildcats,Weber State,Big Sky Conference,bsky,Weber St.
2022,2458,Northern Colorado Bears,Northern Colorado,Big Sky Conference,bsky,Northern Colorado
2022,149,Montana Grizzlies,Montana,Big Sky Conference,bsky,Montana
2022,331,Eastern Washington Eagles,Eastern Washington,Big Sky Conference,bsky,Eastern Washington
2022,2502,Portland State Vikings,Portland State,Big Sky Conference,bsky,Portland St.
2022,16,Sacramento State Hornets,Sacramento State,Big Sky Conference,bsky,Sacramento St.
2022,70,Idaho Vandals,Idaho,Big Sky Conference,bsky,Idaho
2022,2464,Northern Arizona Lumberjacks,Northern Arizona,Big Sky Conference,bsky,Northern Arizona
2022,304,Idaho State Bengals,Idaho State,Big Sky Conference,bsky,Idaho St.
2022,2344,Longwood Lancers,Longwood,Big South Conference,bsoun,Longwood
2022,2097,Campbell Fighting Camels,Campbell,Big South Conference,bsoun,Campbell
2022,2272,High Point Panthers,High Point,Big South Conference,bsoun,High Point
2022,2515,Radford Highlanders,Radford,Big South Conference,bsoun,Radford
2022,2448,North Carolina A&T Aggies,North Carolina A&T,Big South Conference,bsoun,North Carolina A&T
2022,2261,Hampton Pirates,Hampton,Big South Conference,bsoun,Hampton
2022,2737,Winthrop Eagles,Winthrop,Big South Conference,bsous,Winthrop
2022,2241,Gardner-Webb Runnin' Bulldogs,Gardner-Webb,Big South Conference,bsous,Gardner Webb
2022,2908,South Carolina Upstate Spartans,South Carolina Upstate,Big South Conference,bsous,USC Upstate
2022,2427,UNC Asheville Bulldogs,UNC Asheville,Big South Conference,bsous,UNC Asheville
2022,2506,Presbyterian Blue Hose,Presbyterian,Big South Conference,bsous,Presbyterian
2022,2127,Charleston Southern Buccaneers,Charleston Southern,Big South Conference,bsous,Charleston Southern
2022,356,Illinois Fighting Illini,Illinois,Big Ten Conference,big10,Illinois
2022,275,Wisconsin Badgers,Wisconsin,Big Ten Conference,big10,Wisconsin
2022,2509,Purdue Boilermakers,Purdue,Big Ten Conference,big10,Purdue
2022,2294,Iowa Hawkeyes,Iowa,Big Ten Conference,big10,Iowa
2022,164,Rutgers Scarlet Knights,Rutgers,Big Ten Conference,big10,Rutgers
2022,194,Ohio State Buckeyes,Ohio State,Big Ten Conference,big10,Ohio St.
2022,127,Michigan State Spartans,Michigan State,Big Ten Conference,big10,Michigan St.
2022,130,Michigan Wolverines,Michigan,Big Ten Conference,big10,Michigan
2022,84,Indiana Hoosiers,Indiana,Big Ten Conference,big10,Indiana
2022,120,Maryland Terrapins,Maryland,Big Ten Conference,big10,Maryland
2022,213,Penn State Nittany Lions,Penn State,Big Ten Conference,big10,Penn St.
2022,77,Northwestern Wildcats,Northwestern,Big Ten Conference,big10,Northwestern
2022,158,Nebraska Cornhuskers,Nebraska,Big Ten Conference,big10,Nebraska
2022,135,Minnesota Golden Gophers,Minnesota,Big Ten Conference,big10,Minnesota
2022,299,Long Beach State Beach,Long Beach State,Big West Conference,bigw,Long Beach St.
2022,2239,Cal State Fullerton Titans,Cal State Fullerton,Big West Conference,bigw,Cal St. Fullerton
2022,62,Hawai'i Rainbow Warriors,Hawai'i,Big West Conference,bigw,Hawaii
2022,300,UC Irvine Anteaters,UC Irvine,Big West Conference,bigw,UC Irvine
2022,2540,UC Santa Barbara Gauchos,UC Santa Barbara,Big West Conference,bigw,UC Santa Barbara
2022,27,UC Riverside Highlanders,UC Riverside,Big West Conference,bigw,UC Riverside
2022,302,UC Davis Aggies,UC Davis,Big West Conference,bigw,UC Davis
2022,2463,Cal State Northridge Matadors,Cal State Northridge,Big West Conference,bigw,Cal St. Northridge
2022,2934,Cal State Bakersfield Roadrunners,Cal State Bakersfield,Big West Conference,bigw,Cal St. Bakersfield
2022,13,Cal Poly Mustangs,Cal Poly,Big West Conference,bigw,Cal Poly
2022,28,UC San Diego Tritons,UC San Diego,Big West Conference,bigw,UC San Diego
2022,350,UNC Wilmington Seahawks,UNC Wilmington,Coastal Athletic Association,col,UNC Wilmington
2022,119,Towson Tigers,Towson,Coastal Athletic Association,col,Towson
2022,2275,Hofstra Pride,Hofstra,Coastal Athletic Association,col,Hofstra
2022,48,Delaware Blue Hens,Delaware,Coastal Athletic Association,col,Delaware
2022,2182,Drexel Dragons,Drexel,Coastal Athletic Association,col,Drexel
2022,232,Charleston Cougars,Charleston,Coastal Athletic Association,col,Charleston
2022,2210,Elon Phoenix,Elon,Coastal Athletic Association,col,Elon
2022,256,James Madison Dukes,James Madison,Coastal Athletic Association,col,James Madison
2022,2729,William & Mary Tribe,William & Mary,Coastal Athletic Association,col,William & Mary
2022,111,Northeastern Huskies,Northeastern,Coastal Athletic Association,col,Northeastern
2022,2393,Middle Tennessee Blue Raiders,Middle Tennessee,Conference USA,usae,Middle Tennessee
2022,98,Western Kentucky Hilltoppers,Western Kentucky,Conference USA,usae,Western Kentucky
2022,2226,Florida Atlantic Owls,Florida Atlantic,Conference USA,usae,Florida Atlantic
2022,2429,Charlotte 49ers,Charlotte,Conference USA,usae,Charlotte
2022,295,Old Dominion Monarchs,Old Dominion,Conference USA,usae,Old Dominion
2022,2229,Florida International Panthers,Florida International,Conference USA,usae,FIU
2022,276,Marshall Thundering Herd,Marshall,Conference USA,usae,Marshall
2022,249,North Texas Mean Green,North Texas,Conference USA,usaw,North Texas
2022,5,UAB Blazers,UAB,Conference USA,usaw,UAB
2022,2348,Louisiana Tech Bulldogs,Louisiana Tech,Conference USA,usaw,Louisiana Tech
2022,2638,UTEP Miners,UTEP,Conference USA,usaw,UTEP
2022,242,Rice Owls,Rice,Conference USA,usaw,Rice
2022,2636,UTSA Roadrunners,UTSA,Conference USA,usaw,UTSA
2022,2572,Southern Miss Golden Eagles,Southern Miss,Conference USA,usaw,Southern Miss
2022,325,Cleveland State Vikings,Cleveland State,Horizon League,hor,Cleveland St.
2022,2870,Purdue Fort Wayne Mastodons,Purdue Fort Wayne,Horizon League,hor,Purdue Fort Wayne
2022,94,Northern Kentucky Norse,Northern Kentucky,Horizon League,hor,Northern Kentucky
2022,2750,Wright State Raiders,Wright State,Horizon League,hor,Wright St.
2022,2473,Oakland Golden Grizzlies,Oakland,Horizon League,hor,Oakland
2022,2174,Detroit Mercy Titans,Detroit Mercy,Horizon League,hor,Detroit Mercy
2022,2754,Youngstown State Penguins,Youngstown State,Horizon League,hor,Youngstown St.
2022,82,UIC Flames,UIC,Horizon League,hor,Illinois Chicago
2022,270,Milwaukee Panthers,Milwaukee,Horizon League,hor,Milwaukee
2022,2523,Robert Morris Colonials,Robert Morris,Horizon League,hor,Robert Morris
2022,2739,Green Bay Phoenix,Green Bay,Horizon League,hor,Green Bay
2022,85,IU Indianapolis Jaguars,IU Indianapolis,Horizon League,hor,IU Indy
2022,163,Princeton Tigers,Princeton,Ivy League,ivy,Princeton
2022,43,Yale Bulldogs,Yale,Ivy League,ivy,Yale
2022,219,Pennsylvania Quakers,Pennsylvania,Ivy League,ivy,Penn
2022,172,Cornell Big Red,Cornell,Ivy League,ivy,Cornell
2022,159,Dartmouth Big Green,Dartmouth,Ivy League,ivy,Dartmouth
2022,108,Harvard Crimson,Harvard,Ivy League,ivy,Harvard
2022,225,Brown Bears,Brown,Ivy League,ivy,Brown
2022,171,Columbia Lions,Columbia,Ivy League,ivy,Columbia
2022,314,Iona Gaels,Iona,Metro Atlantic Athletic Conference,maac,Iona
2022,2612,Saint Peter's Peacocks,Saint Peter's,Metro Atlantic Athletic Conference,maac,Saint Peter's
2022,2561,Siena Saints,Siena,Metro Atlantic Athletic Conference,maac,Siena
2022,2405,Monmouth Hawks,Monmouth,Metro Atlantic Athletic Conference,maac,Monmouth
2022,2368,Marist Red Foxes,Marist,Metro Atlantic Athletic Conference,maac,Marist
2022,315,Niagara Purple Eagles,Niagara,Metro Atlantic Athletic Conference,maac,Niagara
2022,2217,Fairfield Stags,Fairfield,Metro Atlantic Athletic Conference,maac,Fairfield
2022,2363,Manhattan Jaspers,Manhattan,Metro Atlantic Athletic Conference,maac,Manhattan
2022,2520,Rider Broncs,Rider,Metro Atlantic Athletic Conference,maac,Rider
2022,2099,Canisius Golden Griffins,Canisius,Metro Atlantic Athletic Conference,maac,Canisius
2022,2514,Quinnipiac Bobcats,Quinnipiac,Metro Atlantic Athletic Conference,maac,Quinnipiac
2022,2649,Toledo Rockets,Toledo,Mid-American Conference,midam,Toledo
2022,2309,Kent State Golden Flashes,Kent State,Mid-American Conference,midam,Kent St.
2022,195,Ohio Bobcats,Ohio,Mid-American Conference,midam,Ohio
2022,2006,Akron Zips,Akron,Mid-American Conference,midam,Akron
2022,2084,Buffalo Bulls,Buffalo,Mid-American Conference,midam,Buffalo
2022,2050,Ball State Cardinals,Ball State,Mid-American Conference,midam,Ball St.
2022,193,Miami (OH) RedHawks,Miami (OH),Mid-American Conference,midam,Miami OH
2022,2117,Central Michigan Chippewas,Central Michigan,Mid-American Conference,midam,Central Michigan
2022,189,Bowling Green Falcons,Bowling Green,Mid-American Conference,midam,Bowling Green
2022,2459,Northern Illinois Huskies,Northern Illinois,Mid-American Conference,midam,Northern Illinois
2022,2199,Eastern Michigan Eagles,Eastern Michigan,Mid-American Conference,midam,Eastern Michigan
2022,2711,Western Michigan Broncos,Western Michigan,Mid-American Conference,midam,Western Michigan
2022,2450,Norfolk State Spartans,Norfolk State,Mid-Eastern Athletic Conference,meac,Norfolk St.
2022,47,Howard Bison,Howard,Mid-Eastern Athletic Conference,meac,Howard
2022,2428,North Carolina Central Eagles,North Carolina Central,Mid-Eastern Athletic Conference,meac,North Carolina Central
2022,2415,Morgan State Bears,Morgan State,Mid-Eastern Athletic Conference,meac,Morgan St.
2022,2569,South Carolina State Bulldogs,South Carolina State,Mid-Eastern Athletic Conference,meac,South Carolina St.
2022,2379,Maryland Eastern Shore Hawks,Maryland Eastern Shore,Mid-Eastern Athletic Conference,meac,Maryland Eastern Shore
2022,2154,Coppin State Eagles,Coppin State,Mid-Eastern Athletic Conference,meac,Coppin St.
2022,2169,Delaware State Hornets,Delaware State,Mid-Eastern Athletic Conference,meac,Delaware St.
2022,2460,Northern Iowa Panthers,Northern Iowa,Missouri Valley Conference,mvc,Northern Iowa
2022,2350,Loyola Chicago Ramblers,Loyola Chicago,Missouri Valley Conference,mvc,Loyola Chicago
2022,2181,Drake Bulldogs,Drake,Missouri Valley Conference,mvc,Drake
2022,2623,Missouri State Bears,Missouri State,Missouri Valley Conference,mvc,Missouri St.
2022,71,Bradley Braves,Bradley,Missouri Valley Conference,mvc,Bradley
2022,79,Southern Illinois Salukis,Southern Illinois,Missouri Valley Conference,mvc,Southern Illinois
2022,2674,Valparaiso Beacons,Valparaiso,Missouri Valley Conference,mvc,Valparaiso
2022,2287,Illinois State Redbirds,Illinois State,Missouri Valley Conference,mvc,Illinois St.
2022,282,Indiana State Sycamores,Indiana State,Missouri Valley Conference,mvc,Indiana St.
2022,339,Evansville Purple Aces,Evansville,Missouri Valley Conference,mvc,Evansville
2022,68,Boise State Broncos,Boise State,Mountain West Conference,mwest,Boise St.
2022,36,Colorado State Rams,Colorado State,Mountain West Conference,mwest,Colorado St.
2022,21,San Diego State Aztecs,San Diego State,Mountain West Conference,mwest,San Diego St.
2022,2751,Wyoming Cowboys,Wyoming,Mountain West Conference,mwest,Wyoming
2022,2439,UNLV Rebels,UNLV,Mountain West Conference,mwest,UNLV
2022,278,Fresno State Bulldogs,Fresno State,Mountain West Conference,mwest,Fresno St.
2022,328,Utah State Aggies,Utah State,Mountain West Conference,mwest,Utah St.
2022,2440,Nevada Wolf Pack,Nevada,Mountain West Conference,mwest,Nevada
2022,167,New Mexico Lobos,New Mexico,Mountain West Conference,mwest,New Mexico
2022,2005,Air Force Falcons,Air Force,Mountain West Conference,mwest,Air Force
2022,23,San José State Spartans,San José State,Mountain West Conference,mwest,San Jose St.
2022,2803,Bryant Bulldogs,Bryant,Northeast Conference,neast,Bryant
2022,2681,Wagner Seahawks,Wagner,Northeast Conference,neast,Wagner
2022,112358,Long Island University Sharks,Long Island University,Northeast Conference,neast,LIU
2022,2771,Merrimack Warriors,Merrimack,Northeast Conference,neast,Merrimack
2022,116,Mount St. Mary's Mountaineers,Mount St. Mary's,Northeast Conference,neast,Mount St. Mary's
2022,2597,St. Francis Brooklyn Terriers,St. Francis Brooklyn,Northeast Conference,neast,St. Francis NY
2022,2529,Sacred Heart Pioneers,Sacred Heart,Northeast Conference,neast,Sacred Heart
2022,2598,St. Francis (PA) Red Flash,St. Francis (PA),Northeast Conference,neast,Saint Francis
2022,2115,Central Connecticut Blue Devils,Central Connecticut,Northeast Conference,neast,Central Connecticut
2022,161,Fairleigh Dickinson Knights,Fairleigh Dickinson,Northeast Conference,neast,Fairleigh Dickinson
2022,93,Murray State Racers,Murray State,Ohio Valley Conference,ovc,Murray St.
2022,2057,Belmont Bruins,Belmont,Ohio Valley Conference,ovc,Belmont
2022,2413,Morehead State Eagles,Morehead State,Ohio Valley Conference,ovc,Morehead St.
2022,2546,Southeast Missouri State Redhawks,Southeast Missouri State,Ohio Valley Conference,ovc,Southeast Missouri St.
2022,2634,Tennessee State Tigers,Tennessee State,Ohio Valley Conference,ovc,Tennessee St.
2022,2046,Austin Peay Governors,Austin Peay,Ohio Valley Conference,ovc,Austin Peay
2022,2635,Tennessee Tech Golden Eagles,Tennessee Tech,Ohio Valley Conference,ovc,Tennessee Tech
2022,2565,SIU Edwardsville Cougars,SIU Edwardsville,Ohio Valley Conference,ovc,SIU Edwardsville
2022,2630,UT Martin Skyhawks,UT Martin,Ohio Valley Conference,ovc,Tennessee Martin
2022,2197,Eastern Illinois Panthers,Eastern Illinois,Ohio Valley Conference,ovc,Eastern Illinois
2022,12,Arizona Wildcats,Arizona,Pac-12 Conference,pac12,Arizona
2022,26,UCLA Bruins,UCLA,Pac-12 Conference,pac12,UCLA
2022,30,USC Trojans,USC,Pac-12 Conference,pac12,USC
2022,38,Colorado Buffaloes,Colorado,Pac-12 Conference,pac12,Colorado
2022,265,Washington State Cougars,Washington State,Pac-12 Conference,pac12,Washington St.
2022,2483,Oregon Ducks,Oregon,Pac-12 Conference,pac12,Oregon
2022,264,Washington Huskies,Washington,Pac-12 Conference,pac12,Washington
2022,9,Arizona State Sun Devils,Arizona State,Pac-12 Conference,pac12,Arizona St.
2022,24,Stanford Cardinal,Stanford,Pac-12 Conference,pac12,Stanford
2022,25,California Golden Bears,California,Pac-12 Conference,pac12,California
2022,254,Utah Utes,Utah,Pac-12 Conference,pac12,Utah
2022,204,Oregon State Beavers,Oregon State,Pac-12 Conference,pac12,Oregon St.
2022,2142,Colgate Raiders,Colgate,Patriot League,pat,Colgate
2022,2426,Navy Midshipmen,Navy,Patriot League,pat,Navy
2022,104,Boston University Terriers,Boston University,Patriot League,pat,Boston University
2022,2329,Lehigh Mountain Hawks,Lehigh,Patriot League,pat,Lehigh
2022,349,Army Black Knights,Army,Patriot League,pat,Army
2022,2352,Loyola Maryland Greyhounds,Loyola Maryland,Patriot League,pat,Loyola MD
2022,322,Lafayette Leopards,Lafayette,Patriot League,pat,Lafayette
2022,107,Holy Cross Crusaders,Holy Cross,Patriot League,pat,Holy Cross
2022,44,American University Eagles,American University,Patriot League,pat,American
2022,2083,Bucknell Bison,Bucknell,Patriot League,pat,Bucknell
2022,2,Auburn Tigers,Auburn,Southeastern Conference,sec,Auburn
2022,2633,Tennessee Volunteers,Tennessee,Southeastern Conference,sec,Tennessee
2022,96,Kentucky Wildcats,Kentucky,Southeastern Conference,sec,Kentucky
2022,8,Arkansas Razorbacks,Arkansas,Southeastern Conference,sec,Arkansas
2022,2579,South Carolina Gamecocks,South Carolina,Southeastern Conference,sec,South Carolina
2022,99,LSU Tigers,LSU,Southeastern Conference,sec,LSU
2022,245,Texas A&M Aggies,Texas A&M,Southeastern Conference,sec,Texas A&M
2022,333,Alabama Crimson Tide,Alabama,Southeastern Conference,sec,Alabama
2022,57,Florida Gators,Florida,Southeastern Conference,sec,Florida
2022,344,Mississippi State Bulldogs,Mississippi State,Southeastern Conference,sec,Mississippi St.
2022,238,Vanderbilt Commodores,Vanderbilt,Southeastern Conference,sec,Vanderbilt
2022,142,Missouri Tigers,Missouri,Southeastern Conference,sec,Missouri
2022,145,Ole Miss Rebels,Ole Miss,Southeastern Conference,sec,Mississippi
2022,61,Georgia Bulldogs,Georgia,Southeastern Conference,sec,Georgia
2022,236,Chattanooga Mocs,Chattanooga,Southern Conference,south,Chattanooga
2022,231,Furman Paladins,Furman,Southern Conference,south,Furman
2022,2535,Samford Bulldogs,Samford,Southern Conference,south,Samford
2022,2747,Wofford Terriers,Wofford,Southern Conference,south,Wofford
2022,2430,UNC Greensboro Spartans,UNC Greensboro,Southern Conference,south,UNC Greensboro
2022,2678,VMI Keydets,VMI,Southern Conference,south,VMI
2022,2382,Mercer Bears,Mercer,Southern Conference,south,Mercer
2022,2193,East Tennessee State Buccaneers,East Tennessee State,Southern Conference,south,East Tennessee St.
2022,2643,The Citadel Bulldogs,The Citadel,Southern Conference,south,The Citadel
2022,2717,Western Carolina Catamounts,Western Carolina,Southern Conference,south,Western Carolina
2022,2447,Nicholls Colonels,Nicholls,Southland Conference,land,Nicholls St.
2022,2443,New Orleans Privateers,New Orleans,Southland Conference,land,New Orleans
2022,2545,SE Louisiana Lions,SE Louisiana,Southland Conference,land,Southeastern Louisiana
2022,357,Texas A&M-Corpus Christi Islanders,Texas A&M-Corpus Christi,Southland Conference,land,Texas A&M Corpus Chris
2022,2277,Houston Christian Huskies,Houston Christian,Southland Conference,land,Houston Christian
2022,2466,Northwestern State Demons,Northwestern State,Southland Conference,land,Northwestern St.
2022,2377,McNeese Cowboys,McNeese,Southland Conference,land,McNeese St.
2022,2916,Incarnate Word Cardinals,Incarnate Word,Southland Conference,land,Incarnate Word
2022,2016,Alcorn State Braves,Alcorn State,Southwestern Athletic Conference,swac,Alcorn St.
2022,2640,Texas Southern Tigers,Texas Southern,Southwestern Athletic Conference,swac,Texas Southern
2022,2582,Southern Jaguars,Southern,Southwestern Athletic Conference,swac,Southern
2022,50,Florida A&M Rattlers,Florida A&M,Southwestern Athletic Conference,swac,Florida A&M
2022,2010,Alabama A&M Bulldogs,Alabama A&M,Southwestern Athletic Conference,swac,Alabama A&M
2022,2755,Grambling Tigers,Grambling,Southwestern Athletic Conference,swac,Grambling St.
2022,2296,Jackson State Tigers,Jackson State,Southwestern Athletic Conference,swac,Jackson St.
2022,2504,Prairie View A&M Panthers,Prairie View A&M,Southwestern Athletic Conference,swac,Prairie View A&M
2022,2011,Alabama State Hornets,Alabama State,Southwestern Athletic Conference,swac,Alabama St.
2022,2065,Bethune-Cookman Wildcats,Bethune-Cookman,Southwestern Athletic Conference,swac,Bethune Cookman
2022,2029,Arkansas-Pine Bluff Golden Lions,Arkansas-Pine Bluff,Southwestern Athletic Conference,swac,Arkansas Pine Bluff
2022,2400,Mississippi Valley State Delta Devils,Mississippi Valley State,Southwestern Athletic Conference,swac,Mississippi Valley St.
2022,2571,South Dakota State Jackrabbits,South Dakota State,Summit League,summ,South Dakota St.
2022,2449,North Dakota State Bison,North Dakota State,Summit League,summ,North Dakota St.
2022,198,Oral Roberts Golden Eagles,Oral Roberts,Summit League,summ,Oral Roberts
2022,140,Kansas City Roos,Kansas City,Summit League,summ,UMKC
2022,233,South Dakota Coyotes,South Dakota,Summit League,summ,South Dakota
2022,2710,Western Illinois Leathernecks,Western Illinois,Summit League,summ,Western Illinois
2022,2172,Denver Pioneers,Denver,Summit League,summ,Denver
2022,2900,St. Thomas-Minnesota Tommies,St. Thomas-Minnesota,Summit League,summ,St. Thomas
2022,2437,Omaha Mavericks,Omaha,Summit League,summ,Nebraska Omaha
2022,155,North Dakota Fighting Hawks,North Dakota,Summit League,summ,North Dakota
2022,326,Texas State Bobcats,Texas State,Sun Belt Conference,belt,Texas St.
2022,2026,App State Mountaineers,App State,Sun Belt Conference,belt,Appalachian St.
2022,2247,Georgia State Panthers,Georgia State,Sun Belt Conference,belt,Georgia St.
2022,2653,Troy Trojans,Troy,Sun Belt Conference,belt,Troy
2022,6,South Alabama Jaguars,South Alabama,Sun Belt Conference,belt,South Alabama
2022,2032,Arkansas State Red Wolves,Arkansas State,Sun Belt Conference,belt,Arkansas St.
2022,324,Coastal Carolina Chanticleers,Coastal Carolina,Sun Belt Conference,belt,Coastal Carolina
2022,309,Louisiana Ragin' Cajuns,Louisiana,Sun Belt Conference,belt,Louisiana
2022,250,UT Arlington Mavericks,UT Arlington,Sun Belt Conference,belt,UT Arlington
2022,290,Georgia Southern Eagles,Georgia Southern,Sun Belt Conference,belt,Georgia Southern
2022,2433,UL Monroe Warhawks,UL Monroe,Sun Belt Conference,belt,Louisiana Monroe
2022,2031,Little Rock Trojans,Little Rock,Sun Belt Conference,belt,Little Rock
2022,2250,Gonzaga Bulldogs,Gonzaga,West Coast Conference,wcc,Gonzaga
2022,2608,Saint Mary's Gaels,Saint Mary's,West Coast Conference,wcc,Saint Mary's
2022,2541,Santa Clara Broncos,Santa Clara,West Coast Conference,wcc,Santa Clara
2022,2539,San Francisco Dons,San Francisco,West Coast Conference,wcc,San Francisco
2022,252,BYU Cougars,BYU,West Coast Conference,wcc,BYU
2022,2501,Portland Pilots,Portland,West Coast Conference,wcc,Portland
2022,301,San Diego Toreros,San Diego,West Coast Conference,wcc,San Diego
2022,279,Pacific Tigers,Pacific,West Coast Conference,wcc,Pacific
2022,2351,Loyola Marymount Lions,Loyola Marymount,West Coast Conference,wcc,Loyola Marymount
2022,2492,Pepperdine Waves,Pepperdine,West Coast Conference,wcc,Pepperdine
2022,166,New Mexico State Aggies,New Mexico State,Western Athletic Conference,wac,New Mexico St.
2022,2547,Seattle U Redhawks,Seattle U,Western Athletic Conference,wac,Seattle
2022,2617,Stephen F. Austin Lumberjacks,Stephen F. Austin,Western Athletic Conference,wac,Stephen F. Austin
2022,2253,Grand Canyon Lopes,Grand Canyon,Western Athletic Conference,wac,Grand Canyon
2022,2534,Sam Houston Bearkats,Sam Houston,Western Athletic Conference,wac,Sam Houston St.
2022,2000,Abilene Christian Wildcats,Abilene Christian,Western Athletic Conference,wac,Abilene Christian
2022,3084,Utah Valley Wolverines,Utah Valley,Western Athletic Conference,wac,Utah Valley
2022,2627,Tarleton State Texans,Tarleton State,Western Athletic Conference,wac,Tarleton St.
2022,2856,California Baptist Lancers,California Baptist,Western Athletic Conference,wac,Cal Baptist
2022,3101,Utah Tech Trailblazers,Utah Tech,Western Athletic Conference,wac,Utah Tech
2022,292,UT Rio Grande Valley Vaqueros,UT Rio Grande Valley,Western Athletic Conference,wac,UT Rio Grande Valley
2022,2130,Chicago State Cougars,Chicago State,Western Athletic Conference,wac,Chicago St.
2022,2320,Lamar Cardinals,Lamar,Western Athletic Conference,wac,Lamar
2023,338,Kennesaw State Owls,Kennesaw State,ASUN Conference,a-sun,Kennesaw St.
2023,2335,Liberty Flames,Liberty,ASUN Conference,a-sun,Liberty
2023,2198,Eastern Kentucky Colonels,Eastern Kentucky,ASUN Conference,a-sun,Eastern Kentucky
2023,56,Stetson Hatters,Stetson,ASUN Conference,a-sun,Stetson
2023,288,Lipscomb Bisons,Lipscomb,ASUN Conference,a-sun,Lipscomb
2023,2453,North Alabama Lions,North Alabama,ASUN Conference,a-sun,North Alabama
2023,91,Bellarmine Knights,Bellarmine,ASUN Conference,a-sun,Bellarmine
2023,2454,North Florida Ospreys,North Florida,ASUN Conference,a-sun,North Florida
2023,2511,Queens University Royals,Queens University,ASUN Conference,a-sun,Queens
2023,526,Florida Gulf Coast Eagles,Florida Gulf Coast,ASUN Conference,a-sun,Florida Gulf Coast
2023,294,Jacksonville Dolphins,Jacksonville,ASUN Conference,a-sun,Jacksonville
2023,55,Jacksonville State Gamecocks,Jacksonville State,ASUN Conference,a-sun,Jacksonville St.
2023,2110,Central Arkansas Bears,Central Arkansas,ASUN Conference,a-sun,Central Arkansas
2023,2046,Austin Peay Governors,Austin Peay,ASUN Conference,a-sun,Austin Peay
2023,261,Vermont Catamounts,Vermont,America East Conference,aeast,Vermont
2023,2349,UMass Lowell River Hawks,UMass Lowell,America East Conference,aeast,UMass Lowell
2023,160,New Hampshire Wildcats,New Hampshire,America East Conference,aeast,New Hampshire
2023,2378,UMBC Retrievers,UMBC,America East Conference,aeast,UMBC
2023,2803,Bryant Bulldogs,Bryant,America East Conference,aeast,Bryant
2023,2066,Binghamton Bearcats,Binghamton,America East Conference,aeast,Binghamton
2023,311,Maine Black Bears,Maine,America East Conference,aeast,Maine
2023,2885,NJIT Highlanders,NJIT,America East Conference,aeast,NJIT
2023,399,UAlbany Great Danes,UAlbany,America East Conference,aeast,Albany
2023,248,Houston Cougars,Houston,American Athletic Conference,aac,Houston
2023,235,Memphis Tigers,Memphis,American Athletic Conference,aac,Memphis
2023,2655,Tulane Green Wave,Tulane,American Athletic Conference,aac,Tulane
2023,2132,Cincinnati Bearcats,Cincinnati,American Athletic Conference,aac,Cincinnati
2023,218,Temple Owls,Temple,American Athletic Conference,aac,Temple
2023,2724,Wichita State Shockers,Wichita State,American Athletic Conference,aac,Wichita St.
2023,2116,UCF Knights,UCF,American Athletic Conference,aac,UCF
2023,58,South Florida Bulls,South Florida,American Athletic Conference,aac,South Florida
2023,151,East Carolina Pirates,East Carolina,American Athletic Conference,aac,East Carolina
2023,2567,SMU Mustangs,SMU,American Athletic Conference,aac,SMU
2023,202,Tulsa Golden Hurricane,Tulsa,American Athletic Conference,aac,Tulsa
2023,2670,VCU Rams,VCU,Atlantic 10 Conference,atl10,VCU
2023,2168,Dayton Flyers,Dayton,Atlantic 10 Conference,atl10,Dayton
2023,2230,Fordham Rams,Fordham,Atlantic 10 Conference,atl10,Fordham
2023,139,Saint Louis Billikens,Saint Louis,Atlantic 10 Conference,atl10,Saint Louis
2023,2244,George Mason Patriots,George Mason,Atlantic 10 Conference,atl10,George Mason
2023,2184,Duquesne Dukes,Duquesne,Atlantic 10 Conference,atl10,Duquesne
2023,45,George Washington Revolutionaries,George Washington,Atlantic 10 Conference,atl10,George Washington
2023,2166,Davidson Wildcats,Davidson,Atlantic 10 Conference,atl10,Davidson
2023,179,St. Bonaventure Bonnies,St. Bonaventure,Atlantic 10 Conference,atl10,St. Bonaventure
2023,2603,Saint Joseph's Hawks,Saint Joseph's,Atlantic 10 Conference,atl10,Saint Joseph's
2023,2325,La Salle Explorers,La Salle,Atlantic 10 Conference,atl10,La Salle
2023,257,Richmond Spiders,Richmond,Atlantic 10 Conference,atl10,Richmond
2023,113,Massachusetts Minutemen,Massachusetts,Atlantic 10 Conference,atl10,Massachusetts
2023,227,Rhode Island Rams,Rhode Island,Atlantic 10 Conference,atl10,Rhode Island
2023,2350,Loyola Chicago Ramblers,Loyola Chicago,Atlantic 10 Conference,atl10,Loyola Chicago
2023,2390,Miami Hurricanes,Miami,Atlantic Coast Conference,acc,Miami FL
2023,258,Virginia Cavaliers,Virginia,Atlantic Coast Conference,acc,Virginia
2023,228,Clemson Tigers,Clemson,Atlantic Coast Conference,acc,Clemson
2023,150,Duke Blue Devils,Duke,Atlantic Coast Conference,acc,Duke
2023,221,Pittsburgh Panthers,Pittsburgh,Atlantic Coast Conference,acc,Pittsburgh
2023,152,NC State Wolfpack,NC State,Atlantic Coast Conference,acc,N.C. State
2023,153,North Carolina Tar Heels,North Carolina,Atlantic Coast Conference,acc,North Carolina
2023,154,Wake Forest Demon Deacons,Wake Forest,Atlantic Coast Conference,acc,Wake Forest
2023,183,Syracuse Orange,Syracuse,Atlantic Coast Conference,acc,Syracuse
2023,103,Boston College Eagles,Boston College,Atlantic Coast Conference,acc,Boston College
2023,259,Virginia Tech Hokies,Virginia Tech,Atlantic Coast Conference,acc,Virginia Tech
2023,52,Florida State Seminoles,Florida State,Atlantic Coast Conference,acc,Florida St.
2023,59,Georgia Tech Yellow Jackets,Georgia Tech,Atlantic Coast Conference,acc,Georgia Tech
2023,87,Notre Dame Fighting Irish,Notre Dame,Atlantic Coast Conference,acc,Notre Dame
2023,97,Louisville Cardinals,Louisville,Atlantic Coast Conference,acc,Louisville
2023,2305,Kansas Jayhawks,Kansas,Big 12 Conference,big12,Kansas
2023,251,Texas Longhorns,Texas,Big 12 Conference,big12,Texas
2023,2306,Kansas State Wildcats,Kansas State,Big 12 Conference,big12,Kansas St.
2023,239,Baylor Bears,Baylor,Big 12 Conference,big12,Baylor
2023,66,Iowa State Cyclones,Iowa State,Big 12 Conference,big12,Iowa St.
2023,2628,TCU Horned Frogs,TCU,Big 12 Conference,big12,TCU
2023,197,Oklahoma State Cowboys,Oklahoma State,Big 12 Conference,big12,Oklahoma St.
2023,277,West Virginia Mountaineers,West Virginia,Big 12 Conference,big12,West Virginia
2023,2641,Texas Tech Red Raiders,Texas Tech,Big 12 Conference,big12,Texas Tech
2023,201,Oklahoma Sooners,Oklahoma,Big 12 Conference,big12,Oklahoma
2023,269,Marquette Golden Eagles,Marquette,Big East Conference,bige,Marquette
2023,2752,Xavier Musketeers,Xavier,Big East Conference,bige,Xavier
2023,156,Creighton Bluejays,Creighton,Big East Conference,bige,Creighton
2023,41,UConn Huskies,UConn,Big East Conference,bige,Connecticut
2023,2507,Providence Friars,Providence,Big East Conference,bige,Providence
2023,222,Villanova Wildcats,Villanova,Big East Conference,bige,Villanova
2023,2550,Seton Hall Pirates,Seton Hall,Big East Conference,bige,Seton Hall
2023,2599,St. John's Red Storm,St. John's,Big East Conference,bige,St. John's
2023,2086,Butler Bulldogs,Butler,Big East Conference,bige,Butler
2023,305,DePaul Blue Demons,DePaul,Big East Conference,bige,DePaul
2023,46,Georgetown Hoyas,Georgetown,Big East Conference,bige,Georgetown
2023,331,Eastern Washington Eagles,Eastern Washington,Big Sky Conference,bsky,Eastern Washington
2023,147,Montana State Bobcats,Montana State,Big Sky Conference,bsky,Montana St.
2023,2692,Weber State Wildcats,Weber State,Big Sky Conference,bsky,Weber St.
2023,149,Montana Grizzlies,Montana,Big Sky Conference,bsky,Montana
2023,304,Idaho State Bengals,Idaho State,Big Sky Conference,bsky,Idaho St.
2023,16,Sacramento State Hornets,Sacramento State,Big Sky Conference,bsky,Sacramento St.
2023,2502,Portland State Vikings,Portland State,Big Sky Conference,bsky,Portland St.
2023,2458,Northern Colorado Bears,Northern Colorado,Big Sky Conference,bsky,Northern Colorado
2023,2464,Northern Arizona Lumberjacks,Northern Arizona,Big Sky Conference,bsky,Northern Arizona
2023,70,Idaho Vandals,Idaho,Big Sky Conference,bsky,Idaho
2023,2427,UNC Asheville Bulldogs,UNC Asheville,Big South Conference,bsou,UNC Asheville
2023,2344,Longwood Lancers,Longwood,Big South Conference,bsou,Longwood
2023,2515,Radford Highlanders,Radford,Big South Conference,bsou,Radford
2023,2908,South Carolina Upstate Spartans,South Carolina Upstate,Big South Conference,bsou,USC Upstate
2023,2241,Gardner-Webb Runnin' Bulldogs,Gardner-Webb,Big South Conference,bsou,Gardner Webb
2023,2737,Winthrop Eagles,Winthrop,Big South Conference,bsou,Winthrop
2023,2097,Campbell Fighting Camels,Campbell,Big South Conference,bsou,Campbell
2023,2272,High Point Panthers,High Point,Big South Conference,bsou,High Point
2023,2127,Charleston Southern Buccaneers,Charleston Southern,Big South Conference,bsou,Charleston Southern
2023,2506,Presbyterian Blue Hose,Presbyterian,Big South Conference,bsou,Presbyterian
2023,2509,Purdue Boilermakers,Purdue,Big Ten Conference,big10,Purdue
2023,77,Northwestern Wildcats,Northwestern,Big Ten Conference,big10,Northwestern
2023,84,Indiana Hoosiers,Indiana,Big Ten Conference,big10,Indiana
2023,127,Michigan State Spartans,Michigan State,Big Ten Conference,big10,Michigan St.
2023,2294,Iowa Hawkeyes,Iowa,Big Ten Conference,big10,Iowa
2023,120,Maryland Terrapins,Maryland,Big Ten Conference,big10,Maryland
2023,356,Illinois Fighting Illini,Illinois,Big Ten Conference,big10,Illinois
2023,130,Michigan Wolverines,Michigan,Big Ten Conference,big10,Michigan
2023,164,Rutgers Scarlet Knights,Rutgers,Big Ten Conference,big10,Rutgers
2023,213,Penn State Nittany Lions,Penn State,Big Ten Conference,big10,Penn St.
2023,158,Nebraska Cornhuskers,Nebraska,Big Ten Conference,big10,Nebraska
2023,275,Wisconsin Badgers,Wisconsin,Big Ten Conference,big10,Wisconsin
2023,194,Ohio State Buckeyes,Ohio State,Big Ten Conference,big10,Ohio St.
2023,135,Minnesota Golden Gophers,Minnesota,Big Ten Conference,big10,Minnesota
2023,2540,UC Santa Barbara Gauchos,UC Santa Barbara,Big West Conference,bigw,UC Santa Barbara
2023,300,UC Irvine Anteaters,UC Irvine,Big West Conference,bigw,UC Irvine
2023,27,UC Riverside Highlanders,UC Riverside,Big West Conference,bigw,UC Riverside
2023,2239,Cal State Fullerton Titans,Cal State Fullerton,Big West Conference,bigw,Cal St. Fullerton
2023,62,Hawai'i Rainbow Warriors,Hawai'i,Big West Conference,bigw,Hawaii
2023,302,UC Davis Aggies,UC Davis,Big West Conference,bigw,UC Davis
2023,299,Long Beach State Beach,Long Beach State,Big West Conference,bigw,Long Beach St.
2023,2934,Cal State Bakersfield Roadrunners,Cal State Bakersfield,Big West Conference,bigw,Cal St. Bakersfield
2023,28,UC San Diego Tritons,UC San Diego,Big West Conference,bigw,UC San Diego
2023,2463,Cal State Northridge Matadors,Cal State Northridge,Big West Conference,bigw,Cal St. Northridge
2023,13,Cal Poly Mustangs,Cal Poly,Big West Conference,bigw,Cal Poly
2023,2275,Hofstra Pride,Hofstra,Coastal Athletic Association,col,Hofstra
2023,232,Charleston Cougars,Charleston,Coastal Athletic Association,col,Charleston
2023,119,Towson Tigers,Towson,Coastal Athletic Association,col,Towson
2023,350,UNC Wilmington Seahawks,UNC Wilmington,Coastal Athletic Association,col,UNC Wilmington
2023,2182,Drexel Dragons,Drexel,Coastal Athletic Association,col,Drexel
2023,48,Delaware Blue Hens,Delaware,Coastal Athletic Association,col,Delaware
2023,2448,North Carolina A&T Aggies,North Carolina A&T,Coastal Athletic Association,col,North Carolina A&T
2023,2729,William & Mary Tribe,William & Mary,Coastal Athletic Association,col,William & Mary
2023,2210,Elon Phoenix,Elon,Coastal Athletic Association,col,Elon
2023,2619,Stony Brook Seawolves,Stony Brook,Coastal Athletic Association,col,Stony Brook
2023,111,Northeastern Huskies,Northeastern,Coastal Athletic Association,col,Northeastern
2023,2261,Hampton Pirates,Hampton,Coastal Athletic Association,col,Hampton
2023,2405,Monmouth Hawks,Monmouth,Coastal Athletic Association,col,Monmouth
2023,2226,Florida Atlantic Owls,Florida Atlantic,Conference USA,usa,Florida Atlantic
2023,249,North Texas Mean Green,North Texas,Conference USA,usa,North Texas
2023,5,UAB Blazers,UAB,Conference USA,usa,UAB
2023,2393,Middle Tennessee Blue Raiders,Middle Tennessee,Conference USA,usa,Middle Tennessee
2023,2429,Charlotte 49ers,Charlotte,Conference USA,usa,Charlotte
2023,242,Rice Owls,Rice,Conference USA,usa,Rice
2023,98,Western Kentucky Hilltoppers,Western Kentucky,Conference USA,usa,Western Kentucky
2023,2229,Florida International Panthers,Florida International,Conference USA,usa,FIU
2023,2348,Louisiana Tech Bulldogs,Louisiana Tech,Conference USA,usa,Louisiana Tech
2023,2638,UTEP Miners,UTEP,Conference USA,usa,UTEP
2023,2636,UTSA Roadrunners,UTSA,Conference USA,usa,UTSA
2023,2130,Chicago State Cougars,Chicago State,Division I Independents,ind,Chicago St.
2023,42,Hartford Hawks,Hartford,Division I Independents,ind,Hartford
2023,2754,Youngstown State Penguins,Youngstown State,Horizon League,hor,Youngstown St.
2023,270,Milwaukee Panthers,Milwaukee,Horizon League,hor,Milwaukee
2023,94,Northern Kentucky Norse,Northern Kentucky,Horizon League,hor,Northern Kentucky
2023,325,Cleveland State Vikings,Cleveland State,Horizon League,hor,Cleveland St.
2023,2473,Oakland Golden Grizzlies,Oakland,Horizon League,hor,Oakland
2023,2750,Wright State Raiders,Wright State,Horizon League,hor,Wright St.
2023,2523,Robert Morris Colonials,Robert Morris,Horizon League,hor,Robert Morris
2023,2174,Detroit Mercy Titans,Detroit Mercy,Horizon League,hor,Detroit Mercy
2023,2870,Purdue Fort Wayne Mastodons,Purdue Fort Wayne,Horizon League,hor,Purdue Fort Wayne
2023,85,IU Indianapolis Jaguars,IU Indianapolis,Horizon League,hor,IU Indy
2023,2739,Green Bay Phoenix,Green Bay,Horizon League,hor,Green Bay
2023,163,Princeton Tigers,Princeton,Ivy League,ivy,Princeton
2023,43,Yale Bulldogs,Yale,Ivy League,ivy,Yale
2023,219,Pennsylvania Quakers,Pennsylvania,Ivy League,ivy,Penn
2023,172,Cornell Big Red,Cornell,Ivy League,ivy,Cornell
2023,225,Brown Bears,Brown,Ivy League,ivy,Brown
2023,159,Dartmouth Big Green,Dartmouth,Ivy League,ivy,Dartmouth
2023,108,Harvard Crimson,Harvard,Ivy League,ivy,Harvard
2023,171,Columbia Lions,Columbia,Ivy League,ivy,Columbia
2023,314,Iona Gaels,Iona,Metro Atlantic Athletic Conference,maac,Iona
2023,2520,Rider Broncs,Rider,Metro Atlantic Athletic Conference,maac,Rider
2023,2514,Quinnipiac Bobcats,Quinnipiac,Metro Atlantic Athletic Conference,maac,Quinnipiac
2023,2561,Siena Saints,Siena,Metro Atlantic Athletic Conference,maac,Siena
2023,315,Niagara Purple Eagles,Niagara,Metro Atlantic Athletic Conference,maac,Niagara
2023,2363,Manhattan Jaspers,Manhattan,Metro Atlantic Athletic Conference,maac,Manhattan
2023,2217,Fairfield Stags,Fairfield,Metro Atlantic Athletic Conference,maac,Fairfield
2023,116,Mount St. Mary's Mountaineers,Mount St. Mary's,Metro Atlantic Athletic Conference,maac,Mount St. Mary's
2023,2099,Canisius Golden Griffins,Canisius,Metro Atlantic Athletic Conference,maac,Canisius
2023,2612,Saint Peter's Peacocks,Saint Peter's,Metro Atlantic Athletic Conference,maac,Saint Peter's
2023,2368,Marist Red Foxes,Marist,Metro Atlantic Athletic Conference,maac,Marist
2023,2649,Toledo Rockets,Toledo,Mid-American Conference,midam,Toledo
2023,2309,Kent State Golden Flashes,Kent State,Mid-American Conference,midam,Kent St.
2023,2006,Akron Zips,Akron,Mid-American Conference,midam,Akron
2023,2050,Ball State Cardinals,Ball State,Mid-American Conference,midam,Ball St.
2023,195,Ohio Bobcats,Ohio,Mid-American Conference,midam,Ohio
2023,2084,Buffalo Bulls,Buffalo,Mid-American Conference,midam,Buffalo
2023,2459,Northern Illinois Huskies,Northern Illinois,Mid-American Conference,midam,Northern Illinois
2023,193,Miami (OH) RedHawks,Miami (OH),Mid-American Conference,midam,Miami OH
2023,189,Bowling Green Falcons,Bowling Green,Mid-American Conference,midam,Bowling Green
2023,2199,Eastern Michigan Eagles,Eastern Michigan,Mid-American Conference,midam,Eastern Michigan
2023,2117,Central Michigan Chippewas,Central Michigan,Mid-American Conference,midam,Central Michigan
2023,2711,Western Michigan Broncos,Western Michigan,Mid-American Conference,midam,Western Michigan
2023,47,Howard Bison,Howard,Mid-Eastern Athletic Conference,meac,Howard
2023,2428,North Carolina Central Eagles,North Carolina Central,Mid-Eastern Athletic Conference,meac,North Carolina Central
2023,2450,Norfolk State Spartans,Norfolk State,Mid-Eastern Athletic Conference,meac,Norfolk St.
2023,2379,Maryland Eastern Shore Hawks,Maryland Eastern Shore,Mid-Eastern Athletic Conference,meac,Maryland Eastern Shore
2023,2415,Morgan State Bears,Morgan State,Mid-Eastern Athletic Conference,meac,Morgan St.
2023,2154,Coppin State Eagles,Coppin State,Mid-Eastern Athletic Conference,meac,Coppin St.
2023,2169,Delaware State Hornets,Delaware State,Mid-Eastern Athletic Conference,meac,Delaware St.
2023,2569,South Carolina State Bulldogs,South Carolina State,Mid-Eastern Athletic Conference,meac,South Carolina St.
2023,71,Bradley Braves,Bradley,Missouri Valley Conference,mvc,Bradley
2023,2181,Drake Bulldogs,Drake,Missouri Valley Conference,mvc,Drake
2023,79,Southern Illinois Salukis,Southern Illinois,Missouri Valley Conference,mvc,Southern Illinois
2023,2057,Belmont Bruins,Belmont,Missouri Valley Conference,mvc,Belmont
2023,282,Indiana State Sycamores,Indiana State,Missouri Valley Conference,mvc,Indiana St.
2023,2623,Missouri State Bears,Missouri State,Missouri Valley Conference,mvc,Missouri St.
2023,93,Murray State Racers,Murray State,Missouri Valley Conference,mvc,Murray St.
2023,2460,Northern Iowa Panthers,Northern Iowa,Missouri Valley Conference,mvc,Northern Iowa
2023,2287,Illinois State Redbirds,Illinois State,Missouri Valley Conference,mvc,Illinois St.
2023,2674,Valparaiso Beacons,Valparaiso,Missouri Valley Conference,mvc,Valparaiso
2023,82,UIC Flames,UIC,Missouri Valley Conference,mvc,Illinois Chicago
2023,339,Evansville Purple Aces,Evansville,Missouri Valley Conference,mvc,Evansville
2023,21,San Diego State Aztecs,San Diego State,Mountain West Conference,mwest,San Diego St.
2023,328,Utah State Aggies,Utah State,Mountain West Conference,mwest,Utah St.
2023,68,Boise State Broncos,Boise State,Mountain West Conference,mwest,Boise St.
2023,2440,Nevada Wolf Pack,Nevada,Mountain West Conference,mwest,Nevada
2023,23,San José State Spartans,San José State,Mountain West Conference,mwest,San Jose St.
2023,167,New Mexico Lobos,New Mexico,Mountain West Conference,mwest,New Mexico
2023,2439,UNLV Rebels,UNLV,Mountain West Conference,mwest,UNLV
2023,36,Colorado State Rams,Colorado State,Mountain West Conference,mwest,Colorado St.
2023,278,Fresno State Bulldogs,Fresno State,Mountain West Conference,mwest,Fresno St.
2023,2005,Air Force Falcons,Air Force,Mountain West Conference,mwest,Air Force
2023,2751,Wyoming Cowboys,Wyoming,Mountain West Conference,mwest,Wyoming
2023,2771,Merrimack Warriors,Merrimack,Northeast Conference,neast,Merrimack
2023,161,Fairleigh Dickinson Knights,Fairleigh Dickinson,Northeast Conference,neast,Fairleigh Dickinson
2023,284,Stonehill Skyhawks,Stonehill,Northeast Conference,neast,Stonehill
2023,2598,St. Francis (PA) Red Flash,St. Francis (PA),Northeast Conference,neast,Saint Francis
2023,2681,Wagner Seahawks,Wagner,Northeast Conference,neast,Wagner
2023,2529,Sacred Heart Pioneers,Sacred Heart,Northeast Conference,neast,Sacred Heart
2023,2597,St. Francis Brooklyn Terriers,St. Francis Brooklyn,Northeast Conference,neast,St. Francis NY
2023,2115,Central Connecticut Blue Devils,Central Connecticut,Northeast Conference,neast,Central Connecticut
2023,112358,Long Island University Sharks,Long Island University,Northeast Conference,neast,LIU
2023,2413,Morehead State Eagles,Morehead State,Ohio Valley Conference,ovc,Morehead St.
2023,2635,Tennessee Tech Golden Eagles,Tennessee Tech,Ohio Valley Conference,ovc,Tennessee Tech
2023,2630,UT Martin Skyhawks,UT Martin,Ohio Valley Conference,ovc,Tennessee Martin
2023,2634,Tennessee State Tigers,Tennessee State,Ohio Valley Conference,ovc,Tennessee St.
2023,2546,Southeast Missouri State Redhawks,Southeast Missouri State,Ohio Valley Conference,ovc,Southeast Missouri St.
2023,2565,SIU Edwardsville Cougars,SIU Edwardsville,Ohio Valley Conference,ovc,SIU Edwardsville
2023,88,Southern Indiana Screaming Eagles,Southern Indiana,Ohio Valley Conference,ovc,Southern Indiana
2023,2815,Lindenwood Lions,Lindenwood,Ohio Valley Conference,ovc,Lindenwood
2023,2031,Little Rock Trojans,Little Rock,Ohio Valley Conference,ovc,Little Rock
2023,2197,Eastern Illinois Panthers,Eastern Illinois,Ohio Valley Conference,ovc,Eastern Illinois
2023,26,UCLA Bruins,UCLA,Pac-12 Conference,pac12,UCLA
2023,12,Arizona Wildcats,Arizona,Pac-12 Conference,pac12,Arizona
2023,30,USC Trojans,USC,Pac-12 Conference,pac12,USC
2023,2483,Oregon Ducks,Oregon,Pac-12 Conference,pac12,Oregon
2023,9,Arizona State Sun Devils,Arizona State,Pac-12 Conference,pac12,Arizona St.
2023,265,Washington State Cougars,Washington State,Pac-12 Conference,pac12,Washington St.
2023,254,Utah Utes,Utah,Pac-12 Conference,pac12,Utah
2023,38,Colorado Buffaloes,Colorado,Pac-12 Conference,pac12,Colorado
2023,264,Washington Huskies,Washington,Pac-12 Conference,pac12,Washington
2023,24,Stanford Cardinal,Stanford,Pac-12 Conference,pac12,Stanford
2023,204,Oregon State Beavers,Oregon State,Pac-12 Conference,pac12,Oregon St.
2023,25,California Golden Bears,California,Pac-12 Conference,pac12,California
2023,2142,Colgate Raiders,Colgate,Patriot League,pat,Colgate
2023,2426,Navy Midshipmen,Navy,Patriot League,pat,Navy
2023,2329,Lehigh Mountain Hawks,Lehigh,Patriot League,pat,Lehigh
2023,349,Army Black Knights,Army,Patriot League,pat,Army
2023,104,Boston University Terriers,Boston University,Patriot League,pat,Boston University
2023,322,Lafayette Leopards,Lafayette,Patriot League,pat,Lafayette
2023,44,American University Eagles,American University,Patriot League,pat,American
2023,2352,Loyola Maryland Greyhounds,Loyola Maryland,Patriot League,pat,Loyola MD
2023,107,Holy Cross Crusaders,Holy Cross,Patriot League,pat,Holy Cross
2023,2083,Bucknell Bison,Bucknell,Patriot League,pat,Bucknell
2023,333,Alabama Crimson Tide,Alabama,Southeastern Conference,sec,Alabama
2023,245,Texas A&M Aggies,Texas A&M,Southeastern Conference,sec,Texas A&M
2023,96,Kentucky Wildcats,Kentucky,Southeastern Conference,sec,Kentucky
2023,142,Missouri Tigers,Missouri,Southeastern Conference,sec,Missouri
2023,2633,Tennessee Volunteers,Tennessee,Southeastern Conference,sec,Tennessee
2023,238,Vanderbilt Commodores,Vanderbilt,Southeastern Conference,sec,Vanderbilt
2023,2,Auburn Tigers,Auburn,Southeastern Conference,sec,Auburn
2023,57,Florida Gators,Florida,Southeastern Conference,sec,Florida
2023,344,Mississippi State Bulldogs,Mississippi State,Southeastern Conference,sec,Mississippi St.
2023,8,Arkansas Razorbacks,Arkansas,Southeastern Conference,sec,Arkansas
2023,61,Georgia Bulldogs,Georgia,Southeastern Conference,sec,Georgia
2023,2579,South Carolina Gamecocks,South Carolina,Southeastern Conference,sec,South Carolina
2023,145,Ole Miss Rebels,Ole Miss,Southeastern Conference,sec,Mississippi
2023,99,LSU Tigers,LSU,Southeastern Conference,sec,LSU
2023,231,Furman Paladins,Furman,Southern Conference,south,Furman
2023,2535,Samford Bulldogs,Samford,Southern Conference,south,Samford
2023,2430,UNC Greensboro Spartans,UNC Greensboro,Southern Conference,south,UNC Greensboro
2023,2717,Western Carolina Catamounts,Western Carolina,Southern Conference,south,Western Carolina
2023,2193,East Tennessee State Buccaneers,East Tennessee State,Southern Conference,south,East Tennessee St.
2023,2747,Wofford Terriers,Wofford,Southern Conference,south,Wofford
2023,236,Chattanooga Mocs,Chattanooga,Southern Conference,south,Chattanooga
2023,2382,Mercer Bears,Mercer,Southern Conference,south,Mercer
2023,2643,The Citadel Bulldogs,The Citadel,Southern Conference,south,The Citadel
2023,2678,VMI Keydets,VMI,Southern Conference,south,VMI
2023,357,Texas A&M-Corpus Christi Islanders,Texas A&M-Corpus Christi,Southland Conference,land,Texas A&M Corpus Chris
2023,2466,Northwestern State Demons,Northwestern State,Southland Conference,land,Northwestern St.
2023,2545,SE Louisiana Lions,SE Louisiana,Southland Conference,land,Southeastern Louisiana
2023,2447,Nicholls Colonels,Nicholls,Southland Conference,land,Nicholls St.
2023,2837,Texas A&M-Commerce Lions,Texas A&M-Commerce,Southland Conference,land,East Texas A&M
2023,2443,New Orleans Privateers,New Orleans,Southland Conference,land,New Orleans
2023,2277,Houston Christian Huskies,Houston Christian,Southland Conference,land,Houston Christian
2023,2916,Incarnate Word Cardinals,Incarnate Word,Southland Conference,land,Incarnate Word
2023,2377,McNeese Cowboys,McNeese,Southland Conference,land,McNeese St.
2023,2320,Lamar Cardinals,Lamar,Southland Conference,land,Lamar
2023,2016,Alcorn State Braves,Alcorn State,Southwestern Athletic Conference,swac,Alcorn St.
2023,2755,Grambling Tigers,Grambling,Southwestern Athletic Conference,swac,Grambling St.
2023,2296,Jackson State Tigers,Jackson State,Southwestern Athletic Conference,swac,Jackson St.
2023,2582,Southern Jaguars,Southern,Southwestern Athletic Conference,swac,Southern
2023,2010,Alabama A&M Bulldogs,Alabama A&M,Southwestern Athletic Conference,swac,Alabama A&M
2023,2504,Prairie View A&M Panthers,Prairie View A&M,Southwestern Athletic Conference,swac,Prairie View A&M
2023,2065,Bethune-Cookman Wildcats,Bethune-Cookman,Southwestern Athletic Conference,swac,Bethune Cookman
2023,2640,Texas Southern Tigers,Texas Southern,Southwestern Athletic Conference,swac,Texas Southern
2023,2011,Alabama State Hornets,Alabama State,Southwestern Athletic Conference,swac,Alabama St.
2023,2029,Arkansas-Pine Bluff Golden Lions,Arkansas-Pine Bluff,Southwestern Athletic Conference,swac,Arkansas Pine Bluff
2023,50,Florida A&M Rattlers,Florida A&M,Southwestern Athletic Conference,swac,Florida A&M
2023,2400,Mississippi Valley State Delta Devils,Mississippi Valley State,Southwestern Athletic Conference,swac,Mississippi Valley St.
2023,198,Oral Roberts Golden Eagles,Oral Roberts,Summit League,summ,Oral Roberts
2023,2571,South Dakota State Jackrabbits,South Dakota State,Summit League,summ,South Dakota St.
2023,2449,North Dakota State Bison,North Dakota State,Summit League,summ,North Dakota St.
2023,2900,St. Thomas-Minnesota Tommies,St. Thomas-Minnesota,Summit League,summ,St. Thomas
2023,2710,Western Illinois Leathernecks,Western Illinois,Summit League,summ,Western Illinois
2023,233,South Dakota Coyotes,South Dakota,Summit League,summ,South Dakota
2023,140,Kansas City Roos,Kansas City,Summit League,summ,UMKC
2023,2172,Denver Pioneers,Denver,Summit League,summ,Denver
2023,155,North Dakota Fighting Hawks,North Dakota,Summit League,summ,North Dakota
2023,2437,Omaha Mavericks,Omaha,Summit League,summ,Nebraska Omaha
2023,2572,Southern Miss Golden Eagles,Southern Miss,Sun Belt Conference,belt,Southern Miss
2023,309,Louisiana Ragin' Cajuns,Louisiana,Sun Belt Conference,belt,Louisiana
2023,276,Marshall Thundering Herd,Marshall,Sun Belt Conference,belt,Marshall
2023,256,James Madison Dukes,James Madison,Sun Belt Conference,belt,James Madison
2023,2653,Troy Trojans,Troy,Sun Belt Conference,belt,Troy
2023,295,Old Dominion Monarchs,Old Dominion,Sun Belt Conference,belt,Old Dominion
2023,290,Georgia Southern Eagles,Georgia Southern,Sun Belt Conference,belt,Georgia Southern
2023,6,South Alabama Jaguars,South Alabama,Sun Belt Conference,belt,South Alabama
2023,2026,App State Mountaineers,App State,Sun Belt Conference,belt,Appalachian St.
2023,2433,UL Monroe Warhawks,UL Monroe,Sun Belt Conference,belt,Louisiana Monroe
2023,326,Texas State Bobcats,Texas State,Sun Belt Conference,belt,Texas St.
2023,324,Coastal Carolina Chanticleers,Coastal Carolina,Sun Belt Conference,belt,Coastal Carolina
2023,2032,Arkansas State Red Wolves,Arkansas State,Sun Belt Conference,belt,Arkansas St.
2023,2247,Georgia State Panthers,Georgia State,Sun Belt Conference,belt,Georgia St.
2023,2250,Gonzaga Bulldogs,Gonzaga,West Coast Conference,wcc,Gonzaga
2023,2608,Saint Mary's Gaels,Saint Mary's,West Coast Conference,wcc,Saint Mary's
2023,2541,Santa Clara Broncos,Santa Clara,West Coast Conference,wcc,Santa Clara
2023,2351,Loyola Marymount Lions,Loyola Marymount,West Coast Conference,wcc,Loyola Marymount
2023,2539,San Francisco Dons,San Francisco,West Coast Conference,wcc,San Francisco
2023,252,BYU Cougars,BYU,West Coast Conference,wcc,BYU
2023,279,Pacific Tigers,Pacific,West Coast Conference,wcc,Pacific
2023,2501,Portland Pilots,Portland,West Coast Conference,wcc,Portland
2023,301,San Diego Toreros,San Diego,West Coast Conference,wcc,San Diego
2023,2492,Pepperdine Waves,Pepperdine,West Coast Conference,wcc,Pepperdine
2023,3084,Utah Valley Wolverines,Utah Valley,Western Athletic Conference,wac,Utah Valley
2023,2534,Sam Houston Bearkats,Sam Houston,Western Athletic Conference,wac,Sam Houston St.
2023,253,Southern Utah Thunderbirds,Southern Utah,Western Athletic Conference,wac,Southern Utah
2023,2617,Stephen F. Austin Lumberjacks,Stephen F. Austin,Western Athletic Conference,wac,Stephen F. Austin
2023,2253,Grand Canyon Lopes,Grand Canyon,Western Athletic Conference,wac,Grand Canyon
2023,2547,Seattle U Redhawks,Seattle U,Western Athletic Conference,wac,Seattle
2023,2627,Tarleton State Texans,Tarleton State,Western Athletic Conference,wac,Tarleton St.
2023,2856,California Baptist Lancers,California Baptist,Western Athletic Conference,wac,Cal Baptist
2023,2000,Abilene Christian Wildcats,Abilene Christian,Western Athletic Conference,wac,Abilene Christian
2023,250,UT Arlington Mavericks,UT Arlington,Western Athletic Conference,wac,UT Arlington
2023,292,UT Rio Grande Valley Vaqueros,UT Rio Grande Valley,Western Athletic Conference,wac,UT Rio Grande Valley
2023,3101,Utah Tech Trailblazers,Utah Tech,Western Athletic Conference,wac,Utah Tech
2023,166,New Mexico State Aggies,New Mexico State,Western Athletic Conference,wac,New Mexico St.
2024,2198,Eastern Kentucky Colonels,Eastern Kentucky,ASUN Conference,a-sun,Eastern Kentucky
2024,56,Stetson Hatters,Stetson,ASUN Conference,a-sun,Stetson
2024,288,Lipscomb Bisons,Lipscomb,ASUN Conference,a-sun,Lipscomb
2024,2046,Austin Peay Governors,Austin Peay,ASUN Conference,a-sun,Austin Peay
2024,2454,North Florida Ospreys,North Florida,ASUN Conference,a-sun,North Florida
2024,2453,North Alabama Lions,North Alabama,ASUN Conference,a-sun,North Alabama
2024,526,Florida Gulf Coast Eagles,Florida Gulf Coast,ASUN Conference,a-sun,Florida Gulf Coast
2024,2511,Queens University Royals,Queens University,ASUN Conference,a-sun,Queens
2024,338,Kennesaw State Owls,Kennesaw State,ASUN Conference,a-sun,Kennesaw St.
2024,294,Jacksonville Dolphins,Jacksonville,ASUN Conference,a-sun,Jacksonville
2024,2110,Central Arkansas Bears,Central Arkansas,ASUN Conference,a-sun,Central Arkansas
2024,91,Bellarmine Knights,Bellarmine,ASUN Conference,a-sun,Bellarmine
2024,261,Vermont Catamounts,Vermont,America East Conference,aeast,Vermont
2024,2349,UMass Lowell River Hawks,UMass Lowell,America East Conference,aeast,UMass Lowell
2024,2803,Bryant Bulldogs,Bryant,America East Conference,aeast,Bryant
2024,160,New Hampshire Wildcats,New Hampshire,America East Conference,aeast,New Hampshire
2024,2066,Binghamton Bearcats,Binghamton,America East Conference,aeast,Binghamton
2024,311,Maine Black Bears,Maine,America East Conference,aeast,Maine
2024,2378,UMBC Retrievers,UMBC,America East Conference,aeast,UMBC
2024,399,UAlbany Great Danes,UAlbany,America East Conference,aeast,Albany
2024,2885,NJIT Highlanders,NJIT,America East Conference,aeast,NJIT
2024,58,South Florida Bulls,South Florida,American Athletic Conference,aac,South Florida
2024,2226,Florida Atlantic Owls,Florida Atlantic,American Athletic Conference,aac,Florida Atlantic
2024,2429,Charlotte 49ers,Charlotte,American Athletic Conference,aac,Charlotte
2024,5,UAB Blazers,UAB,American Athletic Conference,aac,UAB
2024,235,Memphis Tigers,Memphis,American Athletic Conference,aac,Memphis
2024,2567,SMU Mustangs,SMU,American Athletic Conference,aac,SMU
2024,249,North Texas Mean Green,North Texas,American Athletic Conference,aac,North Texas
2024,151,East Carolina Pirates,East Carolina,American Athletic Conference,aac,East Carolina
2024,202,Tulsa Golden Hurricane,Tulsa,American Athletic Conference,aac,Tulsa
2024,2655,Tulane Green Wave,Tulane,American Athletic Conference,aac,Tulane
2024,218,Temple Owls,Temple,American Athletic Conference,aac,Temple
2024,2724,Wichita State Shockers,Wichita State,American Athletic Conference,aac,Wichita St.
2024,2636,UTSA Roadrunners,UTSA,American Athletic Conference,aac,UTSA
2024,242,Rice Owls,Rice,American Athletic Conference,aac,Rice
2024,257,Richmond Spiders,Richmond,Atlantic 10 Conference,atl10,Richmond
2024,2350,Loyola Chicago Ramblers,Loyola Chicago,Atlantic 10 Conference,atl10,Loyola Chicago
2024,2168,Dayton Flyers,Dayton,Atlantic 10 Conference,atl10,Dayton
2024,113,Massachusetts Minutemen,Massachusetts,Atlantic 10 Conference,atl10,Massachusetts
2024,2670,VCU Rams,VCU,Atlantic 10 Conference,atl10,VCU
2024,2184,Duquesne Dukes,Duquesne,Atlantic 10 Conference,atl10,Duquesne
2024,2244,George Mason Patriots,George Mason,Atlantic 10 Conference,atl10,George Mason
2024,179,St. Bonaventure Bonnies,St. Bonaventure,Atlantic 10 Conference,atl10,St. Bonaventure
2024,2603,Saint Joseph's Hawks,Saint Joseph's,Atlantic 10 Conference,atl10,Saint Joseph's
2024,2325,La Salle Explorers,La Salle,Atlantic 10 Conference,atl10,La Salle
2024,2230,Fordham Rams,Fordham,Atlantic 10 Conference,atl10,Fordham
2024,227,Rhode Island Rams,Rhode Island,Atlantic 10 Conference,atl10,Rhode Island
2024,2166,Davidson Wildcats,Davidson,Atlantic 10 Conference,atl10,Davidson
2024,139,Saint Louis Billikens,Saint Louis,Atlantic 10 Conference,atl10,Saint Louis
2024,45,George Washington Revolutionaries,George Washington,Atlantic 10 Conference,atl10,George Washington
2024,153,North Carolina Tar Heels,North Carolina,Atlantic Coast Conference,acc,North Carolina
2024,150,Duke Blue Devils,Duke,Atlantic Coast Conference,acc,Duke
2024,258,Virginia Cavaliers,Virginia,Atlantic Coast Conference,acc,Virginia
2024,221,Pittsburgh Panthers,Pittsburgh,Atlantic Coast Conference,acc,Pittsburgh
2024,154,Wake Forest Demon Deacons,Wake Forest,Atlantic Coast Conference,acc,Wake Forest
2024,228,Clemson Tigers,Clemson,Atlantic Coast Conference,acc,Clemson
2024,183,Syracuse Orange,Syracuse,Atlantic Coast Conference,acc,Syracuse
2024,259,Virginia Tech Hokies,Virginia Tech,Atlantic Coast Conference,acc,Virginia Tech
2024,52,Florida State Seminoles,Florida State,Atlantic Coast Conference,acc,Florida St.
2024,152,NC State Wolfpack,NC State,Atlantic Coast Conference,acc,N.C. State
2024,103,Boston College Eagles,Boston College,Atlantic Coast Conference,acc,Boston College
2024,87,Notre Dame Fighting Irish,Notre Dame,Atlantic Coast Conference,acc,Notre Dame
2024,59,Georgia Tech Yellow Jackets,Georgia Tech,Atlantic Coast Conference,acc,Georgia Tech
2024,2390,Miami Hurricanes,Miami,Atlantic Coast Conference,acc,Miami FL
2024,97,Louisville Cardinals,Louisville,Atlantic Coast Conference,acc,Louisville
2024,248,Houston Cougars,Houston,Big 12 Conference,big12,Houston
2024,66,Iowa State Cyclones,Iowa State,Big 12 Conference,big12,Iowa St.
2024,239,Baylor Bears,Baylor,Big 12 Conference,big12,Baylor
2024,2641,Texas Tech Red Raiders,Texas Tech,Big 12 Conference,big12,Texas Tech
2024,252,BYU Cougars,BYU,Big 12 Conference,big12,BYU
2024,2305,Kansas Jayhawks,Kansas,Big 12 Conference,big12,Kansas
2024,251,Texas Longhorns,Texas,Big 12 Conference,big12,Texas
2024,2628,TCU Horned Frogs,TCU,Big 12 Conference,big12,TCU
2024,201,Oklahoma Sooners,Oklahoma,Big 12 Conference,big12,Oklahoma
2024,2306,Kansas State Wildcats,Kansas State,Big 12 Conference,big12,Kansas St.
2024,2132,Cincinnati Bearcats,Cincinnati,Big 12 Conference,big12,Cincinnati
2024,2116,UCF Knights,UCF,Big 12 Conference,big12,UCF
2024,197,Oklahoma State Cowboys,Oklahoma State,Big 12 Conference,big12,Oklahoma St.
2024,277,West Virginia Mountaineers,West Virginia,Big 12 Conference,big12,West Virginia
2024,41,UConn Huskies,UConn,Big East Conference,bige,Connecticut
2024,269,Marquette Golden Eagles,Marquette,Big East Conference,bige,Marquette
2024,156,Creighton Bluejays,Creighton,Big East Conference,bige,Creighton
2024,2550,Seton Hall Pirates,Seton Hall,Big East Conference,bige,Seton Hall
2024,2599,St. John's Red Storm,St. John's,Big East Conference,bige,St. John's
2024,222,Villanova Wildcats,Villanova,Big East Conference,bige,Villanova
2024,2507,Providence Friars,Providence,Big East Conference,bige,Providence
2024,2086,Butler Bulldogs,Butler,Big East Conference,bige,Butler
2024,2752,Xavier Musketeers,Xavier,Big East Conference,bige,Xavier
2024,46,Georgetown Hoyas,Georgetown,Big East Conference,bige,Georgetown
2024,305,DePaul Blue Demons,DePaul,Big East Conference,bige,DePaul
2024,331,Eastern Washington Eagles,Eastern Washington,Big Sky Conference,bsky,Eastern Washington
2024,2458,Northern Colorado Bears,Northern Colorado,Big Sky Conference,bsky,Northern Colorado
2024,149,Montana Grizzlies,Montana,Big Sky Conference,bsky,Montana
2024,2692,Weber State Wildcats,Weber State,Big Sky Conference,bsky,Weber St.
2024,147,Montana State Bobcats,Montana State,Big Sky Conference,bsky,Montana St.
2024,2502,Portland State Vikings,Portland State,Big Sky Conference,bsky,Portland St.
2024,2464,Northern Arizona Lumberjacks,Northern Arizona,Big Sky Conference,bsky,Northern Arizona
2024,304,Idaho State Bengals,Idaho State,Big Sky Conference,bsky,Idaho St.
2024,70,Idaho Vandals,Idaho,Big Sky Conference,bsky,Idaho
2024,16,Sacramento State Hornets,Sacramento State,Big Sky Conference,bsky,Sacramento St.
2024,2272,High Point Panthers,High Point,Big South Conference,bsou,High Point
2024,2427,UNC Asheville Bulldogs,UNC Asheville,Big South Conference,bsou,UNC Asheville
2024,2241,Gardner-Webb Runnin' Bulldogs,Gardner-Webb,Big South Conference,bsou,Gardner Webb
2024,2737,Winthrop Eagles,Winthrop,Big South Conference,bsou,Winthrop
2024,2344,Longwood Lancers,Longwood,Big South Conference,bsou,Longwood
2024,2506,Presbyterian Blue Hose,Presbyterian,Big South Conference,bsou,Presbyterian
2024,2127,Charleston Southern Buccaneers,Charleston Southern,Big South Conference,bsou,Charleston Southern
2024,2515,Radford Highlanders,Radford,Big South Conference,bsou,Radford
2024,2908,South Carolina Upstate Spartans,South Carolina Upstate,Big South Conference,bsou,USC Upstate
2024,2509,Purdue Boilermakers,Purdue,Big Ten Conference,big10,Purdue
2024,356,Illinois Fighting Illini,Illinois,Big Ten Conference,big10,Illinois
2024,158,Nebraska Cornhuskers,Nebraska,Big Ten Conference,big10,Nebraska
2024,77,Northwestern Wildcats,Northwestern,Big Ten Conference,big10,Northwestern
2024,275,Wisconsin Badgers,Wisconsin,Big Ten Conference,big10,Wisconsin
2024,84,Indiana Hoosiers,Indiana,Big Ten Conference,big10,Indiana
2024,2294,Iowa Hawkeyes,Iowa,Big Ten Conference,big10,Iowa
2024,127,Michigan State Spartans,Michigan State,Big Ten Conference,big10,Michigan St.
2024,135,Minnesota Golden Gophers,Minnesota,Big Ten Conference,big10,Minnesota
2024,194,Ohio State Buckeyes,Ohio State,Big Ten Conference,big10,Ohio St.
2024,213,Penn State Nittany Lions,Penn State,Big Ten Conference,big10,Penn St.
2024,120,Maryland Terrapins,Maryland,Big Ten Conference,big10,Maryland
2024,164,Rutgers Scarlet Knights,Rutgers,Big Ten Conference,big10,Rutgers
2024,130,Michigan Wolverines,Michigan,Big Ten Conference,big10,Michigan
2024,300,UC Irvine Anteaters,UC Irvine,Big West Conference,bigw,UC Irvine
2024,28,UC San Diego Tritons,UC San Diego,Big West Conference,bigw,UC San Diego
2024,302,UC Davis Aggies,UC Davis,Big West Conference,bigw,UC Davis
2024,62,Hawai'i Rainbow Warriors,Hawai'i,Big West Conference,bigw,Hawaii
2024,299,Long Beach State Beach,Long Beach State,Big West Conference,bigw,Long Beach St.
2024,27,UC Riverside Highlanders,UC Riverside,Big West Conference,bigw,UC Riverside
2024,2463,Cal State Northridge Matadors,Cal State Northridge,Big West Conference,bigw,Cal St. Northridge
2024,2540,UC Santa Barbara Gauchos,UC Santa Barbara,Big West Conference,bigw,UC Santa Barbara
2024,2934,Cal State Bakersfield Roadrunners,Cal State Bakersfield,Big West Conference,bigw,Cal St. Bakersfield
2024,2239,Cal State Fullerton Titans,Cal State Fullerton,Big West Conference,bigw,Cal St. Fullerton
2024,13,Cal Poly Mustangs,Cal Poly,Big West Conference,bigw,Cal Poly
2024,232,Charleston Cougars,Charleston,Coastal Athletic Association,col,Charleston
2024,2182,Drexel Dragons,Drexel,Coastal Athletic Association,col,Drexel
2024,2275,Hofstra Pride,Hofstra,Coastal Athletic Association,col,Hofstra
2024,350,UNC Wilmington Seahawks,UNC Wilmington,Coastal Athletic Association,col,UNC Wilmington
2024,119,Towson Tigers,Towson,Coastal Athletic Association,col,Towson
2024,48,Delaware Blue Hens,Delaware,Coastal Athletic Association,col,Delaware
2024,2619,Stony Brook Seawolves,Stony Brook,Coastal Athletic Association,col,Stony Brook
2024,2405,Monmouth Hawks,Monmouth,Coastal Athletic Association,col,Monmouth
2024,2097,Campbell Fighting Camels,Campbell,Coastal Athletic Association,col,Campbell
2024,111,Northeastern Huskies,Northeastern,Coastal Athletic Association,col,Northeastern
2024,2210,Elon Phoenix,Elon,Coastal Athletic Association,col,Elon
2024,2448,North Carolina A&T Aggies,North Carolina A&T,Coastal Athletic Association,col,North Carolina A&T
2024,2729,William & Mary Tribe,William & Mary,Coastal Athletic Association,col,William & Mary
2024,2261,Hampton Pirates,Hampton,Coastal Athletic Association,col,Hampton
2024,2534,Sam Houston Bearkats,Sam Houston,Conference USA,usa,Sam Houston St.
2024,2348,Louisiana Tech Bulldogs,Louisiana Tech,Conference USA,usa,Louisiana Tech
2024,98,Western Kentucky Hilltoppers,Western Kentucky,Conference USA,usa,Western Kentucky
2024,2335,Liberty Flames,Liberty,Conference USA,usa,Liberty
2024,2638,UTEP Miners,UTEP,Conference USA,usa,UTEP
2024,2393,Middle Tennessee Blue Raiders,Middle Tennessee,Conference USA,usa,Middle Tennessee
2024,166,New Mexico State Aggies,New Mexico State,Conference USA,usa,New Mexico St.
2024,55,Jacksonville State Gamecocks,Jacksonville State,Conference USA,usa,Jacksonville St.
2024,2229,Florida International Panthers,Florida International,Conference USA,usa,FIU
2024,2130,Chicago State Cougars,Chicago State,Division I Independents,ind,Chicago St.
2024,2473,Oakland Golden Grizzlies,Oakland,Horizon League,hor,Oakland
2024,2754,Youngstown State Penguins,Youngstown State,Horizon League,hor,Youngstown St.
2024,2739,Green Bay Phoenix,Green Bay,Horizon League,hor,Green Bay
2024,2750,Wright State Raiders,Wright State,Horizon League,hor,Wright St.
2024,270,Milwaukee Panthers,Milwaukee,Horizon League,hor,Milwaukee
2024,94,Northern Kentucky Norse,Northern Kentucky,Horizon League,hor,Northern Kentucky
2024,325,Cleveland State Vikings,Cleveland State,Horizon League,hor,Cleveland St.
2024,2870,Purdue Fort Wayne Mastodons,Purdue Fort Wayne,Horizon League,hor,Purdue Fort Wayne
2024,2523,Robert Morris Colonials,Robert Morris,Horizon League,hor,Robert Morris
2024,85,IU Indianapolis Jaguars,IU Indianapolis,Horizon League,hor,IU Indy
2024,2174,Detroit Mercy Titans,Detroit Mercy,Horizon League,hor,Detroit Mercy
2024,163,Princeton Tigers,Princeton,Ivy League,ivy,Princeton
2024,172,Cornell Big Red,Cornell,Ivy League,ivy,Cornell
2024,43,Yale Bulldogs,Yale,Ivy League,ivy,Yale
2024,225,Brown Bears,Brown,Ivy League,ivy,Brown
2024,108,Harvard Crimson,Harvard,Ivy League,ivy,Harvard
2024,171,Columbia Lions,Columbia,Ivy League,ivy,Columbia
2024,219,Pennsylvania Quakers,Pennsylvania,Ivy League,ivy,Penn
2024,159,Dartmouth Big Green,Dartmouth,Ivy League,ivy,Dartmouth
2024,2514,Quinnipiac Bobcats,Quinnipiac,Metro Atlantic Athletic Conference,maac,Quinnipiac
2024,2217,Fairfield Stags,Fairfield,Metro Atlantic Athletic Conference,maac,Fairfield
2024,2368,Marist Red Foxes,Marist,Metro Atlantic Athletic Conference,maac,Marist
2024,2612,Saint Peter's Peacocks,Saint Peter's,Metro Atlantic Athletic Conference,maac,Saint Peter's
2024,2520,Rider Broncs,Rider,Metro Atlantic Athletic Conference,maac,Rider
2024,315,Niagara Purple Eagles,Niagara,Metro Atlantic Athletic Conference,maac,Niagara
2024,314,Iona Gaels,Iona,Metro Atlantic Athletic Conference,maac,Iona
2024,116,Mount St. Mary's Mountaineers,Mount St. Mary's,Metro Atlantic Athletic Conference,maac,Mount St. Mary's
2024,2099,Canisius Golden Griffins,Canisius,Metro Atlantic Athletic Conference,maac,Canisius
2024,2363,Manhattan Jaspers,Manhattan,Metro Atlantic Athletic Conference,maac,Manhattan
2024,2561,Siena Saints,Siena,Metro Atlantic Athletic Conference,maac,Siena
2024,2649,Toledo Rockets,Toledo,Mid-American Conference,midam,Toledo
2024,2006,Akron Zips,Akron,Mid-American Conference,midam,Akron
2024,195,Ohio Bobcats,Ohio,Mid-American Conference,midam,Ohio
2024,2117,Central Michigan Chippewas,Central Michigan,Mid-American Conference,midam,Central Michigan
2024,189,Bowling Green Falcons,Bowling Green,Mid-American Conference,midam,Bowling Green
2024,2711,Western Michigan Broncos,Western Michigan,Mid-American Conference,midam,Western Michigan
2024,193,Miami (OH) RedHawks,Miami (OH),Mid-American Conference,midam,Miami OH
2024,2309,Kent State Golden Flashes,Kent State,Mid-American Conference,midam,Kent St.
2024,2050,Ball State Cardinals,Ball State,Mid-American Conference,midam,Ball St.
2024,2199,Eastern Michigan Eagles,Eastern Michigan,Mid-American Conference,midam,Eastern Michigan
2024,2459,Northern Illinois Huskies,Northern Illinois,Mid-American Conference,midam,Northern Illinois
2024,2084,Buffalo Bulls,Buffalo,Mid-American Conference,midam,Buffalo
2024,2450,Norfolk State Spartans,Norfolk State,Mid-Eastern Athletic Conference,meac,Norfolk St.
2024,2428,North Carolina Central Eagles,North Carolina Central,Mid-Eastern Athletic Conference,meac,North Carolina Central
2024,47,Howard Bison,Howard,Mid-Eastern Athletic Conference,meac,Howard
2024,2569,South Carolina State Bulldogs,South Carolina State,Mid-Eastern Athletic Conference,meac,South Carolina St.
2024,2415,Morgan State Bears,Morgan State,Mid-Eastern Athletic Conference,meac,Morgan St.
2024,2169,Delaware State Hornets,Delaware State,Mid-Eastern Athletic Conference,meac,Delaware St.
2024,2379,Maryland Eastern Shore Hawks,Maryland Eastern Shore,Mid-Eastern Athletic Conference,meac,Maryland Eastern Shore
2024,2154,Coppin State Eagles,Coppin State,Mid-Eastern Athletic Conference,meac,Coppin St.
2024,282,Indiana State Sycamores,Indiana State,Missouri Valley Conference,mvc,Indiana St.
2024,2181,Drake Bulldogs,Drake,Missouri Valley Conference,mvc,Drake
2024,71,Bradley Braves,Bradley,Missouri Valley Conference,mvc,Bradley
2024,2057,Belmont Bruins,Belmont,Missouri Valley Conference,mvc,Belmont
2024,2460,Northern Iowa Panthers,Northern Iowa,Missouri Valley Conference,mvc,Northern Iowa
2024,79,Southern Illinois Salukis,Southern Illinois,Missouri Valley Conference,mvc,Southern Illinois
2024,2287,Illinois State Redbirds,Illinois State,Missouri Valley Conference,mvc,Illinois St.
2024,93,Murray State Racers,Murray State,Missouri Valley Conference,mvc,Murray St.
2024,2623,Missouri State Bears,Missouri State,Missouri Valley Conference,mvc,Missouri St.
2024,339,Evansville Purple Aces,Evansville,Missouri Valley Conference,mvc,Evansville
2024,82,UIC Flames,UIC,Missouri Valley Conference,mvc,Illinois Chicago
2024,2674,Valparaiso Beacons,Valparaiso,Missouri Valley Conference,mvc,Valparaiso
2024,328,Utah State Aggies,Utah State,Mountain West Conference,mwest,Utah St.
2024,2440,Nevada Wolf Pack,Nevada,Mountain West Conference,mwest,Nevada
2024,68,Boise State Broncos,Boise State,Mountain West Conference,mwest,Boise St.
2024,2439,UNLV Rebels,UNLV,Mountain West Conference,mwest,UNLV
2024,21,San Diego State Aztecs,San Diego State,Mountain West Conference,mwest,San Diego St.
2024,167,New Mexico Lobos,New Mexico,Mountain West Conference,mwest,New Mexico
2024,36,Colorado State Rams,Colorado State,Mountain West Conference,mwest,Colorado St.
2024,2751,Wyoming Cowboys,Wyoming,Mountain West Conference,mwest,Wyoming
2024,278,Fresno State Bulldogs,Fresno State,Mountain West Conference,mwest,Fresno St.
2024,23,San José State Spartans,San José State,Mountain West Conference,mwest,San Jose St.
2024,2005,Air Force Falcons,Air Force,Mountain West Conference,mwest,Air Force
2024,2115,Central Connecticut Blue Devils,Central Connecticut,Northeast Conference,neast,Central Connecticut
2024,2771,Merrimack Warriors,Merrimack,Northeast Conference,neast,Merrimack
2024,2529,Sacred Heart Pioneers,Sacred Heart,Northeast Conference,neast,Sacred Heart
2024,161,Fairleigh Dickinson Knights,Fairleigh Dickinson,Northeast Conference,neast,Fairleigh Dickinson
2024,2330,Le Moyne Dolphins,Le Moyne,Northeast Conference,neast,Le Moyne
2024,2681,Wagner Seahawks,Wagner,Northeast Conference,neast,Wagner
2024,112358,Long Island University Sharks,Long Island University,Northeast Conference,neast,LIU
2024,2598,St. Francis (PA) Red Flash,St. Francis (PA),Northeast Conference,neast,Saint Francis
2024,284,Stonehill Skyhawks,Stonehill,Northeast Conference,neast,Stonehill
2024,2413,Morehead State Eagles,Morehead State,Ohio Valley Conference,ovc,Morehead St.
2024,2630,UT Martin Skyhawks,UT Martin,Ohio Valley Conference,ovc,Tennessee Martin
2024,2031,Little Rock Trojans,Little Rock,Ohio Valley Conference,ovc,Little Rock
2024,2710,Western Illinois Leathernecks,Western Illinois,Ohio Valley Conference,ovc,Western Illinois
2024,2634,Tennessee State Tigers,Tennessee State,Ohio Valley Conference,ovc,Tennessee St.
2024,2565,SIU Edwardsville Cougars,SIU Edwardsville,Ohio Valley Conference,ovc,SIU Edwardsville
2024,2197,Eastern Illinois Panthers,Eastern Illinois,Ohio Valley Conference,ovc,Eastern Illinois
2024,2635,Tennessee Tech Golden Eagles,Tennessee Tech,Ohio Valley Conference,ovc,Tennessee Tech
2024,88,Southern Indiana Screaming Eagles,Southern Indiana,Ohio Valley Conference,ovc,Southern Indiana
2024,2546,Southeast Missouri State Redhawks,Southeast Missouri State,Ohio Valley Conference,ovc,Southeast Missouri St.
2024,2815,Lindenwood Lions,Lindenwood,Ohio Valley Conference,ovc,Lindenwood
2024,12,Arizona Wildcats,Arizona,Pac-12 Conference,pac12,Arizona
2024,265,Washington State Cougars,Washington State,Pac-12 Conference,pac12,Washington St.
2024,38,Colorado Buffaloes,Colorado,Pac-12 Conference,pac12,Colorado
2024,2483,Oregon Ducks,Oregon,Pac-12 Conference,pac12,Oregon
2024,26,UCLA Bruins,UCLA,Pac-12 Conference,pac12,UCLA
2024,254,Utah Utes,Utah,Pac-12 Conference,pac12,Utah
2024,264,Washington Huskies,Washington,Pac-12 Conference,pac12,Washington
2024,25,California Golden Bears,California,Pac-12 Conference,pac12,California
2024,30,USC Trojans,USC,Pac-12 Conference,pac12,USC
2024,9,Arizona State Sun Devils,Arizona State,Pac-12 Conference,pac12,Arizona St.
2024,24,Stanford Cardinal,Stanford,Pac-12 Conference,pac12,Stanford
2024,204,Oregon State Beavers,Oregon State,Pac-12 Conference,pac12,Oregon St.
2024,2142,Colgate Raiders,Colgate,Patriot League,pat,Colgate
2024,104,Boston University Terriers,Boston University,Patriot League,pat,Boston University
2024,44,American University Eagles,American University,Patriot League,pat,American
2024,2083,Bucknell Bison,Bucknell,Patriot League,pat,Bucknell
2024,322,Lafayette Leopards,Lafayette,Patriot League,pat,Lafayette
2024,2329,Lehigh Mountain Hawks,Lehigh,Patriot League,pat,Lehigh
2024,2426,Navy Midshipmen,Navy,Patriot League,pat,Navy
2024,349,Army Black Knights,Army,Patriot League,pat,Army
2024,107,Holy Cross Crusaders,Holy Cross,Patriot League,pat,Holy Cross
2024,2352,Loyola Maryland Greyhounds,Loyola Maryland,Patriot League,pat,Loyola MD
2024,2633,Tennessee Volunteers,Tennessee,Southeastern Conference,sec,Tennessee
2024,96,Kentucky Wildcats,Kentucky,Southeastern Conference,sec,Kentucky
2024,2,Auburn Tigers,Auburn,Southeastern Conference,sec,Auburn
2024,333,Alabama Crimson Tide,Alabama,Southeastern Conference,sec,Alabama
2024,2579,South Carolina Gamecocks,South Carolina,Southeastern Conference,sec,South Carolina
2024,57,Florida Gators,Florida,Southeastern Conference,sec,Florida
2024,245,Texas A&M Aggies,Texas A&M,Southeastern Conference,sec,Texas A&M
2024,99,LSU Tigers,LSU,Southeastern Conference,sec,LSU
2024,344,Mississippi State Bulldogs,Mississippi State,Southeastern Conference,sec,Mississippi St.
2024,145,Ole Miss Rebels,Ole Miss,Southeastern Conference,sec,Mississippi
2024,61,Georgia Bulldogs,Georgia,Southeastern Conference,sec,Georgia
2024,8,Arkansas Razorbacks,Arkansas,Southeastern Conference,sec,Arkansas
2024,238,Vanderbilt Commodores,Vanderbilt,Southeastern Conference,sec,Vanderbilt
2024,142,Missouri Tigers,Missouri,Southeastern Conference,sec,Missouri
2024,2535,Samford Bulldogs,Samford,Southern Conference,south,Samford
2024,2430,UNC Greensboro Spartans,UNC Greensboro,Southern Conference,south,UNC Greensboro
2024,236,Chattanooga Mocs,Chattanooga,Southern Conference,south,Chattanooga
2024,2717,Western Carolina Catamounts,Western Carolina,Southern Conference,south,Western Carolina
2024,2747,Wofford Terriers,Wofford,Southern Conference,south,Wofford
2024,231,Furman Paladins,Furman,Southern Conference,south,Furman
2024,2193,East Tennessee State Buccaneers,East Tennessee State,Southern Conference,south,East Tennessee St.
2024,2382,Mercer Bears,Mercer,Southern Conference,south,Mercer
2024,2643,The Citadel Bulldogs,The Citadel,Southern Conference,south,The Citadel
2024,2678,VMI Keydets,VMI,Southern Conference,south,VMI
2024,2377,McNeese Cowboys,McNeese,Southland Conference,land,McNeese St.
2024,357,Texas A&M-Corpus Christi Islanders,Texas A&M-Corpus Christi,Southland Conference,land,Texas A&M Corpus Chris
2024,2447,Nicholls Colonels,Nicholls,Southland Conference,land,Nicholls St.
2024,2320,Lamar Cardinals,Lamar,Southland Conference,land,Lamar
2024,2545,SE Louisiana Lions,SE Louisiana,Southland Conference,land,Southeastern Louisiana
2024,2466,Northwestern State Demons,Northwestern State,Southland Conference,land,Northwestern St.
2024,2837,Texas A&M-Commerce Lions,Texas A&M-Commerce,Southland Conference,land,East Texas A&M
2024,2443,New Orleans Privateers,New Orleans,Southland Conference,land,New Orleans
2024,2277,Houston Christian Huskies,Houston Christian,Southland Conference,land,Houston Christian
2024,2916,Incarnate Word Cardinals,Incarnate Word,Southland Conference,land,Incarnate Word
2024,2755,Grambling Tigers,Grambling,Southwestern Athletic Conference,swac,Grambling St.
2024,2016,Alcorn State Braves,Alcorn State,Southwestern Athletic Conference,swac,Alcorn St.
2024,2582,Southern Jaguars,Southern,Southwestern Athletic Conference,swac,Southern
2024,2640,Texas Southern Tigers,Texas Southern,Southwestern Athletic Conference,swac,Texas Southern
2024,2065,Bethune-Cookman Wildcats,Bethune-Cookman,Southwestern Athletic Conference,swac,Bethune Cookman
2024,2296,Jackson State Tigers,Jackson State,Southwestern Athletic Conference,swac,Jackson St.
2024,2010,Alabama A&M Bulldogs,Alabama A&M,Southwestern Athletic Conference,swac,Alabama A&M
2024,2029,Arkansas-Pine Bluff Golden Lions,Arkansas-Pine Bluff,Southwestern Athletic Conference,swac,Arkansas Pine Bluff
2024,2011,Alabama State Hornets,Alabama State,Southwestern Athletic Conference,swac,Alabama St.
2024,2504,Prairie View A&M Panthers,Prairie View A&M,Southwestern Athletic Conference,swac,Prairie View A&M
2024,50,Florida A&M Rattlers,Florida A&M,Southwestern Athletic Conference,swac,Florida A&M
2024,2400,Mississippi Valley State Delta Devils,Mississippi Valley State,Southwestern Athletic Conference,swac,Mississippi Valley St.
2024,2571,South Dakota State Jackrabbits,South Dakota State,Summit League,summ,South Dakota St.
2024,155,North Dakota Fighting Hawks,North Dakota,Summit League,summ,North Dakota
2024,140,Kansas City Roos,Kansas City,Summit League,summ,UMKC
2024,2900,St. Thomas-Minnesota Tommies,St. Thomas-Minnesota,Summit League,summ,St. Thomas
2024,2449,North Dakota State Bison,North Dakota State,Summit League,summ,North Dakota St.
2024,2437,Omaha Mavericks,Omaha,Summit League,summ,Nebraska Omaha
2024,2172,Denver Pioneers,Denver,Summit League,summ,Denver
2024,198,Oral Roberts Golden Eagles,Oral Roberts,Summit League,summ,Oral Roberts
2024,233,South Dakota Coyotes,South Dakota,Summit League,summ,South Dakota
2024,2026,App State Mountaineers,App State,Sun Belt Conference,belt,Appalachian St.
2024,256,James Madison Dukes,James Madison,Sun Belt Conference,belt,James Madison
2024,2653,Troy Trojans,Troy,Sun Belt Conference,belt,Troy
2024,2032,Arkansas State Red Wolves,Arkansas State,Sun Belt Conference,belt,Arkansas St.
2024,309,Louisiana Ragin' Cajuns,Louisiana,Sun Belt Conference,belt,Louisiana
2024,2572,Southern Miss Golden Eagles,Southern Miss,Sun Belt Conference,belt,Southern Miss
2024,2247,Georgia State Panthers,Georgia State,Sun Belt Conference,belt,Georgia St.
2024,6,South Alabama Jaguars,South Alabama,Sun Belt Conference,belt,South Alabama
2024,290,Georgia Southern Eagles,Georgia Southern,Sun Belt Conference,belt,Georgia Southern
2024,276,Marshall Thundering Herd,Marshall,Sun Belt Conference,belt,Marshall
2024,326,Texas State Bobcats,Texas State,Sun Belt Conference,belt,Texas St.
2024,2433,UL Monroe Warhawks,UL Monroe,Sun Belt Conference,belt,Louisiana Monroe
2024,324,Coastal Carolina Chanticleers,Coastal Carolina,Sun Belt Conference,belt,Coastal Carolina
2024,295,Old Dominion Monarchs,Old Dominion,Sun Belt Conference,belt,Old Dominion
2024,2608,Saint Mary's Gaels,Saint Mary's,West Coast Conference,wcc,Saint Mary's
2024,2250,Gonzaga Bulldogs,Gonzaga,West Coast Conference,wcc,Gonzaga
2024,2539,San Francisco Dons,San Francisco,West Coast Conference,wcc,San Francisco
2024,2541,Santa Clara Broncos,Santa Clara,West Coast Conference,wcc,Santa Clara
2024,301,San Diego Toreros,San Diego,West Coast Conference,wcc,San Diego
2024,2492,Pepperdine Waves,Pepperdine,West Coast Conference,wcc,Pepperdine
2024,2351,Loyola Marymount Lions,Loyola Marymount,West Coast Conference,wcc,Loyola Marymount
2024,2501,Portland Pilots,Portland,West Coast Conference,wcc,Portland
2024,279,Pacific Tigers,Pacific,West Coast Conference,wcc,Pacific
2024,2253,Grand Canyon Lopes,Grand Canyon,Western Athletic Conference,wac,Grand Canyon
2024,2627,Tarleton State Texans,Tarleton State,Western Athletic Conference,wac,Tarleton St.
2024,250,UT Arlington Mavericks,UT Arlington,Western Athletic Conference,wac,UT Arlington
2024,2547,Seattle U Redhawks,Seattle U,Western Athletic Conference,wac,Seattle
2024,3084,Utah Valley Wolverines,Utah Valley,Western Athletic Conference,wac,Utah Valley
2024,2617,Stephen F. Austin Lumberjacks,Stephen F. Austin,Western Athletic Conference,wac,Stephen F. Austin
2024,2000,Abilene Christian Wildcats,Abilene Christian,Western Athletic Conference,wac,Abilene Christian
2024,2856,California Baptist Lancers,California Baptist,Western Athletic Conference,wac,Cal Baptist
2024,3101,Utah Tech Trailblazers,Utah Tech,Western Athletic Conference,wac,Utah Tech
2024,253,Southern Utah Thunderbirds,Southern Utah,Western Athletic Conference,wac,Southern Utah
2024,292,UT Rio Grande Valley Vaqueros,UT Rio Grande Valley,Western Athletic Conference,wac,UT Rio Grande Valley
2025,2046,Austin Peay Governors,Austin Peay,ASUN Conference,a-sun,Austin Peay
2025,91,Bellarmine Knights,Bellarmine,ASUN Conference,a-sun,Bellarmine
2025,2110,Central Arkansas Bears,Central Arkansas,ASUN Conference,a-sun,Central Arkansas
2025,2198,Eastern Kentucky Colonels,Eastern Kentucky,ASUN Conference,a-sun,Eastern Kentucky
2025,526,Florida Gulf Coast Eagles,Florida Gulf Coast,ASUN Conference,a-sun,Florida Gulf Coast
2025,294,Jacksonville Dolphins,Jacksonville,ASUN Conference,a-sun,Jacksonville
2025,288,Lipscomb Bisons,Lipscomb,ASUN Conference,a-sun,Lipscomb
2025,2453,North Alabama Lions,North Alabama,ASUN Conference,a-sun,North Alabama
2025,2454,North Florida Ospreys,North Florida,ASUN Conference,a-sun,North Florida
2025,2511,Queens University Royals,Queens University,ASUN Conference,a-sun,Queens
2025,56,Stetson Hatters,Stetson,ASUN Conference,a-sun,Stetson
2025,2698,West Georgia Wolves,West Georgia,ASUN Conference,a-sun,West Georgia
2025,2066,Binghamton Bearcats,Binghamton,America East Conference,aeast,Binghamton
2025,2803,Bryant Bulldogs,Bryant,America East Conference,aeast,Bryant
2025,311,Maine Black Bears,Maine,America East Conference,aeast,Maine
2025,160,New Hampshire Wildcats,New Hampshire,America East Conference,aeast,New Hampshire
2025,2885,NJIT Highlanders,NJIT,America East Conference,aeast,NJIT
2025,399,UAlbany Great Danes,UAlbany,America East Conference,aeast,Albany
2025,2349,UMass Lowell River Hawks,UMass Lowell,America East Conference,aeast,UMass Lowell
2025,2378,UMBC Retrievers,UMBC,America East Conference,aeast,UMBC
2025,261,Vermont Catamounts,Vermont,America East Conference,aeast,Vermont
2025,2429,Charlotte 49ers,Charlotte,American Athletic Conference,aac,Charlotte
2025,151,East Carolina Pirates,East Carolina,American Athletic Conference,aac,East Carolina
2025,2226,Florida Atlantic Owls,Florida Atlantic,American Athletic Conference,aac,Florida Atlantic
2025,235,Memphis Tigers,Memphis,American Athletic Conference,aac,Memphis
2025,249,North Texas Mean Green,North Texas,American Athletic Conference,aac,North Texas
2025,242,Rice Owls,Rice,American Athletic Conference,aac,Rice
2025,58,South Florida Bulls,South Florida,American Athletic Conference,aac,South Florida
2025,218,Temple Owls,Temple,American Athletic Conference,aac,Temple
2025,2655,Tulane Green Wave,Tulane,American Athletic Conference,aac,Tulane
2025,202,Tulsa Golden Hurricane,Tulsa,American Athletic Conference,aac,Tulsa
2025,5,UAB Blazers,UAB,American Athletic Conference,aac,UAB
2025,2636,UTSA Roadrunners,UTSA,American Athletic Conference,aac,UTSA
2025,2724,Wichita State Shockers,Wichita State,American Athletic Conference,aac,Wichita St.
2025,2166,Davidson Wildcats,Davidson,Atlantic 10 Conference,atl10,Davidson
2025,2168,Dayton Flyers,Dayton,Atlantic 10 Conference,atl10,Dayton
2025,2184,Duquesne Dukes,Duquesne,Atlantic 10 Conference,atl10,Duquesne
2025,2230,Fordham Rams,Fordham,Atlantic 10 Conference,atl10,Fordham
2025,2244,George Mason Patriots,George Mason,Atlantic 10 Conference,atl10,George Mason
2025,45,George Washington Revolutionaries,George Washington,Atlantic 10 Conference,atl10,George Washington
2025,2325,La Salle Explorers,La Salle,Atlantic 10 Conference,atl10,La Salle
2025,2350,Loyola Chicago Ramblers,Loyola Chicago,Atlantic 10 Conference,atl10,Loyola Chicago
2025,113,Massachusetts Minutemen,Massachusetts,Atlantic 10 Conference,atl10,Massachusetts
2025,227,Rhode Island Rams,Rhode Island,Atlantic 10 Conference,atl10,Rhode Island
2025,257,Richmond Spiders,Richmond,Atlantic 10 Conference,atl10,Richmond
2025,2603,Saint Joseph's Hawks,Saint Joseph's,Atlantic 10 Conference,atl10,Saint Joseph's
2025,139,Saint Louis Billikens,Saint Louis,Atlantic 10 Conference,atl10,Saint Louis
2025,179,St. Bonaventure Bonnies,St. Bonaventure,Atlantic 10 Conference,atl10,St. Bonaventure
2025,2670,VCU Rams,VCU,Atlantic 10 Conference,atl10,VCU
2025,103,Boston College Eagles,Boston College,Atlantic Coast Conference,acc,Boston College
2025,25,California Golden Bears,California,Atlantic Coast Conference,acc,California
2025,228,Clemson Tigers,Clemson,Atlantic Coast Conference,acc,Clemson
2025,150,Duke Blue Devils,Duke,Atlantic Coast Conference,acc,Duke
2025,52,Florida State Seminoles,Florida State,Atlantic Coast Conference,acc,Florida St.
2025,59,Georgia Tech Yellow Jackets,Georgia Tech,Atlantic Coast Conference,acc,Georgia Tech
2025,97,Louisville Cardinals,Louisville,Atlantic Coast Conference,acc,Louisville
2025,2390,Miami Hurricanes,Miami,Atlantic Coast Conference,acc,Miami FL
2025,152,NC State Wolfpack,NC State,Atlantic Coast Conference,acc,N.C. State
2025,153,North Carolina Tar Heels,North Carolina,Atlantic Coast Conference,acc,North Carolina
2025,87,Notre Dame Fighting Irish,Notre Dame,Atlantic Coast Conference,acc,Notre Dame
2025,221,Pittsburgh Panthers,Pittsburgh,Atlantic Coast Conference,acc,Pittsburgh
2025,2567,SMU Mustangs,SMU,Atlantic Coast Conference,acc,SMU
2025,24,Stanford Cardinal,Stanford,Atlantic Coast Conference,acc,Stanford
2025,183,Syracuse Orange,Syracuse,Atlantic Coast Conference,acc,Syracuse
2025,258,Virginia Cavaliers,Virginia,Atlantic Coast Conference,acc,Virginia
2025,259,Virginia Tech Hokies,Virginia Tech,Atlantic Coast Conference,acc,Virginia Tech
2025,154,Wake Forest Demon Deacons,Wake Forest,Atlantic Coast Conference,acc,Wake Forest
2025,12,Arizona Wildcats,Arizona,Big 12 Conference,big12,Arizona
2025,9,Arizona State Sun Devils,Arizona State,Big 12 Conference,big12,Arizona St.
2025,239,Baylor Bears,Baylor,Big 12 Conference,big12,Baylor
2025,252,BYU Cougars,BYU,Big 12 Conference,big12,BYU
2025,2132,Cincinnati Bearcats,Cincinnati,Big 12 Conference,big12,Cincinnati
2025,38,Colorado Buffaloes,Colorado,Big 12 Conference,big12,Colorado
2025,248,Houston Cougars,Houston,Big 12 Conference,big12,Houston
2025,66,Iowa State Cyclones,Iowa State,Big 12 Conference,big12,Iowa St.
2025,2305,Kansas Jayhawks,Kansas,Big 12 Conference,big12,Kansas
2025,2306,Kansas State Wildcats,Kansas State,Big 12 Conference,big12,Kansas St.
2025,197,Oklahoma State Cowboys,Oklahoma State,Big 12 Conference,big12,Oklahoma St.
2025,2628,TCU Horned Frogs,TCU,Big 12 Conference,big12,TCU
2025,2641,Texas Tech Red Raiders,Texas Tech,Big 12 Conference,big12,Texas Tech
2025,2116,UCF Knights,UCF,Big 12 Conference,big12,UCF
2025,254,Utah Utes,Utah,Big 12 Conference,big12,Utah
2025,277,West Virginia Mountaineers,West Virginia,Big 12 Conference,big12,West Virginia
2025,2086,Butler Bulldogs,Butler,Big East Conference,bige,Butler
2025,156,Creighton Bluejays,Creighton,Big East Conference,bige,Creighton
2025,305,DePaul Blue Demons,DePaul,Big East Conference,bige,DePaul
2025,46,Georgetown Hoyas,Georgetown,Big East Conference,bige,Georgetown
2025,269,Marquette Golden Eagles,Marquette,Big East Conference,bige,Marquette
2025,2507,Providence Friars,Providence,Big East Conference,bige,Providence
2025,2550,Seton Hall Pirates,Seton Hall,Big East Conference,bige,Seton Hall
2025,2599,St. John's Red Storm,St. John's,Big East Conference,bige,St. John's
2025,41,UConn Huskies,UConn,Big East Conference,bige,Connecticut
2025,222,Villanova Wildcats,Villanova,Big East Conference,bige,Villanova
2025,2752,Xavier Musketeers,Xavier,Big East Conference,bige,Xavier
2025,331,Eastern Washington Eagles,Eastern Washington,Big Sky Conference,bsky,Eastern Washington
2025,70,Idaho Vandals,Idaho,Big Sky Conference,bsky,Idaho
2025,304,Idaho State Bengals,Idaho State,Big Sky Conference,bsky,Idaho St.
2025,149,Montana Grizzlies,Montana,Big Sky Conference,bsky,Montana
2025,147,Montana State Bobcats,Montana State,Big Sky Conference,bsky,Montana St.
2025,2464,Northern Arizona Lumberjacks,Northern Arizona,Big Sky Conference,bsky,Northern Arizona
2025,2458,Northern Colorado Bears,Northern Colorado,Big Sky Conference,bsky,Northern Colorado
2025,2502,Portland State Vikings,Portland State,Big Sky Conference,bsky,Portland St.
2025,16,Sacramento State Hornets,Sacramento State,Big Sky Conference,bsky,Sacramento St.
2025,2692,Weber State Wildcats,Weber State,Big Sky Conference,bsky,Weber St.
2025,2127,Charleston Southern Buccaneers,Charleston Southern,Big South Conference,bsou,Charleston Southern
2025,2241,Gardner-Webb Runnin' Bulldogs,Gardner-Webb,Big South Conference,bsou,Gardner Webb
2025,2272,High Point Panthers,High Point,Big South Conference,bsou,High Point
2025,2344,Longwood Lancers,Longwood,Big South Conference,bsou,Longwood
2025,2506,Presbyterian Blue Hose,Presbyterian,Big South Conference,bsou,Presbyterian
2025,2515,Radford Highlanders,Radford,Big South Conference,bsou,Radford
2025,2908,South Carolina Upstate Spartans,South Carolina Upstate,Big South Conference,bsou,USC Upstate
2025,2427,UNC Asheville Bulldogs,UNC Asheville,Big South Conference,bsou,UNC Asheville
2025,2737,Winthrop Eagles,Winthrop,Big South Conference,bsou,Winthrop
2025,356,Illinois Fighting Illini,Illinois,Big Ten Conference,big10,Illinois
2025,84,Indiana Hoosiers,Indiana,Big Ten Conference,big10,Indiana
2025,2294,Iowa Hawkeyes,Iowa,Big Ten Conference,big10,Iowa
2025,120,Maryland Terrapins,Maryland,Big Ten Conference,big10,Maryland
2025,130,Michigan Wolverines,Michigan,Big Ten Conference,big10,Michigan
2025,127,Michigan State Spartans,Michigan State,Big Ten Conference,big10,Michigan St.
2025,135,Minnesota Golden Gophers,Minnesota,Big Ten Conference,big10,Minnesota
2025,158,Nebraska Cornhuskers,Nebraska,Big Ten Conference,big10,Nebraska
2025,77,Northwestern Wildcats,Northwestern,Big Ten Conference,big10,Northwestern
2025,194,Ohio State Buckeyes,Ohio State,Big Ten Conference,big10,Ohio St.
2025,2483,Oregon Ducks,Oregon,Big Ten Conference,big10,Oregon
2025,213,Penn State Nittany Lions,Penn State,Big Ten Conference,big10,Penn St.
2025,2509,Purdue Boilermakers,Purdue,Big Ten Conference,big10,Purdue
2025,164,Rutgers Scarlet Knights,Rutgers,Big Ten Conference,big10,Rutgers
2025,26,UCLA Bruins,UCLA,Big Ten Conference,big10,UCLA
2025,30,USC Trojans,USC,Big Ten Conference,big10,USC
2025,264,Washington Huskies,Washington,Big Ten Conference,big10,Washington
2025,275,Wisconsin Badgers,Wisconsin,Big Ten Conference,big10,Wisconsin
2025,13,Cal Poly Mustangs,Cal Poly,Big West Conference,bigw,Cal Poly
2025,2934,Cal State Bakersfield Roadrunners,Cal State Bakersfield,Big West Conference,bigw,Cal St. Bakersfield
2025,2239,Cal State Fullerton Titans,Cal State Fullerton,Big West Conference,bigw,Cal St. Fullerton
2025,2463,Cal State Northridge Matadors,Cal State Northridge,Big West Conference,bigw,Cal St. Northridge
2025,62,Hawai'i Rainbow Warriors,Hawai'i,Big West Conference,bigw,Hawaii
2025,299,Long Beach State Beach,Long Beach State,Big West Conference,bigw,Long Beach St.
2025,302,UC Davis Aggies,UC Davis,Big West Conference,bigw,UC Davis
2025,300,UC Irvine Anteaters,UC Irvine,Big West Conference,bigw,UC Irvine
2025,27,UC Riverside Highlanders,UC Riverside,Big West Conference,bigw,UC Riverside
2025,28,UC San Diego Tritons,UC San Diego,Big West Conference,bigw,UC San Diego
2025,2540,UC Santa Barbara Gauchos,UC Santa Barbara,Big West Conference,bigw,UC Santa Barbara
2025,2097,Campbell Fighting Camels,Campbell,Coastal Athletic Association,col,Campbell
2025,232,Charleston Cougars,Charleston,Coastal Athletic Association,col,Charleston
2025,48,Delaware Blue Hens,Delaware,Coastal Athletic Association,col,Delaware
2025,2182,Drexel Dragons,Drexel,Coastal Athletic Association,col,Drexel
2025,2210,Elon Phoenix,Elon,Coastal Athletic Association,col,Elon
2025,2261,Hampton Pirates,Hampton,Coastal Athletic Association,col,Hampton
2025,2275,Hofstra Pride,Hofstra,Coastal Athletic Association,col,Hofstra
2025,2405,Monmouth Hawks,Monmouth,Coastal Athletic Association,col,Monmouth
2025,2448,North Carolina A&T Aggies,North Carolina A&T,Coastal Athletic Association,col,North Carolina A&T
2025,111,Northeastern Huskies,Northeastern,Coastal Athletic Association,col,Northeastern
2025,2619,Stony Brook Seawolves,Stony Brook,Coastal Athletic Association,col,Stony Brook
2025,119,Towson Tigers,Towson,Coastal Athletic Association,col,Towson
2025,350,UNC Wilmington Seahawks,UNC Wilmington,Coastal Athletic Association,col,UNC Wilmington
2025,2729,William & Mary Tribe,William & Mary,Coastal Athletic Association,col,William & Mary
2025,2229,Florida International Panthers,Florida International,Conference USA,,FIU
2025,55,Jacksonville State Gamecocks,Jacksonville State,Conference USA,usa,Jacksonville St.
2025,338,Kennesaw State Owls,Kennesaw State,Conference USA,usa,Kennesaw St.
2025,2335,Liberty Flames,Liberty,Conference USA,usa,Liberty
2025,2348,Louisiana Tech Bulldogs,Louisiana Tech,Conference USA,usa,Louisiana Tech
2025,2393,Middle Tennessee Blue Raiders,Middle Tennessee,Conference USA,usa,Middle Tennessee
2025,166,New Mexico State Aggies,New Mexico State,Conference USA,usa,New Mexico St.
2025,2534,Sam Houston Bearkats,Sam Houston,Conference USA,usa,Sam Houston St.
2025,2638,UTEP Miners,UTEP,Conference USA,usa,UTEP
2025,98,Western Kentucky Hilltoppers,Western Kentucky,Conference USA,usa,Western Kentucky
2025,325,Cleveland State Vikings,Cleveland State,Horizon League,hor,Cleveland St.
2025,2174,Detroit Mercy Titans,Detroit Mercy,Horizon League,hor,Detroit Mercy
2025,2739,Green Bay Phoenix,Green Bay,Horizon League,hor,Green Bay
2025,85,IU Indianapolis Jaguars,IU Indianapolis,Horizon League,hor,IU Indy
2025,270,Milwaukee Panthers,Milwaukee,Horizon League,hor,Milwaukee
2025,94,Northern Kentucky Norse,Northern Kentucky,Horizon League,hor,Northern Kentucky
2025,2473,Oakland Golden Grizzlies,Oakland,Horizon League,hor,Oakland
2025,2870,Purdue Fort Wayne Mastodons,Purdue Fort Wayne,Horizon League,hor,Purdue Fort Wayne
2025,2523,Robert Morris Colonials,Robert Morris,Horizon League,hor,Robert Morris
2025,2750,Wright State Raiders,Wright State,Horizon League,hor,Wright St.
2025,2754,Youngstown State Penguins,Youngstown State,Horizon League,hor,Youngstown St.
2025,225,Brown Bears,Brown,Ivy League,ivy,Brown
2025,171,Columbia Lions,Columbia,Ivy League,ivy,Columbia
2025,172,Cornell Big Red,Cornell,Ivy League,ivy,Cornell
2025,159,Dartmouth Big Green,Dartmouth,Ivy League,ivy,Dartmouth
2025,108,Harvard Crimson,Harvard,Ivy League,ivy,Harvard
2025,219,Pennsylvania Quakers,Pennsylvania,Ivy League,ivy,Penn
2025,163,Princeton Tigers,Princeton,Ivy League,ivy,Princeton
2025,43,Yale Bulldogs,Yale,Ivy League,ivy,Yale
2025,2099,Canisius Golden Griffins,Canisius,Metro Atlantic Athletic Conference,maac,Canisius
2025,2217,Fairfield Stags,Fairfield,Metro Atlantic Athletic Conference,maac,Fairfield
2025,314,Iona Gaels,Iona,Metro Atlantic Athletic Conference,maac,Iona
2025,2363,Manhattan Jaspers,Manhattan,Metro Atlantic Athletic Conference,maac,Manhattan
2025,2368,Marist Red Foxes,Marist,Metro Atlantic Athletic Conference,maac,Marist
2025,2771,Merrimack Warriors,Merrimack,Metro Atlantic Athletic Conference,maac,Merrimack
2025,116,Mount St. Mary's Mountaineers,Mount St. Mary's,Metro Atlantic Athletic Conference,maac,Mount St. Mary's
2025,315,Niagara Purple Eagles,Niagara,Metro Atlantic Athletic Conference,maac,Niagara
2025,2514,Quinnipiac Bobcats,Quinnipiac,Metro Atlantic Athletic Conference,maac,Quinnipiac
2025,2520,Rider Broncs,Rider,Metro Atlantic Athletic Conference,maac,Rider
2025,2529,Sacred Heart Pioneers,Sacred Heart,Metro Atlantic Athletic Conference,maac,Sacred Heart
2025,2612,Saint Peter's Peacocks,Saint Peter's,Metro Atlantic Athletic Conference,maac,Saint Peter's
2025,2561,Siena Saints,Siena,Metro Atlantic Athletic Conference,maac,Siena
2025,2006,Akron Zips,Akron,Mid-American Conference,midam,Akron
2025,2050,Ball State Cardinals,Ball State,Mid-American Conference,midam,Ball St.
2025,189,Bowling Green Falcons,Bowling Green,Mid-American Conference,midam,Bowling Green
2025,2084,Buffalo Bulls,Buffalo,Mid-American Conference,midam,Buffalo
2025,2117,Central Michigan Chippewas,Central Michigan,Mid-American Conference,midam,Central Michigan
2025,2199,Eastern Michigan Eagles,Eastern Michigan,Mid-American Conference,midam,Eastern Michigan
2025,2309,Kent State Golden Flashes,Kent State,Mid-American Conference,midam,Kent St.
2025,193,Miami (OH) RedHawks,Miami (OH),Mid-American Conference,midam,Miami OH
2025,2459,Northern Illinois Huskies,Northern Illinois,Mid-American Conference,midam,Northern Illinois
2025,195,Ohio Bobcats,Ohio,Mid-American Conference,midam,Ohio
2025,2649,Toledo Rockets,Toledo,Mid-American Conference,midam,Toledo
2025,2711,Western Michigan Broncos,Western Michigan,Mid-American Conference,midam,Western Michigan
2025,2154,Coppin State Eagles,Coppin State,Mid-Eastern Athletic Conference,meac,Coppin St.
2025,2169,Delaware State Hornets,Delaware State,Mid-Eastern Athletic Conference,meac,Delaware St.
2025,47,Howard Bison,Howard,Mid-Eastern Athletic Conference,meac,Howard
2025,2379,Maryland Eastern Shore Hawks,Maryland Eastern Shore,Mid-Eastern Athletic Conference,meac,Maryland Eastern Shore
2025,2415,Morgan State Bears,Morgan State,Mid-Eastern Athletic Conference,meac,Morgan St.
2025,2450,Norfolk State Spartans,Norfolk State,Mid-Eastern Athletic Conference,meac,Norfolk St.
2025,2428,North Carolina Central Eagles,North Carolina Central,Mid-Eastern Athletic Conference,meac,North Carolina Central
2025,2569,South Carolina State Bulldogs,South Carolina State,Mid-Eastern Athletic Conference,meac,South Carolina St.
2025,2057,Belmont Bruins,Belmont,Missouri Valley Conference,mvc,Belmont
2025,71,Bradley Braves,Bradley,Missouri Valley Conference,mvc,Bradley
2025,2181,Drake Bulldogs,Drake,Missouri Valley Conference,mvc,Drake
2025,339,Evansville Purple Aces,Evansville,Missouri Valley Conference,mvc,Evansville
2025,2287,Illinois State Redbirds,Illinois State,Missouri Valley Conference,mvc,Illinois St.
2025,282,Indiana State Sycamores,Indiana State,Missouri Valley Conference,mvc,Indiana St.
2025,2623,Missouri State Bears,Missouri State,Missouri Valley Conference,mvc,Missouri St.
2025,93,Murray State Racers,Murray State,Missouri Valley Conference,mvc,Murray St.
2025,2460,Northern Iowa Panthers,Northern Iowa,Missouri Valley Conference,mvc,Northern Iowa
2025,79,Southern Illinois Salukis,Southern Illinois,Missouri Valley Conference,mvc,Southern Illinois
2025,82,UIC Flames,UIC,Missouri Valley Conference,mvc,Illinois Chicago
2025,2674,Valparaiso Beacons,Valparaiso,Missouri Valley Conference,mvc,Valparaiso
2025,2005,Air Force Falcons,Air Force,Mountain West Conference,mwest,Air Force
2025,68,Boise State Broncos,Boise State,Mountain West Conference,mwest,Boise St.
2025,36,Colorado State Rams,Colorado State,Mountain West Conference,mwest,Colorado St.
2025,278,Fresno State Bulldogs,Fresno State,Mountain West Conference,mwest,Fresno St.
2025,2440,Nevada Wolf Pack,Nevada,Mountain West Conference,mwest,Nevada
2025,167,New Mexico Lobos,New Mexico,Mountain West Conference,mwest,New Mexico
2025,21,San Diego State Aztecs,San Diego State,Mountain West Conference,mwest,San Diego St.
2025,23,San José State Spartans,San José State,Mountain West Conference,mwest,San Jose St.
2025,2439,UNLV Rebels,UNLV,Mountain West Conference,mwest,UNLV
2025,328,Utah State Aggies,Utah State,Mountain West Conference,mwest,Utah St.
2025,2751,Wyoming Cowboys,Wyoming,Mountain West Conference,mwest,Wyoming
2025,2115,Central Connecticut Blue Devils,Central Connecticut,Northeast Conference,neast,Central Connecticut
2025,2130,Chicago State Cougars,Chicago State,Northeast Conference,neast,Chicago St.
2025,161,Fairleigh Dickinson Knights,Fairleigh Dickinson,Northeast Conference,neast,Fairleigh Dickinson
2025,2330,Le Moyne Dolphins,Le Moyne,Northeast Conference,neast,Le Moyne
2025,112358,Long Island University Sharks,Long Island University,Northeast Conference,neast,LIU
2025,2385,Mercyhurst Lakers,Mercyhurst,Northeast Conference,neast,Mercyhurst
2025,2598,St. Francis (PA) Red Flash,St. Francis (PA),Northeast Conference,neast,Saint Francis
2025,284,Stonehill Skyhawks,Stonehill,Northeast Conference,neast,Stonehill
2025,2681,Wagner Seahawks,Wagner,Northeast Conference,neast,Wagner
2025,2197,Eastern Illinois Panthers,Eastern Illinois,Ohio Valley Conference,ovc,Eastern Illinois
2025,2815,Lindenwood Lions,Lindenwood,Ohio Valley Conference,ovc,Lindenwood
2025,2031,Little Rock Trojans,Little Rock,Ohio Valley Conference,ovc,Little Rock
2025,2413,Morehead State Eagles,Morehead State,Ohio Valley Conference,ovc,Morehead St.
2025,2565,SIU Edwardsville Cougars,SIU Edwardsville,Ohio Valley Conference,ovc,SIU Edwardsville
2025,2546,Southeast Missouri State Redhawks,Southeast Missouri State,Ohio Valley Conference,ovc,Southeast Missouri St.
2025,88,Southern Indiana Screaming Eagles,Southern Indiana,Ohio Valley Conference,ovc,Southern Indiana
2025,2634,Tennessee State Tigers,Tennessee State,Ohio Valley Conference,ovc,Tennessee St.
2025,2635,Tennessee Tech Golden Eagles,Tennessee Tech,Ohio Valley Conference,ovc,Tennessee Tech
2025,2630,UT Martin Skyhawks,UT Martin,Ohio Valley Conference,ovc,Tennessee Martin
2025,2710,Western Illinois Leathernecks,Western Illinois,Ohio Valley Conference,ovc,Western Illinois
2025,44,American University Eagles,American University,Patriot League,pat,American
2025,349,Army Black Knights,Army,Patriot League,pat,Army
2025,104,Boston University Terriers,Boston University,Patriot League,pat,Boston University
2025,2083,Bucknell Bison,Bucknell,Patriot League,pat,Bucknell
2025,2142,Colgate Raiders,Colgate,Patriot League,pat,Colgate
2025,107,Holy Cross Crusaders,Holy Cross,Patriot League,pat,Holy Cross
2025,322,Lafayette Leopards,Lafayette,Patriot League,pat,Lafayette
2025,2329,Lehigh Mountain Hawks,Lehigh,Patriot League,pat,Lehigh
2025,2352,Loyola Maryland Greyhounds,Loyola Maryland,Patriot League,pat,Loyola MD
2025,2426,Navy Midshipmen,Navy,Patriot League,pat,Navy
2025,333,Alabama Crimson Tide,Alabama,Southeastern Conference,sec,Alabama
2025,8,Arkansas Razorbacks,Arkansas,Southeastern Conference,sec,Arkansas
2025,2,Auburn Tigers,Auburn,Southeastern Conference,sec,Auburn
2025,57,Florida Gators,Florida,Southeastern Conference,sec,Florida
2025,61,Georgia Bulldogs,Georgia,Southeastern Conference,sec,Georgia
2025,96,Kentucky Wildcats,Kentucky,Southeastern Conference,sec,Kentucky
2025,99,LSU Tigers,LSU,Southeastern Conference,sec,LSU
2025,344,Mississippi State Bulldogs,Mississippi State,Southeastern Conference,sec,Mississippi St.
2025,142,Missouri Tigers,Missouri,Southeastern Conference,sec,Missouri
2025,201,Oklahoma Sooners,Oklahoma,Southeastern Conference,sec,Oklahoma
2025,145,Ole Miss Rebels,Ole Miss,Southeastern Conference,sec,Mississippi
2025,2579,South Carolina Gamecocks,South Carolina,Southeastern Conference,sec,South Carolina
2025,2633,Tennessee Volunteers,Tennessee,Southeastern Conference,sec,Tennessee
2025,251,Texas Longhorns,Texas,Southeastern Conference,sec,Texas
2025,245,Texas A&M Aggies,Texas A&M,Southeastern Conference,sec,Texas A&M
2025,238,Vanderbilt Commodores,Vanderbilt,Southeastern Conference,sec,Vanderbilt
2025,236,Chattanooga Mocs,Chattanooga,Southern Conference,south,Chattanooga
2025,2193,East Tennessee State Buccaneers,East Tennessee State,Southern Conference,south,East Tennessee St.
2025,231,Furman Paladins,Furman,Southern Conference,south,Furman
2025,2382,Mercer Bears,Mercer,Southern Conference,south,Mercer
2025,2535,Samford Bulldogs,Samford,Southern Conference,south,Samford
2025,2643,The Citadel Bulldogs,The Citadel,Southern Conference,south,The Citadel
2025,2430,UNC Greensboro Spartans,UNC Greensboro,Southern Conference,south,UNC Greensboro
2025,2678,VMI Keydets,VMI,Southern Conference,south,VMI
2025,2717,Western Carolina Catamounts,Western Carolina,Southern Conference,south,Western Carolina
2025,2747,Wofford Terriers,Wofford,Southern Conference,south,Wofford
2025,2277,Houston Christian Huskies,Houston Christian,Southland Conference,land,Houston Christian
2025,2916,Incarnate Word Cardinals,Incarnate Word,Southland Conference,land,Incarnate Word
2025,2320,Lamar Cardinals,Lamar,Southland Conference,land,Lamar
2025,2377,McNeese Cowboys,McNeese,Southland Conference,land,McNeese St.
2025,2443,New Orleans Privateers,New Orleans,Southland Conference,land,New Orleans
2025,2447,Nicholls Colonels,Nicholls,Southland Conference,land,Nicholls St.
2025,2466,Northwestern State Demons,Northwestern State,Southland Conference,land,Northwestern St.
2025,2545,SE Louisiana Lions,SE Louisiana,Southland Conference,land,Southeastern Louisiana
2025,2617,Stephen F. Austin Lumberjacks,Stephen F. Austin,Southland Conference,land,Stephen F. Austin
2025,2837,Texas A&M-Commerce Lions,Texas A&M-Commerce,Southland Conference,land,East Texas A&M
2025,357,Texas A&M-Corpus Christi Islanders,Texas A&M-Corpus Christi,Southland Conference,land,Texas A&M Corpus Chris
2025,292,UT Rio Grande Valley Vaqueros,UT Rio Grande Valley,Southland Conference,land,UT Rio Grande Valley
2025,2010,Alabama A&M Bulldogs,Alabama A&M,Southwestern Athletic Conference,swac,Alabama A&M
2025,2011,Alabama State Hornets,Alabama State,Southwestern Athletic Conference,swac,Alabama St.
2025,2016,Alcorn State Braves,Alcorn State,Southwestern Athletic Conference,swac,Alcorn St.
2025,2029,Arkansas-Pine Bluff Golden Lions,Arkansas-Pine Bluff,Southwestern Athletic Conference,swac,Arkansas Pine Bluff
2025,2065,Bethune-Cookman Wildcats,Bethune-Cookman,Southwestern Athletic Conference,swac,Bethune Cookman
2025,50,Florida A&M Rattlers,Florida A&M,Southwestern Athletic Conference,swac,Florida A&M
2025,2755,Grambling Tigers,Grambling,Southwestern Athletic Conference,swac,Grambling St.
2025,2296,Jackson State Tigers,Jackson State,Southwestern Athletic Conference,swac,Jackson St.
2025,2400,Mississippi Valley State Delta Devils,Mississippi Valley State,Southwestern Athletic Conference,swac,Mississippi Valley St.
2025,2504,Prairie View A&M Panthers,Prairie View A&M,Southwestern Athletic Conference,swac,Prairie View A&M
2025,2582,Southern Jaguars,Southern,Southwestern Athletic Conference,swac,Southern
2025,2640,Texas Southern Tigers,Texas Southern,Southwestern Athletic Conference,swac,Texas Southern
2025,2172,Denver Pioneers,Denver,Summit League,summ,Denver
2025,140,Kansas City Roos,Kansas City,Summit League,summ,UMKC
2025,155,North Dakota Fighting Hawks,North Dakota,Summit League,summ,North Dakota
2025,2449,North Dakota State Bison,North Dakota State,Summit League,summ,North Dakota St.
2025,2437,Omaha Mavericks,Omaha,Summit League,summ,Nebraska Omaha
2025,198,Oral Roberts Golden Eagles,Oral Roberts,Summit League,summ,Oral Roberts
2025,233,South Dakota Coyotes,South Dakota,Summit League,summ,South Dakota
2025,2571,South Dakota State Jackrabbits,South Dakota State,Summit League,summ,South Dakota St.
2025,2900,St. Thomas-Minnesota Tommies,St. Thomas-Minnesota,Summit League,summ,St. Thomas
2025,2026,App State Mountaineers,App State,Sun Belt Conference,belt,Appalachian St.
2025,2032,Arkansas State Red Wolves,Arkansas State,Sun Belt Conference,belt,Arkansas St.
2025,324,Coastal Carolina Chanticleers,Coastal Carolina,Sun Belt Conference,belt,Coastal Carolina
2025,290,Georgia Southern Eagles,Georgia Southern,Sun Belt Conference,belt,Georgia Southern
2025,2247,Georgia State Panthers,Georgia State,Sun Belt Conference,belt,Georgia St.
2025,256,James Madison Dukes,James Madison,Sun Belt Conference,belt,James Madison
2025,309,Louisiana Ragin' Cajuns,Louisiana,Sun Belt Conference,belt,Louisiana
2025,276,Marshall Thundering Herd,Marshall,Sun Belt Conference,belt,Marshall
2025,295,Old Dominion Monarchs,Old Dominion,Sun Belt Conference,belt,Old Dominion
2025,6,South Alabama Jaguars,South Alabama,Sun Belt Conference,belt,South Alabama
2025,2572,Southern Miss Golden Eagles,Southern Miss,Sun Belt Conference,belt,Southern Miss
2025,326,Texas State Bobcats,Texas State,Sun Belt Conference,belt,Texas St.
2025,2653,Troy Trojans,Troy,Sun Belt Conference,belt,Troy
2025,2433,UL Monroe Warhawks,UL Monroe,Sun Belt Conference,belt,Louisiana Monroe
2025,2250,Gonzaga Bulldogs,Gonzaga,West Coast Conference,wcc,Gonzaga
2025,2351,Loyola Marymount Lions,Loyola Marymount,West Coast Conference,wcc,Loyola Marymount
2025,204,Oregon State Beavers,Oregon State,West Coast Conference,wcc,Oregon St.
2025,279,Pacific Tigers,Pacific,West Coast Conference,wcc,Pacific
2025,2492,Pepperdine Waves,Pepperdine,West Coast Conference,wcc,Pepperdine
2025,2501,Portland Pilots,Portland,West Coast Conference,wcc,Portland
2025,2608,Saint Mary's Gaels,Saint Mary's,West Coast Conference,wcc,Saint Mary's
2025,301,San Diego Toreros,San Diego,West Coast Conference,wcc,San Diego
2025,2539,San Francisco Dons,San Francisco,West Coast Conference,wcc,San Francisco
2025,2541,Santa Clara Broncos,Santa Clara,West Coast Conference,wcc,Santa Clara
2025,265,Washington State Cougars,Washington State,West Coast Conference,wcc,Washington St.
2025,2000,Abilene Christian Wildcats,Abilene Christian,Western Athletic Conference,wac,Abilene Christian
2025,2856,California Baptist Lancers,California Baptist,Western Athletic Conference,wac,Cal Baptist
2025,2253,Grand Canyon Lopes,Grand Canyon,Western Athletic Conference,wac,Grand Canyon
2025,2547,Seattle U Redhawks,Seattle U,Western Athletic Conference,wac,Seattle
2025,253,Southern Utah Thunderbirds,Southern Utah,Western Athletic Conference,wac,Southern Utah
2025,2627,Tarleton State Texans,Tarleton State,Western Athletic Conference,wac,Tarleton St.
2025,250,UT Arlington Mavericks,UT Arlington,Western Athletic Conference,wac,UT Arlington
2025,3101,Utah Tech Trailblazers,Utah Tech,Western Athletic Conference,wac,Utah Tech
2025,3084,Utah Valley Wolverines,Utah Valley,Western Athletic Conference,wac,Utah Valley
2026,2046,Austin Peay Governors,Austin Peay,ASUN Conference,a-sun,Austin Peay
2026,91,Bellarmine Knights,Bellarmine,ASUN Conference,a-sun,Bellarmine
2026,2110,Central Arkansas Bears,Central Arkansas,ASUN Conference,a-sun,Central Arkansas
2026,2198,Eastern Kentucky Colonels,Eastern Kentucky,ASUN Conference,a-sun,Eastern Kentucky
2026,526,Florida Gulf Coast Eagles,Florida Gulf Coast,ASUN Conference,a-sun,Florida Gulf Coast
2026,294,Jacksonville Dolphins,Jacksonville,ASUN Conference,a-sun,Jacksonville
2026,288,Lipscomb Bisons,Lipscomb,ASUN Conference,a-sun,Lipscomb
2026,2453,North Alabama Lions,North Alabama,ASUN Conference,a-sun,North Alabama
2026,2454,North Florida Ospreys,North Florida,ASUN Conference,a-sun,North Florida
2026,2511,Queens University Royals,Queens University,ASUN Conference,a-sun,Queens
2026,56,Stetson Hatters,Stetson,ASUN Conference,a-sun,Stetson
2026,2698,West Georgia Wolves,West Georgia,ASUN Conference,a-sun,West Georgia
2026,2066,Binghamton Bearcats,Binghamton,America East Conference,aeast,Binghamton
2026,2803,Bryant Bulldogs,Bryant,America East Conference,aeast,Bryant
2026,311,Maine Black Bears,Maine,America East Conference,aeast,Maine
2026,160,New Hampshire Wildcats,New Hampshire,America East Conference,aeast,New Hampshire
2026,2885,NJIT Highlanders,NJIT,America East Conference,aeast,NJIT
2026,399,UAlbany Great Danes,UAlbany,America East Conference,aeast,Albany
2026,2349,UMass Lowell River Hawks,UMass Lowell,America East Conference,aeast,UMass Lowell
2026,2378,UMBC Retrievers,UMBC,America East Conference,aeast,UMBC
2026,261,Vermont Catamounts,Vermont,America East Conference,aeast,Vermont
2026,2429,Charlotte 49ers,Charlotte,American Athletic Conference,aac,Charlotte
2026,151,East Carolina Pirates,East Carolina,American Athletic Conference,aac,East Carolina
2026,2226,Florida Atlantic Owls,Florida Atlantic,American Athletic Conference,aac,Florida Atlantic
2026,235,Memphis Tigers,Memphis,American Athletic Conference,aac,Memphis
2026,249,North Texas Mean Green,North Texas,American Athletic Conference,aac,North Texas
2026,242,Rice Owls,Rice,American Athletic Conference,aac,Rice
2026,58,South Florida Bulls,South Florida,American Athletic Conference,aac,South Florida
2026,218,Temple Owls,Temple,American Athletic Conference,aac,Temple
2026,2655,Tulane Green Wave,Tulane,American Athletic Conference,aac,Tulane
2026,202,Tulsa Golden Hurricane,Tulsa,American Athletic Conference,aac,Tulsa
2026,5,UAB Blazers,UAB,American Athletic Conference,aac,UAB
2026,2636,UTSA Roadrunners,UTSA,American Athletic Conference,aac,UTSA
2026,2724,Wichita State Shockers,Wichita State,American Athletic Conference,aac,Wichita St.
2026,2166,Davidson Wildcats,Davidson,Atlantic 10 Conference,atl10,Davidson
2026,2168,Dayton Flyers,Dayton,Atlantic 10 Conference,atl10,Dayton
2026,2184,Duquesne Dukes,Duquesne,Atlantic 10 Conference,atl10,Duquesne
2026,2230,Fordham Rams,Fordham,Atlantic 10 Conference,atl10,Fordham
2026,2244,George Mason Patriots,George Mason,Atlantic 10 Conference,atl10,George Mason
2026,45,George Washington Revolutionaries,George Washington,Atlantic 10 Conference,atl10,George Washington
2026,2325,La Salle Explorers,La Salle,Atlantic 10 Conference,atl10,La Salle
2026,2350,Loyola Chicago Ramblers,Loyola Chicago,Atlantic 10 Conference,atl10,Loyola Chicago
2026,113,Massachusetts Minutemen,Massachusetts,Atlantic 10 Conference,atl10,Massachusetts
2026,227,Rhode Island Rams,Rhode Island,Atlantic 10 Conference,atl10,Rhode Island
2026,257,Richmond Spiders,Richmond,Atlantic 10 Conference,atl10,Richmond
2026,2603,Saint Joseph's Hawks,Saint Joseph's,Atlantic 10 Conference,atl10,Saint Joseph's
2026,139,Saint Louis Billikens,Saint Louis,Atlantic 10 Conference,atl10,Saint Louis
2026,179,St. Bonaventure Bonnies,St. Bonaventure,Atlantic 10 Conference,atl10,St. Bonaventure
2026,2670,VCU Rams,VCU,Atlantic 10 Conference,atl10,VCU
2026,103,Boston College Eagles,Boston College,Atlantic Coast Conference,acc,Boston College
2026,25,California Golden Bears,California,Atlantic Coast Conference,acc,California
2026,228,Clemson Tigers,Clemson,Atlantic Coast Conference,acc,Clemson
2026,150,Duke Blue Devils,Duke,Atlantic Coast Conference,acc,Duke
2026,52,Florida State Seminoles,Florida State,Atlantic Coast Conference,acc,Florida St.
2026,59,Georgia Tech Yellow Jackets,Georgia Tech,Atlantic Coast Conference,acc,Georgia Tech
2026,97,Louisville Cardinals,Louisville,Atlantic Coast Conference,acc,Louisville
2026,2390,Miami Hurricanes,Miami,Atlantic Coast Conference,acc,Miami FL
2026,152,NC State Wolfpack,NC State,Atlantic Coast Conference,acc,N.C. State
2026,153,North Carolina Tar Heels,North Carolina,Atlantic Coast Conference,acc,North Carolina
2026,87,Notre Dame Fighting Irish,Notre Dame,Atlantic Coast Conference,acc,Notre Dame
2026,221,Pittsburgh Panthers,Pittsburgh,Atlantic Coast Conference,acc,Pittsburgh
2026,2567,SMU Mustangs,SMU,Atlantic Coast Conference,acc,SMU
2026,24,Stanford Cardinal,Stanford,Atlantic Coast Conference,acc,Stanford
2026,183,Syracuse Orange,Syracuse,Atlantic Coast Conference,acc,Syracuse
2026,258,Virginia Cavaliers,Virginia,Atlantic Coast Conference,acc,Virginia
2026,259,Virginia Tech Hokies,Virginia Tech,Atlantic Coast Conference,acc,Virginia Tech
2026,154,Wake Forest Demon Deacons,Wake Forest,Atlantic Coast Conference,acc,Wake Forest
2026,12,Arizona Wildcats,Arizona,Big 12 Conference,big12,Arizona
2026,9,Arizona State Sun Devils,Arizona State,Big 12 Conference,big12,Arizona St.
2026,239,Baylor Bears,Baylor,Big 12 Conference,big12,Baylor
2026,252,BYU Cougars,BYU,Big 12 Conference,big12,BYU
2026,2132,Cincinnati Bearcats,Cincinnati,Big 12 Conference,big12,Cincinnati
2026,38,Colorado Buffaloes,Colorado,Big 12 Conference,big12,Colorado
2026,248,Houston Cougars,Houston,Big 12 Conference,big12,Houston
2026,66,Iowa State Cyclones,Iowa State,Big 12 Conference,big12,Iowa St.
2026,2305,Kansas Jayhawks,Kansas,Big 12 Conference,big12,Kansas
2026,2306,Kansas State Wildcats,Kansas State,Big 12 Conference,big12,Kansas St.
2026,197,Oklahoma State Cowboys,Oklahoma State,Big 12 Conference,big12,Oklahoma St.
2026,2628,TCU Horned Frogs,TCU,Big 12 Conference,big12,TCU
2026,2641,Texas Tech Red Raiders,Texas Tech,Big 12 Conference,big12,Texas Tech
2026,2116,UCF Knights,UCF,Big 12 Conference,big12,UCF
2026,254,Utah Utes,Utah,Big 12 Conference,big12,Utah
2026,277,West Virginia Mountaineers,West Virginia,Big 12 Conference,big12,West Virginia
2026,2086,Butler Bulldogs,Butler,Big East Conference,bige,Butler
2026,156,Creighton Bluejays,Creighton,Big East Conference,bige,Creighton
2026,305,DePaul Blue Demons,DePaul,Big East Conference,bige,DePaul
2026,46,Georgetown Hoyas,Georgetown,Big East Conference,bige,Georgetown
2026,269,Marquette Golden Eagles,Marquette,Big East Conference,bige,Marquette
2026,2507,Providence Friars,Providence,Big East Conference,bige,Providence
2026,2550,Seton Hall Pirates,Seton Hall,Big East Conference,bige,Seton Hall
2026,2599,St. John's Red Storm,St. John's,Big East Conference,bige,St. John's
2026,41,UConn Huskies,UConn,Big East Conference,bige,Connecticut
2026,222,Villanova Wildcats,Villanova,Big East Conference,bige,Villanova
2026,2752,Xavier Musketeers,Xavier,Big East Conference,bige,Xavier
2026,331,Eastern Washington Eagles,Eastern Washington,Big Sky Conference,bsky,Eastern Washington
2026,70,Idaho Vandals,Idaho,Big Sky Conference,bsky,Idaho
2026,304,Idaho State Bengals,Idaho State,Big Sky Conference,bsky,Idaho St.
2026,149,Montana Grizzlies,Montana,Big Sky Conference,bsky,Montana
2026,147,Montana State Bobcats,Montana State,Big Sky Conference,bsky,Montana St.
2026,2464,Northern Arizona Lumberjacks,Northern Arizona,Big Sky Conference,bsky,Northern Arizona
2026,2458,Northern Colorado Bears,Northern Colorado,Big Sky Conference,bsky,Northern Colorado
2026,2502,Portland State Vikings,Portland State,Big Sky Conference,bsky,Portland St.
2026,16,Sacramento State Hornets,Sacramento State,Big Sky Conference,bsky,Sacramento St.
2026,2692,Weber State Wildcats,Weber State,Big Sky Conference,bsky,Weber St.
2026,2127,Charleston Southern Buccaneers,Charleston Southern,Big South Conference,bsou,Charleston Southern
2026,2241,Gardner-Webb Runnin' Bulldogs,Gardner-Webb,Big South Conference,bsou,Gardner Webb
2026,2272,High Point Panthers,High Point,Big South Conference,bsou,High Point
2026,2344,Longwood Lancers,Longwood,Big South Conference,bsou,Longwood
2026,2506,Presbyterian Blue Hose,Presbyterian,Big South Conference,bsou,Presbyterian
2026,2515,Radford Highlanders,Radford,Big South Conference,bsou,Radford
2026,2908,South Carolina Upstate Spartans,South Carolina Upstate,Big South Conference,bsou,USC Upstate
2026,2427,UNC Asheville Bulldogs,UNC Asheville,Big South Conference,bsou,UNC Asheville
2026,2737,Winthrop Eagles,Winthrop,Big South Conference,bsou,Winthrop
2026,356,Illinois Fighting Illini,Illinois,Big Ten Conference,big10,Illinois
2026,84,Indiana Hoosiers,Indiana,Big Ten Conference,big10,Indiana
2026,2294,Iowa Hawkeyes,Iowa,Big Ten Conference,big10,Iowa
2026,120,Maryland Terrapins,Maryland,Big Ten Conference,big10,Maryland
2026,130,Michigan Wolverines,Michigan,Big Ten Conference,big10,Michigan
2026,127,Michigan State Spartans,Michigan State,Big Ten Conference,big10,Michigan St.
2026,135,Minnesota Golden Gophers,Minnesota,Big Ten Conference,big10,Minnesota
2026,158,Nebraska Cornhuskers,Nebraska,Big Ten Conference,big10,Nebraska
2026,77,Northwestern Wildcats,Northwestern,Big Ten Conference,big10,Northwestern
2026,194,Ohio State Buckeyes,Ohio State,Big Ten Conference,big10,Ohio St.
2026,2483,Oregon Ducks,Oregon,Big Ten Conference,big10,Oregon
2026,213,Penn State Nittany Lions,Penn State,Big Ten Conference,big10,Penn St.
2026,2509,Purdue Boilermakers,Purdue,Big Ten Conference,big10,Purdue
2026,164,Rutgers Scarlet Knights,Rutgers,Big Ten Conference,big10,Rutgers
2026,26,UCLA Bruins,UCLA,Big Ten Conference,big10,UCLA
2026,30,USC Trojans,USC,Big Ten Conference,big10,USC
2026,264,Washington Huskies,Washington,Big Ten Conference,big10,Washington
2026,275,Wisconsin Badgers,Wisconsin,Big Ten Conference,big10,Wisconsin
2026,13,Cal Poly Mustangs,Cal Poly,Big West Conference,bigw,Cal Poly
2026,2934,Cal State Bakersfield Roadrunners,Cal State Bakersfield,Big West Conference,bigw,Cal St. Bakersfield
2026,2239,Cal State Fullerton Titans,Cal State Fullerton,Big West Conference,bigw,Cal St. Fullerton
2026,2463,Cal State Northridge Matadors,Cal State Northridge,Big West Conference,bigw,Cal St. Northridge
2026,62,Hawai'i Rainbow Warriors,Hawai'i,Big West Conference,bigw,Hawaii
2026,299,Long Beach State Beach,Long Beach State,Big West Conference,bigw,Long Beach St.
2026,302,UC Davis Aggies,UC Davis,Big West Conference,bigw,UC Davis
2026,300,UC Irvine Anteaters,UC Irvine,Big West Conference,bigw,UC Irvine
2026,27,UC Riverside Highlanders,UC Riverside,Big West Conference,bigw,UC Riverside
2026,28,UC San Diego Tritons,UC San Diego,Big West Conference,bigw,UC San Diego
2026,2540,UC Santa Barbara Gauchos,UC Santa Barbara,Big West Conference,bigw,UC Santa Barbara
2026,2097,Campbell Fighting Camels,Campbell,Coastal Athletic Association,col,Campbell
2026,232,Charleston Cougars,Charleston,Coastal Athletic Association,col,Charleston
2026,48,Delaware Blue Hens,Delaware,Coastal Athletic Association,col,Delaware
2026,2182,Drexel Dragons,Drexel,Coastal Athletic Association,col,Drexel
2026,2210,Elon Phoenix,Elon,Coastal Athletic Association,col,Elon
2026,2261,Hampton Pirates,Hampton,Coastal Athletic Association,col,Hampton
2026,2275,Hofstra Pride,Hofstra,Coastal Athletic Association,col,Hofstra
2026,2405,Monmouth Hawks,Monmouth,Coastal Athletic Association,col,Monmouth
2026,2448,North Carolina A&T Aggies,North Carolina A&T,Coastal Athletic Association,col,North Carolina A&T
2026,111,Northeastern Huskies,Northeastern,Coastal Athletic Association,col,Northeastern
2026,2619,Stony Brook Seawolves,Stony Brook,Coastal Athletic Association,col,Stony Brook
2026,119,Towson Tigers,Towson,Coastal Athletic Association,col,Towson
2026,350,UNC Wilmington Seahawks,UNC Wilmington,Coastal Athletic Association,col,UNC Wilmington
2026,2729,William & Mary Tribe,William & Mary,Coastal Athletic Association,col,William & Mary
2026,2229,Florida International Panthers,Florida International,Conference USA,,FIU
2026,55,Jacksonville State Gamecocks,Jacksonville State,Conference USA,usa,Jacksonville St.
2026,338,Kennesaw State Owls,Kennesaw State,Conference USA,usa,Kennesaw St.
2026,2335,Liberty Flames,Liberty,Conference USA,usa,Liberty
2026,2348,Louisiana Tech Bulldogs,Louisiana Tech,Conference USA,usa,Louisiana Tech
2026,2393,Middle Tennessee Blue Raiders,Middle Tennessee,Conference USA,usa,Middle Tennessee
2026,166,New Mexico State Aggies,New Mexico State,Conference USA,usa,New Mexico St.
2026,2534,Sam Houston Bearkats,Sam Houston,Conference USA,usa,Sam Houston St.
2026,2638,UTEP Miners,UTEP,Conference USA,usa,UTEP
2026,98,Western Kentucky Hilltoppers,Western Kentucky,Conference USA,usa,Western Kentucky
2026,325,Cleveland State Vikings,Cleveland State,Horizon League,hor,Cleveland St.
2026,2174,Detroit Mercy Titans,Detroit Mercy,Horizon League,hor,Detroit Mercy
2026,2739,Green Bay Phoenix,Green Bay,Horizon League,hor,Green Bay
2026,85,IU Indianapolis Jaguars,IU Indianapolis,Horizon League,hor,IU Indy
2026,270,Milwaukee Panthers,Milwaukee,Horizon League,hor,Milwaukee
2026,94,Northern Kentucky Norse,Northern Kentucky,Horizon League,hor,Northern Kentucky
2026,2473,Oakland Golden Grizzlies,Oakland,Horizon League,hor,Oakland
2026,2870,Purdue Fort Wayne Mastodons,Purdue Fort Wayne,Horizon League,hor,Purdue Fort Wayne
2026,2523,Robert Morris Colonials,Robert Morris,Horizon League,hor,Robert Morris
2026,2750,Wright State Raiders,Wright State,Horizon League,hor,Wright St.
2026,2754,Youngstown State Penguins,Youngstown State,Horizon League,hor,Youngstown St.
2026,225,Brown Bears,Brown,Ivy League,ivy,Brown
2026,171,Columbia Lions,Columbia,Ivy League,ivy,Columbia
2026,172,Cornell Big Red,Cornell,Ivy League,ivy,Cornell
2026,159,Dartmouth Big Green,Dartmouth,Ivy League,ivy,Dartmouth
2026,108,Harvard Crimson,Harvard,Ivy League,ivy,Harvard
2026,219,Pennsylvania Quakers,Pennsylvania,Ivy League,ivy,Penn
2026,163,Princeton Tigers,Princeton,Ivy League,ivy,Princeton
2026,43,Yale Bulldogs,Yale,Ivy League,ivy,Yale
2026,2099,Canisius Golden Griffins,Canisius,Metro Atlantic Athletic Conference,maac,Canisius
2026,2217,Fairfield Stags,Fairfield,Metro Atlantic Athletic Conference,maac,Fairfield
2026,314,Iona Gaels,Iona,Metro Atlantic Athletic Conference,maac,Iona
2026,2363,Manhattan Jaspers,Manhattan,Metro Atlantic Athletic Conference,maac,Manhattan
2026,2368,Marist Red Foxes,Marist,Metro Atlantic Athletic Conference,maac,Marist
2026,2771,Merrimack Warriors,Merrimack,Metro Atlantic Athletic Conference,maac,Merrimack
2026,116,Mount St. Mary's Mountaineers,Mount St. Mary's,Metro Atlantic Athletic Conference,maac,Mount St. Mary's
2026,315,Niagara Purple Eagles,Niagara,Metro Atlantic Athletic Conference,maac,Niagara
2026,2514,Quinnipiac Bobcats,Quinnipiac,Metro Atlantic Athletic Conference,maac,Quinnipiac
2026,2520,Rider Broncs,Rider,Metro Atlantic Athletic Conference,maac,Rider
2026,2529,Sacred Heart Pioneers,Sacred Heart,Metro Atlantic Athletic Conference,maac,Sacred Heart
2026,2612,Saint Peter's Peacocks,Saint Peter's,Metro Atlantic Athletic Conference,maac,Saint Peter's
2026,2561,Siena Saints,Siena,Metro Atlantic Athletic Conference,maac,Siena
2026,2006,Akron Zips,Akron,Mid-American Conference,midam,Akron
2026,2050,Ball State Cardinals,Ball State,Mid-American Conference,midam,Ball St.
2026,189,Bowling Green Falcons,Bowling Green,Mid-American Conference,midam,Bowling Green
2026,2084,Buffalo Bulls,Buffalo,Mid-American Conference,midam,Buffalo
2026,2117,Central Michigan Chippewas,Central Michigan,Mid-American Conference,midam,Central Michigan
2026,2199,Eastern Michigan Eagles,Eastern Michigan,Mid-American Conference,midam,Eastern Michigan
2026,2309,Kent State Golden Flashes,Kent State,Mid-American Conference,midam,Kent St.
2026,193,Miami (OH) RedHawks,Miami (OH),Mid-American Conference,midam,Miami OH
2026,2459,Northern Illinois Huskies,Northern Illinois,Mid-American Conference,midam,Northern Illinois
2026,195,Ohio Bobcats,Ohio,Mid-American Conference,midam,Ohio
2026,2649,Toledo Rockets,Toledo,Mid-American Conference,midam,Toledo
2026,2711,Western Michigan Broncos,Western Michigan,Mid-American Conference,midam,Western Michigan
2026,2154,Coppin State Eagles,Coppin State,Mid-Eastern Athletic Conference,meac,Coppin St.
2026,2169,Delaware State Hornets,Delaware State,Mid-Eastern Athletic Conference,meac,Delaware St.
2026,47,Howard Bison,Howard,Mid-Eastern Athletic Conference,meac,Howard
2026,2379,Maryland Eastern Shore Hawks,Maryland Eastern Shore,Mid-Eastern Athletic Conference,meac,Maryland Eastern Shore
2026,2415,Morgan State Bears,Morgan State,Mid-Eastern Athletic Conference,meac,Morgan St.
2026,2450,Norfolk State Spartans,Norfolk State,Mid-Eastern Athletic Conference,meac,Norfolk St.
2026,2428,North Carolina Central Eagles,North Carolina Central,Mid-Eastern Athletic Conference,meac,North Carolina Central
2026,2569,South Carolina State Bulldogs,South Carolina State,Mid-Eastern Athletic Conference,meac,South Carolina St.
2026,2057,Belmont Bruins,Belmont,Missouri Valley Conference,mvc,Belmont
2026,71,Bradley Braves,Bradley,Missouri Valley Conference,mvc,Bradley
2026,2181,Drake Bulldogs,Drake,Missouri Valley Conference,mvc,Drake
2026,339,Evansville Purple Aces,Evansville,Missouri Valley Conference,mvc,Evansville
2026,2287,Illinois State Redbirds,Illinois State,Missouri Valley Conference,mvc,Illinois St.
2026,282,Indiana State Sycamores,Indiana State,Missouri Valley Conference,mvc,Indiana St.
2026,2623,Missouri State Bears,Missouri State,Missouri Valley Conference,mvc,Missouri St.
2026,93,Murray State Racers,Murray State,Missouri Valley Conference,mvc,Murray St.
2026,2460,Northern Iowa Panthers,Northern Iowa,Missouri Valley Conference,mvc,Northern Iowa
2026,79,Southern Illinois Salukis,Southern Illinois,Missouri Valley Conference,mvc,Southern Illinois
2026,82,UIC Flames,UIC,Missouri Valley Conference,mvc,Illinois Chicago
2026,2674,Valparaiso Beacons,Valparaiso,Missouri Valley Conference,mvc,Valparaiso
2026,2005,Air Force Falcons,Air Force,Mountain West Conference,mwest,Air Force
2026,68,Boise State Broncos,Boise State,Mountain West Conference,mwest,Boise St.
2026,36,Colorado State Rams,Colorado State,Mountain West Conference,mwest,Colorado St.
2026,278,Fresno State Bulldogs,Fresno State,Mountain West Conference,mwest,Fresno St.
2026,2440,Nevada Wolf Pack,Nevada,Mountain West Conference,mwest,Nevada
2026,167,New Mexico Lobos,New Mexico,Mountain West Conference,mwest,New Mexico
2026,21,San Diego State Aztecs,San Diego State,Mountain West Conference,mwest,San Diego St.
2026,23,San José State Spartans,San José State,Mountain West Conference,mwest,San Jose St.
2026,2439,UNLV Rebels,UNLV,Mountain West Conference,mwest,UNLV
2026,328,Utah State Aggies,Utah State,Mountain West Conference,mwest,Utah St.
2026,2751,Wyoming Cowboys,Wyoming,Mountain West Conference,mwest,Wyoming
2026,2115,Central Connecticut Blue Devils,Central Connecticut,Northeast Conference,neast,Central Connecticut
2026,2130,Chicago State Cougars,Chicago State,Northeast Conference,neast,Chicago St.
2026,161,Fairleigh Dickinson Knights,Fairleigh Dickinson,Northeast Conference,neast,Fairleigh Dickinson
2026,2330,Le Moyne Dolphins,Le Moyne,Northeast Conference,neast,Le Moyne
2026,112358,Long Island University Sharks,Long Island University,Northeast Conference,neast,LIU
2026,2385,Mercyhurst Lakers,Mercyhurst,Northeast Conference,neast,Mercyhurst
2026,2598,St. Francis (PA) Red Flash,St. Francis (PA),Northeast Conference,neast,Saint Francis
2026,284,Stonehill Skyhawks,Stonehill,Northeast Conference,neast,Stonehill
2026,2681,Wagner Seahawks,Wagner,Northeast Conference,neast,Wagner
2026,2197,Eastern Illinois Panthers,Eastern Illinois,Ohio Valley Conference,ovc,Eastern Illinois
2026,2815,Lindenwood Lions,Lindenwood,Ohio Valley Conference,ovc,Lindenwood
2026,2031,Little Rock Trojans,Little Rock,Ohio Valley Conference,ovc,Little Rock
2026,2413,Morehead State Eagles,Morehead State,Ohio Valley Conference,ovc,Morehead St.
2026,2565,SIU Edwardsville Cougars,SIU Edwardsville,Ohio Valley Conference,ovc,SIU Edwardsville
2026,2546,Southeast Missouri State Redhawks,Southeast Missouri State,Ohio Valley Conference,ovc,Southeast Missouri St.
2026,88,Southern Indiana Screaming Eagles,Southern Indiana,Ohio Valley Conference,ovc,Southern Indiana
2026,2634,Tennessee State Tigers,Tennessee State,Ohio Valley Conference,ovc,Tennessee St.
2026,2635,Tennessee Tech Golden Eagles,Tennessee Tech,Ohio Valley Conference,ovc,Tennessee Tech
2026,2630,UT Martin Skyhawks,UT Martin,Ohio Valley Conference,ovc,Tennessee Martin
2026,2710,Western Illinois Leathernecks,Western Illinois,Ohio Valley Conference,ovc,Western Illinois
2026,44,American University Eagles,American University,Patriot League,pat,American
2026,349,Army Black Knights,Army,Patriot League,pat,Army
2026,104,Boston University Terriers,Boston University,Patriot League,pat,Boston University
2026,2083,Bucknell Bison,Bucknell,Patriot League,pat,Bucknell
2026,2142,Colgate Raiders,Colgate,Patriot League,pat,Colgate
2026,107,Holy Cross Crusaders,Holy Cross,Patriot League,pat,Holy Cross
2026,322,Lafayette Leopards,Lafayette,Patriot League,pat,Lafayette
2026,2329,Lehigh Mountain Hawks,Lehigh,Patriot League,pat,Lehigh
2026,2352,Loyola Maryland Greyhounds,Loyola Maryland,Patriot League,pat,Loyola MD
2026,2426,Navy Midshipmen,Navy,Patriot League,pat,Navy
2026,333,Alabama Crimson Tide,Alabama,Southeastern Conference,sec,Alabama
2026,8,Arkansas Razorbacks,Arkansas,Southeastern Conference,sec,Arkansas
2026,2,Auburn Tigers,Auburn,Southeastern Conference,sec,Auburn
2026,57,Florida Gators,Florida,Southeastern Conference,sec,Florida
2026,61,Georgia Bulldogs,Georgia,Southeastern Conference,sec,Georgia
2026,96,Kentucky Wildcats,Kentucky,Southeastern Conference,sec,Kentucky
2026,99,LSU Tigers,LSU,Southeastern Conference,sec,LSU
2026,344,Mississippi State Bulldogs,Mississippi State,Southeastern Conference,sec,Mississippi St.
2026,142,Missouri Tigers,Missouri,Southeastern Conference,sec,Missouri
2026,201,Oklahoma Sooners,Oklahoma,Southeastern Conference,sec,Oklahoma
2026,145,Ole Miss Rebels,Ole Miss,Southeastern Conference,sec,Mississippi
2026,2579,South Carolina Gamecocks,South Carolina,Southeastern Conference,sec,South Carolina
2026,2633,Tennessee Volunteers,Tennessee,Southeastern Conference,sec,Tennessee
2026,251,Texas Longhorns,Texas,Southeastern Conference,sec,Texas
2026,245,Texas A&M Aggies,Texas A&M,Southeastern Conference,sec,Texas A&M
2026,238,Vanderbilt Commodores,Vanderbilt,Southeastern Conference,sec,Vanderbilt
2026,236,Chattanooga Mocs,Chattanooga,Southern Conference,south,Chattanooga
2026,2193,East Tennessee State Buccaneers,East Tennessee State,Southern Conference,south,East Tennessee St.
2026,231,Furman Paladins,Furman,Southern Conference,south,Furman
2026,2382,Mercer Bears,Mercer,Southern Conference,south,Mercer
2026,2535,Samford Bulldogs,Samford,Southern Conference,south,Samford
2026,2643,The Citadel Bulldogs,The Citadel,Southern Conference,south,The Citadel
2026,2430,UNC Greensboro Spartans,UNC Greensboro,Southern Conference,south,UNC Greensboro
2026,2678,VMI Keydets,VMI,Southern Conference,south,VMI
2026,2717,Western Carolina Catamounts,Western Carolina,Southern Conference,south,Western Carolina
2026,2747,Wofford Terriers,Wofford,Southern Conference,south,Wofford
2026,2277,Houston Christian Huskies,Houston Christian,Southland Conference,land,Houston Christian
2026,2916,Incarnate Word Cardinals,Incarnate Word,Southland Conference,land,Incarnate Word
2026,2320,Lamar Cardinals,Lamar,Southland Conference,land,Lamar
2026,2377,McNeese Cowboys,McNeese,Southland Conference,land,McNeese St.
2026,2443,New Orleans Privateers,New Orleans,Southland Conference,land,New Orleans
2026,2447,Nicholls Colonels,Nicholls,Southland Conference,land,Nicholls St.
2026,2466,Northwestern State Demons,Northwestern State,Southland Conference,land,Northwestern St.
2026,2545,SE Louisiana Lions,SE Louisiana,Southland Conference,land,Southeastern Louisiana
2026,2617,Stephen F. Austin Lumberjacks,Stephen F. Austin,Southland Conference,land,Stephen F. Austin
2026,2837,Texas A&M-Commerce Lions,Texas A&M-Commerce,Southland Conference,land,East Texas A&M
2026,357,Texas A&M-Corpus Christi Islanders,Texas A&M-Corpus Christi,Southland Conference,land,Texas A&M Corpus Chris
2026,292,UT Rio Grande Valley Vaqueros,UT Rio Grande Valley,Southland Conference,land,UT Rio Grande Valley
2026,2010,Alabama A&M Bulldogs,Alabama A&M,Southwestern Athletic Conference,swac,Alabama A&M
2026,2011,Alabama State Hornets,Alabama State,Southwestern Athletic Conference,swac,Alabama St.
2026,2016,Alcorn State Braves,Alcorn State,Southwestern Athletic Conference,swac,Alcorn St.
2026,2029,Arkansas-Pine Bluff Golden Lions,Arkansas-Pine Bluff,Southwestern Athletic Conference,swac,Arkansas Pine Bluff
2026,2065,Bethune-Cookman Wildcats,Bethune-Cookman,Southwestern Athletic Conference,swac,Bethune Cookman
2026,50,Florida A&M Rattlers,Florida A&M,Southwestern Athletic Conference,swac,Florida A&M
2026,2755,Grambling Tigers,Grambling,Southwestern Athletic Conference,swac,Grambling St.
2026,2296,Jackson State Tigers,Jackson State,Southwestern Athletic Conference,swac,Jackson St.
2026,2400,Mississippi Valley State Delta Devils,Mississippi Valley State,Southwestern Athletic Conference,swac,Mississippi Valley St.
2026,2504,Prairie View A&M Panthers,Prairie View A&M,Southwestern Athletic Conference,swac,Prairie View A&M
2026,2582,Southern Jaguars,Southern,Southwestern Athletic Conference,swac,Southern
2026,2640,Texas Southern Tigers,Texas Southern,Southwestern Athletic Conference,swac,Texas Southern
2026,2172,Denver Pioneers,Denver,Summit League,summ,Denver
2026,140,Kansas City Roos,Kansas City,Summit League,summ,UMKC
2026,155,North Dakota Fighting Hawks,North Dakota,Summit League,summ,North Dakota
2026,2449,North Dakota State Bison,North Dakota State,Summit League,summ,North Dakota St.
2026,2437,Omaha Mavericks,Omaha,Summit League,summ,Nebraska Omaha
2026,198,Oral Roberts Golden Eagles,Oral Roberts,Summit League,summ,Oral Roberts
2026,233,South Dakota Coyotes,South Dakota,Summit League,summ,South Dakota
2026,2571,South Dakota State Jackrabbits,South Dakota State,Summit League,summ,South Dakota St.
2026,2900,St. Thomas-Minnesota Tommies,St. Thomas-Minnesota,Summit League,summ,St. Thomas
2026,2026,App State Mountaineers,App State,Sun Belt Conference,belt,Appalachian St.
2026,2032,Arkansas State Red Wolves,Arkansas State,Sun Belt Conference,belt,Arkansas St.
2026,324,Coastal Carolina Chanticleers,Coastal Carolina,Sun Belt Conference,belt,Coastal Carolina
2026,290,Georgia Southern Eagles,Georgia Southern,Sun Belt Conference,belt,Georgia Southern
2026,2247,Georgia State Panthers,Georgia State,Sun Belt Conference,belt,Georgia St.
2026,256,James Madison Dukes,James Madison,Sun Belt Conference,belt,James Madison
2026,309,Louisiana Ragin' Cajuns,Louisiana,Sun Belt Conference,belt,Louisiana
2026,276,Marshall Thundering Herd,Marshall,Sun Belt Conference,belt,Marshall
2026,295,Old Dominion Monarchs,Old Dominion,Sun Belt Conference,belt,Old Dominion
2026,6,South Alabama Jaguars,South Alabama,Sun Belt Conference,belt,South Alabama
2026,2572,Southern Miss Golden Eagles,Southern Miss,Sun Belt Conference,belt,Southern Miss
2026,326,Texas State Bobcats,Texas State,Sun Belt Conference,belt,Texas St.
2026,2653,Troy Trojans,Troy,Sun Belt Conference,belt,Troy
2026,2433,UL Monroe Warhawks,UL Monroe,Sun Belt Conference,belt,Louisiana Monroe
2026,2250,Gonzaga Bulldogs,Gonzaga,West Coast Conference,wcc,Gonzaga
2026,2351,Loyola Marymount Lions,Loyola Marymount,West Coast Conference,wcc,Loyola Marymount
2026,204,Oregon State Beavers,Oregon State,West Coast Conference,wcc,Oregon St.
2026,279,Pacific Tigers,Pacific,West Coast Conference,wcc,Pacific
2026,2492,Pepperdine Waves,Pepperdine,West Coast Conference,wcc,Pepperdine
2026,2501,Portland Pilots,Portland,West Coast Conference,wcc,Portland
2026,2608,Saint Mary's Gaels,Saint Mary's,West Coast Conference,wcc,Saint Mary's
2026,301,San Diego Toreros,San Diego,West Coast Conference,wcc,San Diego
2026,2539,San Francisco Dons,San Francisco,West Coast Conference,wcc,San Francisco
2026,2541,Santa Clara Broncos,Santa Clara,West Coast Conference,wcc,Santa Clara
2026,265,Washington State Cougars,Washington State,West Coast Conference,wcc,Washington St.
2026,2000,Abilene Christian Wildcats,Abilene Christian,Western Athletic Conference,wac,Abilene Christian
2026,2856,California Baptist Lancers,California Baptist,Western Athletic Conference,wac,Cal Baptist
2026,2253,Grand Canyon Lopes,Grand Canyon,Western Athletic Conference,wac,Grand Canyon
2026,2547,Seattle U Redhawks,Seattle U,Western Athletic Conference,wac,Seattle
2026,253,Southern Utah Thunderbirds,Southern Utah,Western Athletic Conference,wac,Southern Utah
2026,2627,Tarleton State Texans,Tarleton State,Western Athletic Conference,wac,Tarleton St.
2026,250,UT Arlington Mavericks,UT Arlington,Western Athletic Conference,wac,UT Arlington
2026,3101,Utah Tech Trailblazers,Utah Tech,Western Athletic Conference,wac,Utah Tech
2026,3084,Utah Valley Wolverines,Utah Valley,Western Athletic Conference,wac,Utah Valley
