season,id,team,conference
2019,200000,Wisconsin-Lutheran Warriors,
2020,200000,Wisconsin-Lutheran Warriors,
2010,200001,Rochester University (MI) Warriors,
2011,200001,Rochester University (MI) Warriors,
2012,200001,Rochester University (MI) Warriors,
2019,200001,Rochester University (MI) Warriors,
2021,200001,Rochester University (MI) Warriors,
2010,200002,Kentucky Christian Knights,
2011,200002,Kentucky Christian Knights,
2019,200002,Kentucky Christian Knights,
2020,200002,Kentucky Christian Knights,
2022,200002,Kentucky Christian Knights,
2023,200002,Kentucky Christian Knights,
2024,200002,Kentucky Christian Knights,
2025,200002,Kentucky Christian Knights,
2019,200003,Rivier Raiders,
2022,200003,Rivier Raiders,
2024,200003,Rivier Raiders,
2025,200003,Rivier Raiders,
2011,200004,Arlington Baptist Patriots,
2012,200004,Arlington Baptist Patriots,
2019,200004,Arlington Baptist Patriots,
2020,200004,Arlington Baptist Patriots,
2021,200004,Arlington Baptist Patriots,
2022,200004,Arlington Baptist Patriots,
2023,200004,Arlington Baptist Patriots,
2024,200004,Arlington Baptist Patriots,
2025,200004,Arlington Baptist Patriots,
2010,200005,Johnson & Wales (CO) Wildcats,
2011,200005,Johnson & Wales (CO) Wildcats,
2012,200005,Johnson & Wales (CO) Wildcats,
2019,200005,Johnson & Wales (CO) Wildcats,
2020,200005,Johnson & Wales (CO) Wildcats,
2019,200006,Bob Jones Bruins,
2020,200006,Bob Jones Bruins,
2022,200006,Bob Jones Bruins,
2023,200006,Bob Jones Bruins,
2024,200006,Bob Jones Bruins,
2025,200006,Bob Jones Bruins,
2011,200007,Concordia-Ann Arbor Cardinals,
2012,200007,Concordia-Ann Arbor Cardinals,
2019,200007,Concordia-Ann Arbor Cardinals,
2020,200007,Concordia-Ann Arbor Cardinals,
2022,200007,Concordia-Ann Arbor Cardinals,
2023,200007,Concordia-Ann Arbor Cardinals,
2025,200007,Concordia-Ann Arbor Cardinals,
2012,200008,Mars Hill Mountain Lions,
2019,200008,Mars Hill Mountain Lions,
2020,200008,Mars Hill Mountain Lions,
2021,200008,Mars Hill Mountain Lions,
2023,200008,Mars Hill Mountain Lions,
2010,200009,MIT Engineers,
2011,200009,MIT Engineers,
2012,200009,MIT Engineers,
2019,200009,MIT Engineers,
2020,200009,MIT Engineers,
2022,200009,MIT Engineers,
2010,200010,Davis & Elkins Senators,
2019,200010,Davis & Elkins Senators,
2023,200010,Davis & Elkins Senators,
2025,200010,Davis & Elkins Senators,
2010,200011,Randolph College Wildcats,
2011,200011,Randolph College Wildcats,
2012,200011,Randolph College Wildcats,
2019,200011,Randolph College Wildcats,
2020,200011,Randolph College Wildcats,
2022,200011,Randolph College Wildcats,
2023,200011,Randolph College Wildcats,
2025,200011,Randolph College Wildcats,
2010,200012,Hartford Hawks,
2011,200012,Hartford Hawks,
2012,200012,Hartford Hawks,
2019,200012,Hartford Hawks,
2020,200012,Hartford Hawks,
2021,200012,Hartford Hawks,
2022,200012,Hartford Hawks,
2023,200012,Hartford Hawks,
2024,200012,Hartford Hawks,
2012,200013,Cedarville Yellow Jackets,
2019,200013,Cedarville Yellow Jackets,
2021,200013,Cedarville Yellow Jackets,
2019,200014,Eastern Mennonite Royals,
2022,200014,Eastern Mennonite Royals,
2024,200014,Eastern Mennonite Royals,
2010,200015,Lees-McRae Bobcats,
2012,200015,Lees-McRae Bobcats,
2019,200015,Lees-McRae Bobcats,
2022,200015,Lees-McRae Bobcats,
2023,200015,Lees-McRae Bobcats,
2010,200016,East Texas Baptist Tigers,
2011,200016,East Texas Baptist Tigers,
2012,200016,East Texas Baptist Tigers,
2019,200016,East Texas Baptist Tigers,
2021,200016,East Texas Baptist Tigers,
2019,200017,Columbia International Rams,
2020,200017,Columbia International Rams,
2021,200017,Columbia International Rams,
2022,200017,Columbia International Rams,
2023,200017,Columbia International Rams,
2024,200017,Columbia International Rams,
2025,200017,Columbia International Rams,
2019,200018,Southeastern Baptist College Chargers,
2020,200018,Southeastern Baptist College Chargers,
2022,200018,Southeastern Baptist College Chargers,
2012,200019,Fort Valley State Wildcats,
2019,200019,Fort Valley State Wildcats,
2022,200019,Fort Valley State Wildcats,
2024,200019,Fort Valley State Wildcats,
2025,200019,Fort Valley State Wildcats,
2012,200020,Saint Leo Monarchs,
2019,200020,Saint Leo Monarchs,
2019,200021,Westcliff Warriors,
2020,200021,Westcliff Warriors,
2022,200021,Westcliff Warriors,
2023,200021,Westcliff Warriors,
2024,200021,Westcliff Warriors,
2025,200021,Westcliff Warriors,
2010,200022,Oakland City Mighty Oaks,
2011,200022,Oakland City Mighty Oaks,
2012,200022,Oakland City Mighty Oaks,
2019,200022,Oakland City Mighty Oaks,
2020,200022,Oakland City Mighty Oaks,
2022,200022,Oakland City Mighty Oaks,
2023,200022,Oakland City Mighty Oaks,
2024,200022,Oakland City Mighty Oaks,
2010,200023,Huston-Tillotson Rams,
2011,200023,Huston-Tillotson Rams,
2012,200023,Huston-Tillotson Rams,
2019,200023,Huston-Tillotson Rams,
2023,200023,Huston-Tillotson Rams,
2011,200024,Mississippi College Choctaws,
2012,200024,Mississippi College Choctaws,
2019,200024,Mississippi College Choctaws,
2022,200024,Mississippi College Choctaws,
2023,200024,Mississippi College Choctaws,
2024,200024,Mississippi College Choctaws,
2025,200024,Mississippi College Choctaws,
2019,200025,West Coast Baptist Eagles,
2020,200025,West Coast Baptist Eagles,
2023,200025,West Coast Baptist Eagles,
2010,200026,Spring Hill Badgers,
2011,200026,Spring Hill Badgers,
2012,200026,Spring Hill Badgers,
2019,200026,Spring Hill Badgers,
2020,200026,Spring Hill Badgers,
2021,200026,Spring Hill Badgers,
2022,200026,Spring Hill Badgers,
2023,200026,Spring Hill Badgers,
2024,200026,Spring Hill Badgers,
2025,200026,Spring Hill Badgers,
2019,200027,Texas Permian Basin Falcons,
2020,200027,Texas Permian Basin Falcons,
2021,200027,Texas Permian Basin Falcons,
2022,200027,Texas Permian Basin Falcons,
2010,200028,Centenary (LA) Gentlemen,
2011,200028,Centenary (LA) Gentlemen,
2012,200028,Centenary (LA) Gentlemen,
2019,200028,Centenary (LA) Gentlemen,
2020,200028,Centenary (LA) Gentlemen,
2022,200028,Centenary (LA) Gentlemen,
2023,200028,Centenary (LA) Gentlemen,
2010,200029,Alaska Anchorage Seawolves,
2011,200029,Alaska Anchorage Seawolves,
2019,200029,Alaska Anchorage Seawolves,
2019,200030,Medgar Evers Cougars,
2020,200030,Medgar Evers Cougars,
2022,200030,Medgar Evers Cougars,
2023,200030,Medgar Evers Cougars,
2024,200030,Medgar Evers Cougars,
2025,200030,Medgar Evers Cougars,
2010,200031,Webber International Warriors,
2011,200031,Webber International Warriors,
2012,200031,Webber International Warriors,
2019,200031,Webber International Warriors,
2021,200031,Webber International Warriors,
2022,200031,Webber International Warriors,
2023,200031,Webber International Warriors,
2025,200031,Webber International Warriors,
2010,200032,Florida Tech Panthers,
2011,200032,Florida Tech Panthers,
2019,200032,Florida Tech Panthers,
2020,200032,Florida Tech Panthers,
2022,200032,Florida Tech Panthers,
2023,200032,Florida Tech Panthers,
2025,200032,Florida Tech Panthers,
2010,200033,Johnson University Florida Suns,
2011,200033,Johnson University Florida Suns,
2012,200033,Johnson University Florida Suns,
2019,200033,Johnson University Florida Suns,
2020,200033,Johnson University Florida Suns,
2022,200033,Johnson University Florida Suns,
2023,200033,Johnson University Florida Suns,
2024,200033,Johnson University Florida Suns,
2010,200034,St. Edward's Hilltoppers,
2011,200034,St. Edward's Hilltoppers,
2019,200034,St. Edward's Hilltoppers,
2019,200035,York College Nebraska Panthers,
2024,200035,York College Nebraska Panthers,
2025,200035,York College Nebraska Panthers,
2019,200036,UW-Parkside Rangers,
2023,200036,UW-Parkside Rangers,
2010,200037,Colorado Christian Cougars,
2011,200037,Colorado Christian Cougars,
2012,200037,Colorado Christian Cougars,
2019,200037,Colorado Christian Cougars,
2020,200037,Colorado Christian Cougars,
2021,200037,Colorado Christian Cougars,
2023,200037,Colorado Christian Cougars,
2024,200037,Colorado Christian Cougars,
2025,200037,Colorado Christian Cougars,
2010,200038,Savannah State Tigers,
2011,200038,Savannah State Tigers,
2012,200038,Savannah State Tigers,
2019,200038,Savannah State Tigers,
2012,200039,CS Dominguez Hills Toros,
2019,200039,CS Dominguez Hills Toros,
2024,200039,CS Dominguez Hills Toros,
2019,200040,SUNY-Canton Roos,
2023,200040,SUNY-Canton Roos,
2024,200040,SUNY-Canton Roos,
2025,200040,SUNY-Canton Roos,
2019,200041,Mid-Atlantic Christian Mustangs,
2020,200041,Mid-Atlantic Christian Mustangs,
2022,200041,Mid-Atlantic Christian Mustangs,
2023,200041,Mid-Atlantic Christian Mustangs,
2024,200041,Mid-Atlantic Christian Mustangs,
2025,200041,Mid-Atlantic Christian Mustangs,
2019,200042,Earlham College Quakers,
2022,200042,Earlham College Quakers,
2023,200042,Earlham College Quakers,
2025,200042,Earlham College Quakers,
2011,200043,Hiwassee Tigers,
2012,200043,Hiwassee Tigers,
2019,200043,Hiwassee Tigers,
2010,200044,Southeastern Fires,
2011,200044,Southeastern Fires,
2012,200044,Southeastern Fires,
2019,200044,Southeastern Fires,
2010,200045,Southwestern Assemblies of God Lions,
2011,200045,Southwestern Assemblies of God Lions,
2019,200045,Southwestern Assemblies of God Lions,
2022,200045,Southwestern Assemblies of God Lions,
2023,200045,Southwestern Assemblies of God Lions,
2024,200045,Southwestern Assemblies of God Lions,
2011,200046,Southeastern Oklahoma State Savage Storm,
2019,200046,Southeastern Oklahoma State Savage Storm,
2010,200047,Hendrix College Warriors,
2011,200047,Hendrix College Warriors,
2019,200047,Hendrix College Warriors,
2020,200047,Hendrix College Warriors,
2022,200047,Hendrix College Warriors,
2023,200047,Hendrix College Warriors,
2024,200047,Hendrix College Warriors,
2019,200048,Southwestern (TX) Pirates,
2020,200048,Southwestern (TX) Pirates,
2022,200048,Southwestern (TX) Pirates,
2023,200048,Southwestern (TX) Pirates,
2025,200048,Southwestern (TX) Pirates,
2019,200049,Buena Vista Beavers,
2010,200050,Milligan Buffaloes,
2011,200050,Milligan Buffaloes,
2012,200050,Milligan Buffaloes,
2019,200050,Milligan Buffaloes,
2020,200050,Milligan Buffaloes,
2022,200050,Milligan Buffaloes,
2023,200050,Milligan Buffaloes,
2024,200050,Milligan Buffaloes,
2025,200050,Milligan Buffaloes,
2010,200051,Piedmont Lions,
2011,200051,Piedmont Lions,
2012,200051,Piedmont Lions,
2019,200051,Piedmont Lions,
2020,200051,Piedmont Lions,
2021,200051,Piedmont Lions,
2022,200051,Piedmont Lions,
2023,200051,Piedmont Lions,
2024,200051,Piedmont Lions,
2025,200051,Piedmont Lions,
2019,200052,Johnson & Wales (FL),
2010,200053,St. Francis (IL) Fighting Saints,
2011,200053,St. Francis (IL) Fighting Saints,
2012,200053,St. Francis (IL) Fighting Saints,
2019,200053,St. Francis (IL) Fighting Saints,
2020,200053,St. Francis (IL) Fighting Saints,
2021,200053,St. Francis (IL) Fighting Saints,
2023,200053,St. Francis (IL) Fighting Saints,
2024,200053,St. Francis (IL) Fighting Saints,
2025,200053,St. Francis (IL) Fighting Saints,
2010,200054,William Carey Crusaders,
2019,200054,William Carey Crusaders,
2020,200054,William Carey Crusaders,
2021,200054,William Carey Crusaders,
2022,200054,William Carey Crusaders,
2023,200054,William Carey Crusaders,
2024,200054,William Carey Crusaders,
2025,200054,William Carey Crusaders,
2012,200055,Blue Mountain Toppers,
2019,200055,Blue Mountain Toppers,
2020,200055,Blue Mountain Toppers,
2022,200055,Blue Mountain Toppers,
2023,200055,Blue Mountain Toppers,
2024,200055,Blue Mountain Toppers,
2019,200056,Bethesda University Flames,
2020,200056,Bethesda University Flames,
2021,200056,Bethesda University Flames,
2022,200056,Bethesda University Flames,
2023,200056,Bethesda University Flames,
2024,200056,Bethesda University Flames,
2025,200056,Bethesda University Flames,
2011,200057,Colorado College Tigers,
2019,200057,Colorado College Tigers,
2020,200057,Colorado College Tigers,
2022,200057,Colorado College Tigers,
2023,200057,Colorado College Tigers,
2024,200057,Colorado College Tigers,
2025,200057,Colorado College Tigers,
2019,200058,Humboldt State Lumberjacks,
2012,200059,Simpson University (CA) Red Hawks,
2019,200059,Simpson University (CA) Red Hawks,
2020,200059,Simpson University (CA) Red Hawks,
2021,200059,Simpson University (CA) Red Hawks,
2010,200060,Millsaps Majors,
2011,200060,Millsaps Majors,
2019,200060,Millsaps Majors,
2020,200060,Millsaps Majors,
2022,200060,Millsaps Majors,
2024,200060,Millsaps Majors,
2011,200061,Shenandoah Hornets,
2012,200061,Shenandoah Hornets,
2019,200061,Shenandoah Hornets,
2020,200061,Shenandoah Hornets,
2022,200061,Shenandoah Hornets,
2019,200062,North Park Vikings,
2020,200062,North Park Vikings,
2022,200062,North Park Vikings,
2023,200062,North Park Vikings,
2024,200062,North Park Vikings,
2010,200063,Brevard Tornados,
2012,200063,Brevard Tornados,
2019,200063,Brevard Tornados,
2020,200063,Brevard Tornados,
2022,200063,Brevard Tornados,
2023,200063,Brevard Tornados,
2024,200063,Brevard Tornados,
2025,200063,Brevard Tornados,
2019,200064,Bemidji State Beavers,
2019,200065,Clarion Golden Eagles,
2010,200066,Wilberforce Bulldogs,
2011,200066,Wilberforce Bulldogs,
2012,200066,Wilberforce Bulldogs,
2019,200066,Wilberforce Bulldogs,
2020,200066,Wilberforce Bulldogs,
2024,200066,Wilberforce Bulldogs,
2010,200067,Menlo Oaks,
2012,200067,Menlo Oaks,
2019,200067,Menlo Oaks,
2020,200067,Menlo Oaks,
2022,200067,Menlo Oaks,
2023,200067,Menlo Oaks,
2024,200067,Menlo Oaks,
2025,200067,Menlo Oaks,
2011,200068,UT Tyler Patriots,
2012,200068,UT Tyler Patriots,
2019,200068,UT Tyler Patriots,
2024,200068,UT Tyler Patriots,
2019,200069,Emerson Lions,
2020,200069,Emerson Lions,
2023,200069,Emerson Lions,
2024,200069,Emerson Lions,
2025,200069,Emerson Lions,
2019,200070,Goshen Maple Leafs,
2020,200070,Goshen Maple Leafs,
2023,200070,Goshen Maple Leafs,
2024,200070,Goshen Maple Leafs,
2025,200070,Goshen Maple Leafs,
2019,200071,Middle Georgia State Knights,
2020,200071,Middle Georgia State Knights,
2023,200071,Middle Georgia State Knights,
2024,200071,Middle Georgia State Knights,
2025,200071,Middle Georgia State Knights,
2012,200072,Wesley Wolverines,
2019,200072,Wesley Wolverines,
2020,200072,Wesley Wolverines,
2011,200073,Huntingdon College (AL) Hawks,
2019,200073,Huntingdon College (AL) Hawks,
2019,200074,Wabash College Little Giants,
2023,200074,Wabash College Little Giants,
2019,200075,LaGrange Panthers,
2022,200075,LaGrange Panthers,
2023,200075,LaGrange Panthers,
2024,200075,LaGrange Panthers,
2025,200075,LaGrange Panthers,
2019,200076,Presentation College Saints,
2022,200076,Presentation College Saints,
2010,200077,Mount Saint Vincent,
2019,200077,Mount Saint Vincent,
2020,200077,Mount Saint Vincent,
2022,200077,Mount Saint Vincent,
2023,200077,Mount Saint Vincent,
2024,200077,Mount Saint Vincent,
2019,200078,Misericordia Cougars,
2020,200078,Misericordia Cougars,
2023,200078,Misericordia Cougars,
2025,200078,Misericordia Cougars,
2019,200079,Welch Flames,
2019,200080,Heidelberg Student Princes,
2020,200080,Heidelberg Student Princes,
2022,200080,Heidelberg Student Princes,
2024,200080,Heidelberg Student Princes,
2025,200080,Heidelberg Student Princes,
2019,200081,Midway University Eagles,
2020,200081,Midway University Eagles,
2022,200081,Midway University Eagles,
2024,200081,Midway University Eagles,
2025,200081,Midway University Eagles,
2010,200082,Bridgewater College (VA) Eagles,
2012,200082,Bridgewater College (VA) Eagles,
2019,200082,Bridgewater College (VA) Eagles,
2020,200082,Bridgewater College (VA) Eagles,
2022,200082,Bridgewater College (VA) Eagles,
2023,200082,Bridgewater College (VA) Eagles,
2024,200082,Bridgewater College (VA) Eagles,
2012,200083,Quincy Hawks,
2019,200083,Quincy Hawks,
2020,200083,Quincy Hawks,
2021,200083,Quincy Hawks,
2022,200083,Quincy Hawks,
2019,200084,Western New England Golden Bears,
2022,200084,Western New England Golden Bears,
2023,200084,Western New England Golden Bears,
2019,200085,University of The Ozarks Eagles,
2010,200086,Texas Lutheran Bulldogs,
2011,200086,Texas Lutheran Bulldogs,
2012,200086,Texas Lutheran Bulldogs,
2019,200086,Texas Lutheran Bulldogs,
2020,200086,Texas Lutheran Bulldogs,
2022,200086,Texas Lutheran Bulldogs,
2023,200086,Texas Lutheran Bulldogs,
2024,200086,Texas Lutheran Bulldogs,
2025,200086,Texas Lutheran Bulldogs,
2011,200087,Pensacola Christian College PENSACOLA CHRISTIAN,
2019,200087,Pensacola Christian College PENSACOLA CHRISTIAN,
2019,200088,Missouri Baptist Spartans,
2020,200088,Missouri Baptist Spartans,
2022,200088,Missouri Baptist Spartans,
2024,200088,Missouri Baptist Spartans,
2010,200089,Montana Tech Orediggers,
2011,200089,Montana Tech Orediggers,
2012,200089,Montana Tech Orediggers,
2019,200089,Montana Tech Orediggers,
2020,200089,Montana Tech Orediggers,
2022,200089,Montana Tech Orediggers,
2024,200089,Montana Tech Orediggers,
2025,200089,Montana Tech Orediggers,
2019,200090,Life Pacific Warriors,
2020,200090,Life Pacific Warriors,
2022,200090,Life Pacific Warriors,
2023,200090,Life Pacific Warriors,
2024,200090,Life Pacific Warriors,
2025,200090,Life Pacific Warriors,
2019,200091,Elms College Blazers,
2024,200091,Elms College Blazers,
2025,200091,Elms College Blazers,
2011,200092,Trinity College of Jacksonville Eagles,
2012,200092,Trinity College of Jacksonville Eagles,
2019,200092,Trinity College of Jacksonville Eagles,
2020,200092,Trinity College of Jacksonville Eagles,
2022,200092,Trinity College of Jacksonville Eagles,
2023,200092,Trinity College of Jacksonville Eagles,
2024,200092,Trinity College of Jacksonville Eagles,
2025,200092,Trinity College of Jacksonville Eagles,
2010,200093,Shawnee State Bears,
2012,200093,Shawnee State Bears,
2019,200093,Shawnee State Bears,
2024,200093,Shawnee State Bears,
2025,200093,Shawnee State Bears,
2019,200094,Cortland Red Dragons,
2020,200094,Cortland Red Dragons,
2010,200095,Manchester Spartans,
2019,200095,Manchester Spartans,
2020,200095,Manchester Spartans,
2023,200095,Manchester Spartans,
2010,200096,Carver College Cougars,
2011,200096,Carver College Cougars,
2012,200096,Carver College Cougars,
2019,200096,Carver College Cougars,
2020,200096,Carver College Cougars,
2021,200096,Carver College Cougars,
2022,200096,Carver College Cougars,
2010,200097,Cumberland (TN) Phoenix,
2012,200097,Cumberland (TN) Phoenix,
2019,200097,Cumberland (TN) Phoenix,
2020,200097,Cumberland (TN) Phoenix,
2022,200097,Cumberland (TN) Phoenix,
2019,200098,Pfeiffer Falcons,
2020,200098,Pfeiffer Falcons,
2022,200098,Pfeiffer Falcons,
2023,200098,Pfeiffer Falcons,
2024,200098,Pfeiffer Falcons,
2025,200098,Pfeiffer Falcons,
2011,200099,Urbana Blue Knights,
2012,200099,Urbana Blue Knights,
2019,200099,Urbana Blue Knights,
2020,200099,Urbana Blue Knights,
2010,200100,Hardin-Simmons Cowboys,
2011,200100,Hardin-Simmons Cowboys,
2019,200100,Hardin-Simmons Cowboys,
2021,200100,Hardin-Simmons Cowboys,
2022,200100,Hardin-Simmons Cowboys,
2023,200100,Hardin-Simmons Cowboys,
2024,200100,Hardin-Simmons Cowboys,
2025,200100,Hardin-Simmons Cowboys,
2019,200101,Chestnut Hill College Griffins,
2025,200101,Chestnut Hill College Griffins,
2010,200102,Harding Bisons,
2012,200102,Harding Bisons,
2019,200102,Harding Bisons,
2022,200102,Harding Bisons,
2023,200102,Harding Bisons,
2012,200103,Trevecca Nazarene Trojans,
2019,200103,Trevecca Nazarene Trojans,
2020,200103,Trevecca Nazarene Trojans,
2021,200103,Trevecca Nazarene Trojans,
2023,200103,Trevecca Nazarene Trojans,
2024,200103,Trevecca Nazarene Trojans,
2011,200104,Cal Lutheran Kingsmen,
2012,200104,Cal Lutheran Kingsmen,
2019,200104,Cal Lutheran Kingsmen,
2020,200104,Cal Lutheran Kingsmen,
2022,200104,Cal Lutheran Kingsmen,
2019,200105,McKendree Bearcats,
2021,200105,McKendree Bearcats,
2019,200106,Queens College NY Knights,
2024,200106,Queens College NY Knights,
2010,200107,Edward Waters Tigers,
2011,200107,Edward Waters Tigers,
2019,200107,Edward Waters Tigers,
2021,200107,Edward Waters Tigers,
2022,200107,Edward Waters Tigers,
2023,200107,Edward Waters Tigers,
2024,200107,Edward Waters Tigers,
2025,200107,Edward Waters Tigers,
2010,200108,Kean Cougars,
2011,200108,Kean Cougars,
2019,200108,Kean Cougars,
2020,200108,Kean Cougars,
2022,200108,Kean Cougars,
2023,200108,Kean Cougars,
2024,200108,Kean Cougars,
2025,200108,Kean Cougars,
2019,200109,Mount Aloysius Mounties,
2021,200109,Mount Aloysius Mounties,
2025,200109,Mount Aloysius Mounties,
2012,200110,Miles Golden Bears,
2019,200110,Miles Golden Bears,
2019,200111,Dominican (IL) Dominican,
2011,200112,Birmingham-Southern Panthers,
2019,200112,Birmingham-Southern Panthers,
2020,200112,Birmingham-Southern Panthers,
2022,200112,Birmingham-Southern Panthers,
2024,200112,Birmingham-Southern Panthers,
2019,200113,Boyce Bulldogs,
2022,200113,Boyce Bulldogs,
2023,200113,Boyce Bulldogs,
2024,200113,Boyce Bulldogs,
2025,200113,Boyce Bulldogs,
2019,200114,Kentucky Wesleyan Panthers,
2020,200114,Kentucky Wesleyan Panthers,
2024,200114,Kentucky Wesleyan Panthers,
2025,200114,Kentucky Wesleyan Panthers,
2010,200115,North Greenville Crusaders,
2011,200115,North Greenville Crusaders,
2019,200115,North Greenville Crusaders,
2020,200115,North Greenville Crusaders,
2023,200115,North Greenville Crusaders,
2024,200115,North Greenville Crusaders,
2025,200115,North Greenville Crusaders,
2011,200116,San Diego Christian Hawks,
2012,200116,San Diego Christian Hawks,
2019,200116,San Diego Christian Hawks,
2020,200116,San Diego Christian Hawks,
2021,200116,San Diego Christian Hawks,
2022,200116,San Diego Christian Hawks,
2023,200116,San Diego Christian Hawks,
2012,200117,Johnson & Wales (NC) JOHNSON & WALES-CHARLOTTE,
2019,200117,Johnson & Wales (NC) JOHNSON & WALES-CHARLOTTE,
2020,200117,Johnson & Wales (NC) JOHNSON & WALES-CHARLOTTE,
2022,200117,Johnson & Wales (NC) JOHNSON & WALES-CHARLOTTE,
2023,200117,Johnson & Wales (NC) JOHNSON & WALES-CHARLOTTE,
2024,200117,Johnson & Wales (NC) JOHNSON & WALES-CHARLOTTE,
2019,200118,New York Institute Of Technology Yellow Jackets,
2020,200118,New York Institute Of Technology Yellow Jackets,
2010,200119,Loyola New Orleans Wolfpack,
2011,200119,Loyola New Orleans Wolfpack,
2012,200119,Loyola New Orleans Wolfpack,
2019,200119,Loyola New Orleans Wolfpack,
2020,200119,Loyola New Orleans Wolfpack,
2021,200119,Loyola New Orleans Wolfpack,
2023,200119,Loyola New Orleans Wolfpack,
2024,200119,Loyola New Orleans Wolfpack,
2025,200119,Loyola New Orleans Wolfpack,
2012,200120,Spalding Pelicans,
2019,200120,Spalding Pelicans,
2020,200120,Spalding Pelicans,
2022,200120,Spalding Pelicans,
2023,200120,Spalding Pelicans,
2024,200120,Spalding Pelicans,
2019,200121,Aquinas Saints,
2022,200121,Aquinas Saints,
2024,200121,Aquinas Saints,
2025,200121,Aquinas Saints,
2019,200122,Illinois Tech Scarlet Hawks,
2023,200122,Illinois Tech Scarlet Hawks,
2024,200122,Illinois Tech Scarlet Hawks,
2012,200123,UC Merced Bobcats,
2019,200123,UC Merced Bobcats,
2020,200123,UC Merced Bobcats,
2022,200123,UC Merced Bobcats,
2023,200123,UC Merced Bobcats,
2024,200123,UC Merced Bobcats,
2010,200124,Fisk Bulldogs,
2011,200124,Fisk Bulldogs,
2012,200124,Fisk Bulldogs,
2019,200124,Fisk Bulldogs,
2020,200124,Fisk Bulldogs,
2022,200124,Fisk Bulldogs,
2023,200124,Fisk Bulldogs,
2024,200124,Fisk Bulldogs,
2025,200124,Fisk Bulldogs,
2010,200125,Willamette Bearcats,
2011,200125,Willamette Bearcats,
2012,200125,Willamette Bearcats,
2019,200125,Willamette Bearcats,
2020,200125,Willamette Bearcats,
2022,200125,Willamette Bearcats,
2024,200125,Willamette Bearcats,
2025,200125,Willamette Bearcats,
2011,200126,Warren Wilson Owls,
2012,200126,Warren Wilson Owls,
2019,200126,Warren Wilson Owls,
2022,200126,Warren Wilson Owls,
2023,200126,Warren Wilson Owls,
2024,200126,Warren Wilson Owls,
2010,200127,Wilmington (DE) Wildcats,
2011,200127,Wilmington (DE) Wildcats,
2012,200127,Wilmington (DE) Wildcats,
2019,200127,Wilmington (DE) Wildcats,
2023,200127,Wilmington (DE) Wildcats,
2010,200128,West Alabama Tigers,
2011,200128,West Alabama Tigers,
2019,200128,West Alabama Tigers,
2019,200129,St. Elizabeth Eagles,
2022,200129,St. Elizabeth Eagles,
2023,200129,St. Elizabeth Eagles,
2024,200129,St. Elizabeth Eagles,
2025,200129,St. Elizabeth Eagles,
2019,200130,Defiance Yellow Jackets,
2020,200130,Defiance Yellow Jackets,
2022,200130,Defiance Yellow Jackets,
2023,200130,Defiance Yellow Jackets,
2024,200130,Defiance Yellow Jackets,
2025,200130,Defiance Yellow Jackets,
2010,200131,E. New Mexico Greyhounds,
2012,200131,E. New Mexico Greyhounds,
2019,200131,E. New Mexico Greyhounds,
2020,200131,E. New Mexico Greyhounds,
2024,200131,E. New Mexico Greyhounds,
2019,200132,Regent Royals,
2020,200132,Regent Royals,
2022,200132,Regent Royals,
2023,200132,Regent Royals,
2024,200132,Regent Royals,
2025,200132,Regent Royals,
2010,200133,Methodist Monarchs,
2011,200133,Methodist Monarchs,
2012,200133,Methodist Monarchs,
2019,200133,Methodist Monarchs,
2022,200133,Methodist Monarchs,
2023,200133,Methodist Monarchs,
2010,200134,Mobile Rams,
2011,200134,Mobile Rams,
2012,200134,Mobile Rams,
2019,200134,Mobile Rams,
2020,200134,Mobile Rams,
2022,200134,Mobile Rams,
2023,200134,Mobile Rams,
2024,200134,Mobile Rams,
2025,200134,Mobile Rams,
2011,200135,Tougaloo Bulldogs,
2019,200135,Tougaloo Bulldogs,
2020,200135,Tougaloo Bulldogs,
2022,200135,Tougaloo Bulldogs,
2019,200136,Salve Regina Seahawks,
2019,200137,Molloy Lions,
2022,200137,Molloy Lions,
2024,200137,Molloy Lions,
2010,200138,Southern Wesleyan Warriors,
2012,200138,Southern Wesleyan Warriors,
2019,200138,Southern Wesleyan Warriors,
2020,200138,Southern Wesleyan Warriors,
2021,200138,Southern Wesleyan Warriors,
2024,200138,Southern Wesleyan Warriors,
2025,200138,Southern Wesleyan Warriors,
2019,200139,Westminster (PA) Titans,
2020,200139,Westminster (PA) Titans,
2022,200139,Westminster (PA) Titans,
2023,200139,Westminster (PA) Titans,
2024,200139,Westminster (PA) Titans,
2010,200140,Palm Beach Atlantic Sailfish,
2011,200140,Palm Beach Atlantic Sailfish,
2012,200140,Palm Beach Atlantic Sailfish,
2019,200140,Palm Beach Atlantic Sailfish,
2020,200140,Palm Beach Atlantic Sailfish,
2022,200140,Palm Beach Atlantic Sailfish,
2010,200141,Florida Memorial,
2011,200141,Florida Memorial,
2019,200141,Florida Memorial,
2020,200141,Florida Memorial,
2021,200141,Florida Memorial,
2022,200141,Florida Memorial,
2024,200141,Florida Memorial,
2019,200142,SUNY-Maritime Privateers,
2023,200142,SUNY-Maritime Privateers,
2024,200142,SUNY-Maritime Privateers,
2025,200142,SUNY-Maritime Privateers,
2019,200143,Massachusetts-Boston Beacons,
2020,200143,Massachusetts-Boston Beacons,
2024,200143,Massachusetts-Boston Beacons,
2025,200143,Massachusetts-Boston Beacons,
2012,200144,Ave Maria Gyrenes,
2019,200144,Ave Maria Gyrenes,
2020,200144,Ave Maria Gyrenes,
2023,200144,Ave Maria Gyrenes,
2024,200144,Ave Maria Gyrenes,
2010,200145,Northwest Nazarene Nw Nazarene,
2019,200145,Northwest Nazarene Nw Nazarene,
2024,200145,Northwest Nazarene Nw Nazarene,
2019,200146,University Park Jaguars,
2019,200147,Lindenwood Lions,
2020,200147,Lindenwood Lions,
2019,200148,Avila Eagles,
2024,200148,Avila Eagles,
2025,200148,Avila Eagles,
2011,200149,Central Penn Knights,
2012,200149,Central Penn Knights,
2019,200149,Central Penn Knights,
2020,200149,Central Penn Knights,
2024,200149,Central Penn Knights,
2025,200149,Central Penn Knights,
2019,200150,Siena Heights Saints,
2020,200150,Siena Heights Saints,
2023,200150,Siena Heights Saints,
2024,200150,Siena Heights Saints,
2025,200150,Siena Heights Saints,
2010,200151,St. Joseph's (NY) Bears,
2011,200151,St. Joseph's (NY) Bears,
2012,200151,St. Joseph's (NY) Bears,
2019,200151,St. Joseph's (NY) Bears,
2019,200152,Pine Manor,
2020,200152,Pine Manor,
2010,200153,Winston-Salem Rams,
2019,200153,Winston-Salem Rams,
2011,200154,Glenville State Pioneers,
2019,200154,Glenville State Pioneers,
2023,200154,Glenville State Pioneers,
2010,200155,Louisiana Christian Wildcats,
2011,200155,Louisiana Christian Wildcats,
2012,200155,Louisiana Christian Wildcats,
2019,200155,Louisiana Christian Wildcats,
2020,200155,Louisiana Christian Wildcats,
2022,200155,Louisiana Christian Wildcats,
2023,200155,Louisiana Christian Wildcats,
2024,200155,Louisiana Christian Wildcats,
2025,200155,Louisiana Christian Wildcats,
2010,200156,Bloomsburg Huskies,
2019,200156,Bloomsburg Huskies,
2024,200156,Bloomsburg Huskies,
2011,200157,Wiley Wildcats,
2012,200157,Wiley Wildcats,
2019,200157,Wiley Wildcats,
2020,200157,Wiley Wildcats,
2022,200157,Wiley Wildcats,
2023,200157,Wiley Wildcats,
2024,200157,Wiley Wildcats,
2010,200158,Howard Payne Yellow Jackets,
2011,200158,Howard Payne Yellow Jackets,
2012,200158,Howard Payne Yellow Jackets,
2019,200158,Howard Payne Yellow Jackets,
2020,200158,Howard Payne Yellow Jackets,
2021,200158,Howard Payne Yellow Jackets,
2022,200158,Howard Payne Yellow Jackets,
2023,200158,Howard Payne Yellow Jackets,
2024,200158,Howard Payne Yellow Jackets,
2025,200158,Howard Payne Yellow Jackets,
2011,200159,Greensboro College Pride,
2019,200159,Greensboro College Pride,
2020,200159,Greensboro College Pride,
2021,200159,Greensboro College Pride,
2023,200159,Greensboro College Pride,
2024,200159,Greensboro College Pride,
2011,200160,Brewton-Parker Wildcats,
2012,200160,Brewton-Parker Wildcats,
2019,200160,Brewton-Parker Wildcats,
2020,200160,Brewton-Parker Wildcats,
2023,200160,Brewton-Parker Wildcats,
2024,200160,Brewton-Parker Wildcats,
2025,200160,Brewton-Parker Wildcats,
2019,200161,Tiffin Dragons,
2020,200161,Tiffin Dragons,
2024,200161,Tiffin Dragons,
2019,200162,Missouri S&T Miners,
2020,200162,Missouri S&T Miners,
2021,200162,Missouri S&T Miners,
2022,200162,Missouri S&T Miners,
2023,200162,Missouri S&T Miners,
2025,200162,Missouri S&T Miners,
2019,200163,Benedictine (AZ) Redhawks,
2020,200163,Benedictine (AZ) Redhawks,
2021,200163,Benedictine (AZ) Redhawks,
2022,200163,Benedictine (AZ) Redhawks,
2023,200163,Benedictine (AZ) Redhawks,
2024,200163,Benedictine (AZ) Redhawks,
2025,200163,Benedictine (AZ) Redhawks,
2019,200164,Christendom Crusaders,
2020,200164,Christendom Crusaders,
2024,200164,Christendom Crusaders,
2025,200164,Christendom Crusaders,
2011,200165,Northwest University Eagles,
2012,200165,Northwest University Eagles,
2019,200165,Northwest University Eagles,
2021,200165,Northwest University Eagles,
2022,200165,Northwest University Eagles,
2024,200165,Northwest University Eagles,
2025,200165,Northwest University Eagles,
2019,200166,East-West University Phantoms,
2022,200166,East-West University Phantoms,
2023,200166,East-West University Phantoms,
2024,200166,East-West University Phantoms,
2025,200166,East-West University Phantoms,
2011,200167,Montana-Western Bulldogs,
2019,200167,Montana-Western Bulldogs,
2021,200167,Montana-Western Bulldogs,
2023,200167,Montana-Western Bulldogs,
2019,200168,Ohio-Chillicothe Hilltoppers,
2020,200168,Ohio-Chillicothe Hilltoppers,
2012,200169,Rust Bearcats,
2019,200169,Rust Bearcats,
2020,200169,Rust Bearcats,
2021,200169,Rust Bearcats,
2022,200169,Rust Bearcats,
2023,200169,Rust Bearcats,
2024,200169,Rust Bearcats,
2025,200169,Rust Bearcats,
2019,200170,Albion Britons,
2019,200171,Hartwick Hawks,
2020,200171,Hartwick Hawks,
2022,200171,Hartwick Hawks,
2019,200172,Portland Bible Arrows,
2020,200172,Portland Bible Arrows,
2023,200172,Portland Bible Arrows,
2024,200172,Portland Bible Arrows,
2010,200173,Reinhardt Eagles,
2011,200173,Reinhardt Eagles,
2012,200173,Reinhardt Eagles,
2019,200173,Reinhardt Eagles,
2020,200173,Reinhardt Eagles,
2023,200173,Reinhardt Eagles,
2024,200173,Reinhardt Eagles,
2019,200174,Cairn University Highlanders,
2020,200174,Cairn University Highlanders,
2022,200174,Cairn University Highlanders,
2023,200174,Cairn University Highlanders,
2024,200174,Cairn University Highlanders,
2025,200174,Cairn University Highlanders,
2011,200175,College of Idaho Yotes,
2019,200175,College of Idaho Yotes,
2021,200175,College of Idaho Yotes,
2011,200176,Fontbonne Griffins,
2019,200176,Fontbonne Griffins,
2019,200177,Trinity (TX) Tigers,
2020,200177,Trinity (TX) Tigers,
2022,200177,Trinity (TX) Tigers,
2023,200177,Trinity (TX) Tigers,
2025,200177,Trinity (TX) Tigers,
2010,200178,Le Moyne Dolphins,
2019,200178,Le Moyne Dolphins,
2012,200179,CSU San Marcos Cougars,
2019,200179,CSU San Marcos Cougars,
2019,200180,Indiana-Kokomo Cougars,
2020,200180,Indiana-Kokomo Cougars,
2022,200180,Indiana-Kokomo Cougars,
2019,200181,Trinity Christian (IL) Trolls,
2020,200181,Trinity Christian (IL) Trolls,
2022,200181,Trinity Christian (IL) Trolls,
2023,200181,Trinity Christian (IL) Trolls,
2024,200181,Trinity Christian (IL) Trolls,
2025,200181,Trinity Christian (IL) Trolls,
2019,200182,Frostburg State Bobcats,
2025,200182,Frostburg State Bobcats,
2019,200183,Maine-Fort Kent Bengals,
2022,200183,Maine-Fort Kent Bengals,
2023,200183,Maine-Fort Kent Bengals,
2025,200183,Maine-Fort Kent Bengals,
2010,200184,Schreiner Mountaineers,
2012,200184,Schreiner Mountaineers,
2019,200184,Schreiner Mountaineers,
2022,200184,Schreiner Mountaineers,
2023,200184,Schreiner Mountaineers,
2024,200184,Schreiner Mountaineers,
2025,200184,Schreiner Mountaineers,
2019,200185,Central State (OH) Marauders,
2020,200185,Central State (OH) Marauders,
2025,200185,Central State (OH) Marauders,
2019,200186,Penn State - Wilkes-Barre Mountain Lions,
2020,200186,Penn State - Wilkes-Barre Mountain Lions,
2022,200186,Penn State - Wilkes-Barre Mountain Lions,
2023,200186,Penn State - Wilkes-Barre Mountain Lions,
2024,200186,Penn State - Wilkes-Barre Mountain Lions,
2025,200186,Penn State - Wilkes-Barre Mountain Lions,
2010,200187,Truman State Bulldogs,
2011,200187,Truman State Bulldogs,
2019,200187,Truman State Bulldogs,
2021,200187,Truman State Bulldogs,
2024,200187,Truman State Bulldogs,
2019,200188,Dubuque Spartans,
2022,200188,Dubuque Spartans,
2025,200188,Dubuque Spartans,
2010,200189,Harris-Stowe State Hornets,
2012,200189,Harris-Stowe State Hornets,
2019,200189,Harris-Stowe State Hornets,
2022,200189,Harris-Stowe State Hornets,
2023,200189,Harris-Stowe State Hornets,
2024,200189,Harris-Stowe State Hornets,
2025,200189,Harris-Stowe State Hornets,
2010,200190,Mid-America Christian Evangels,
2019,200190,Mid-America Christian Evangels,
2020,200190,Mid-America Christian Evangels,
2023,200190,Mid-America Christian Evangels,
2024,200190,Mid-America Christian Evangels,
2025,200190,Mid-America Christian Evangels,
2019,200191,Central Washington Wildcats,
2019,200192,Calvary Warriors,
2022,200192,Calvary Warriors,
2023,200192,Calvary Warriors,
2025,200192,Calvary Warriors,
2010,200193,Champion Christian Tigers,
2011,200193,Champion Christian Tigers,
2012,200193,Champion Christian Tigers,
2019,200193,Champion Christian Tigers,
2020,200193,Champion Christian Tigers,
2021,200193,Champion Christian Tigers,
2022,200193,Champion Christian Tigers,
2023,200193,Champion Christian Tigers,
2024,200193,Champion Christian Tigers,
2025,200193,Champion Christian Tigers,
2019,200194,Caltech,
2022,200194,Caltech,
2012,200195,Hawai'i Hilo Vulcans,
2019,200195,Hawai'i Hilo Vulcans,
2021,200195,Hawai'i Hilo Vulcans,
2022,200195,Hawai'i Hilo Vulcans,
2024,200195,Hawai'i Hilo Vulcans,
2025,200195,Hawai'i Hilo Vulcans,
2012,200196,Notre Dame College (OH) Blue Falcons,
2019,200196,Notre Dame College (OH) Blue Falcons,
2023,200196,Notre Dame College (OH) Blue Falcons,
2019,200197,College Of New Rochelle New Roch,
2019,200198,Georgia College Bobcats,
2023,200198,Georgia College Bobcats,
2010,200199,Western State Colorado University Mountaineers,
2011,200199,Western State Colorado University Mountaineers,
2012,200199,Western State Colorado University Mountaineers,
2019,200199,Western State Colorado University Mountaineers,
2019,200200,Sonoma State Seawolves,
2020,200200,Sonoma State Seawolves,
2023,200200,Sonoma State Seawolves,
2024,200200,Sonoma State Seawolves,
2019,200201,Wisconsin-Stout Blue Devils,
2020,200201,Wisconsin-Stout Blue Devils,
2023,200201,Wisconsin-Stout Blue Devils,
2024,200201,Wisconsin-Stout Blue Devils,
2025,200201,Wisconsin-Stout Blue Devils,
2010,200202,Holy Names University Hawks,
2011,200202,Holy Names University Hawks,
2012,200202,Holy Names University Hawks,
2019,200202,Holy Names University Hawks,
2020,200202,Holy Names University Hawks,
2023,200202,Holy Names University Hawks,
2011,200203,Indiana University Northwest Indiana-Northwest,
2012,200203,Indiana University Northwest Indiana-Northwest,
2019,200203,Indiana University Northwest Indiana-Northwest,
2020,200203,Indiana University Northwest Indiana-Northwest,
2024,200203,Indiana University Northwest Indiana-Northwest,
2019,200204,Bellevue University Bruins,
2024,200204,Bellevue University Bruins,
2010,200205,Averett Cougars,
2012,200205,Averett Cougars,
2019,200205,Averett Cougars,
2020,200205,Averett Cougars,
2023,200205,Averett Cougars,
2025,200205,Averett Cougars,
2010,200206,Mayville St Comets,
2011,200206,Mayville St Comets,
2012,200206,Mayville St Comets,
2019,200206,Mayville St Comets,
2020,200206,Mayville St Comets,
2024,200206,Mayville St Comets,
2019,200207,Wilson College WILSON,
2010,200208,Brescia Bearcats,
2011,200208,Brescia Bearcats,
2012,200208,Brescia Bearcats,
2019,200208,Brescia Bearcats,
2020,200208,Brescia Bearcats,
2023,200208,Brescia Bearcats,
2024,200208,Brescia Bearcats,
2025,200208,Brescia Bearcats,
2019,200209,Findlay Oilers,
2019,200210,William Peace Pacers,
2020,200210,William Peace Pacers,
2022,200210,William Peace Pacers,
2023,200210,William Peace Pacers,
2024,200210,William Peace Pacers,
2025,200210,William Peace Pacers,
2010,200211,Jessup University Warriors,
2011,200211,Jessup University Warriors,
2019,200211,Jessup University Warriors,
2020,200211,Jessup University Warriors,
2021,200211,Jessup University Warriors,
2022,200211,Jessup University Warriors,
2023,200211,Jessup University Warriors,
2025,200211,Jessup University Warriors,
2010,200212,NC Wesleyan Battling Bishops,
2011,200212,NC Wesleyan Battling Bishops,
2019,200212,NC Wesleyan Battling Bishops,
2020,200212,NC Wesleyan Battling Bishops,
2021,200212,NC Wesleyan Battling Bishops,
2022,200212,NC Wesleyan Battling Bishops,
2025,200212,NC Wesleyan Battling Bishops,
2010,200213,Covenant Fighting Scots,
2012,200213,Covenant Fighting Scots,
2019,200213,Covenant Fighting Scots,
2021,200213,Covenant Fighting Scots,
2022,200213,Covenant Fighting Scots,
2023,200213,Covenant Fighting Scots,
2024,200213,Covenant Fighting Scots,
2019,200214,Bethany (KS),
2020,200214,Bethany (KS),
2019,200215,Franciscan University Barons,
2020,200215,Franciscan University Barons,
2022,200215,Franciscan University Barons,
2023,200215,Franciscan University Barons,
2024,200215,Franciscan University Barons,
2025,200215,Franciscan University Barons,
2010,200216,Williams Baptist Eagles,
2019,200216,Williams Baptist Eagles,
2020,200216,Williams Baptist Eagles,
2023,200216,Williams Baptist Eagles,
2019,200217,Benedictine University (IL) Eagles,
2025,200217,Benedictine University (IL) Eagles,
2019,200218,Truett-McConnell Bears,
2022,200218,Truett-McConnell Bears,
2023,200218,Truett-McConnell Bears,
2024,200218,Truett-McConnell Bears,
2025,200218,Truett-McConnell Bears,
2019,200219,Florida College Falcons,
2020,200219,Florida College Falcons,
2021,200219,Florida College Falcons,
2023,200219,Florida College Falcons,
2019,200220,Rosemont Ravens,
2020,200220,Rosemont Ravens,
2024,200220,Rosemont Ravens,
2025,200220,Rosemont Ravens,
2019,200221,Keiser Seahawks,
2020,200221,Keiser Seahawks,
2024,200221,Keiser Seahawks,
2019,200222,Northland Lumberjacks,
2020,200222,Northland Lumberjacks,
2022,200222,Northland Lumberjacks,
2024,200222,Northland Lumberjacks,
2010,200223,Bryan (TN) Lions,
2019,200223,Bryan (TN) Lions,
2022,200223,Bryan (TN) Lions,
2023,200223,Bryan (TN) Lions,
2024,200223,Bryan (TN) Lions,
2025,200223,Bryan (TN) Lions,
2019,200224,Hood College Blazers,
2024,200224,Hood College Blazers,
2019,200225,Corban College Warriors,
2025,200225,Corban College Warriors,
2011,200226,St. Mary's (MD) Seahawks,
2019,200226,St. Mary's (MD) Seahawks,
2020,200226,St. Mary's (MD) Seahawks,
2021,200226,St. Mary's (MD) Seahawks,
2022,200226,St. Mary's (MD) Seahawks,
2023,200226,St. Mary's (MD) Seahawks,
2024,200226,St. Mary's (MD) Seahawks,
2010,200227,Eastern Oregon Mountaineers,
2011,200227,Eastern Oregon Mountaineers,
2019,200227,Eastern Oregon Mountaineers,
2020,200227,Eastern Oregon Mountaineers,
2022,200227,Eastern Oregon Mountaineers,
2023,200227,Eastern Oregon Mountaineers,
2024,200227,Eastern Oregon Mountaineers,
2025,200227,Eastern Oregon Mountaineers,
2010,200228,Arkansas-Monticello Boll Weevils,
2011,200228,Arkansas-Monticello Boll Weevils,
2019,200228,Arkansas-Monticello Boll Weevils,
2020,200228,Arkansas-Monticello Boll Weevils,
2019,200229,Campbellsville-Harrodsburg Pioneers,
2020,200229,Campbellsville-Harrodsburg Pioneers,
2021,200229,Campbellsville-Harrodsburg Pioneers,
2022,200229,Campbellsville-Harrodsburg Pioneers,
2023,200229,Campbellsville-Harrodsburg Pioneers,
2025,200229,Campbellsville-Harrodsburg Pioneers,
2011,200230,Purdue Northwest Pride,
2019,200230,Purdue Northwest Pride,
2020,200230,Purdue Northwest Pride,
2021,200230,Purdue Northwest Pride,
2022,200230,Purdue Northwest Pride,
2023,200230,Purdue Northwest Pride,
2025,200230,Purdue Northwest Pride,
2010,200231,McMurry War Hawks,
2011,200231,McMurry War Hawks,
2012,200231,McMurry War Hawks,
2019,200231,McMurry War Hawks,
2021,200231,McMurry War Hawks,
2022,200231,McMurry War Hawks,
2023,200231,McMurry War Hawks,
2024,200231,McMurry War Hawks,
2025,200231,McMurry War Hawks,
2010,200232,Dallas Christian Crusaders,
2011,200232,Dallas Christian Crusaders,
2012,200232,Dallas Christian Crusaders,
2019,200232,Dallas Christian Crusaders,
2020,200232,Dallas Christian Crusaders,
2021,200232,Dallas Christian Crusaders,
2022,200232,Dallas Christian Crusaders,
2023,200232,Dallas Christian Crusaders,
2024,200232,Dallas Christian Crusaders,
2025,200232,Dallas Christian Crusaders,
2011,200233,Fayetteville St Broncos,
2019,200233,Fayetteville St Broncos,
2010,200234,Southwest Minnesota State Mustangs,
2011,200234,Southwest Minnesota State Mustangs,
2012,200234,Southwest Minnesota State Mustangs,
2019,200234,Southwest Minnesota State Mustangs,
2024,200234,Southwest Minnesota State Mustangs,
2010,200235,Coker Cobras,
2012,200235,Coker Cobras,
2019,200235,Coker Cobras,
2020,200235,Coker Cobras,
2024,200235,Coker Cobras,
2019,200236,Utah Tech Trailblazers,
2011,200237,Bethel (TN) Wildcats,
2012,200237,Bethel (TN) Wildcats,
2019,200237,Bethel (TN) Wildcats,
2021,200237,Bethel (TN) Wildcats,
2023,200237,Bethel (TN) Wildcats,
2024,200237,Bethel (TN) Wildcats,
2025,200237,Bethel (TN) Wildcats,
2010,200238,La Verne Leopards,
2011,200238,La Verne Leopards,
2012,200238,La Verne Leopards,
2019,200238,La Verne Leopards,
2022,200238,La Verne Leopards,
2023,200238,La Verne Leopards,
2024,200238,La Verne Leopards,
2025,200238,La Verne Leopards,
2010,200239,Indiana-South Bend Titans,
2011,200239,Indiana-South Bend Titans,
2019,200239,Indiana-South Bend Titans,
2020,200239,Indiana-South Bend Titans,
2023,200239,Indiana-South Bend Titans,
2010,200240,Lyon Scots,
2011,200240,Lyon Scots,
2012,200240,Lyon Scots,
2019,200240,Lyon Scots,
2022,200240,Lyon Scots,
2023,200240,Lyon Scots,
2024,200240,Lyon Scots,
2019,200241,Carolina University Bruins,
2020,200241,Carolina University Bruins,
2022,200241,Carolina University Bruins,
2023,200241,Carolina University Bruins,
2024,200241,Carolina University Bruins,
2025,200241,Carolina University Bruins,
2011,200242,William Woods Owls,
2019,200242,William Woods Owls,
2022,200242,William Woods Owls,
2023,200242,William Woods Owls,
2024,200242,William Woods Owls,
2025,200242,William Woods Owls,
2019,200243,Centenary (NJ) Cyclones,
2020,200243,Centenary (NJ) Cyclones,
2023,200243,Centenary (NJ) Cyclones,
2011,200244,Oberlin Yeomen,
2019,200244,Oberlin Yeomen,
2020,200244,Oberlin Yeomen,
2022,200244,Oberlin Yeomen,
2011,200245,Washington College (MD) Shoremen,
2019,200245,Washington College (MD) Shoremen,
2020,200245,Washington College (MD) Shoremen,
2022,200245,Washington College (MD) Shoremen,
2023,200245,Washington College (MD) Shoremen,
2024,200245,Washington College (MD) Shoremen,
2025,200245,Washington College (MD) Shoremen,
2010,200246,Allen University Yellow Jackets,
2011,200246,Allen University Yellow Jackets,
2012,200246,Allen University Yellow Jackets,
2019,200246,Allen University Yellow Jackets,
2022,200246,Allen University Yellow Jackets,
2023,200246,Allen University Yellow Jackets,
2019,200247,Florida National Conquistadors,
2020,200247,Florida National Conquistadors,
2021,200247,Florida National Conquistadors,
2022,200247,Florida National Conquistadors,
2023,200247,Florida National Conquistadors,
2025,200247,Florida National Conquistadors,
2019,200248,Lincoln (PA) Lions,
2021,200248,Lincoln (PA) Lions,
2023,200248,Lincoln (PA) Lions,
2019,200249,Johnson & Wales (RI) Griffins,
2020,200249,Johnson & Wales (RI) Griffins,
2022,200249,Johnson & Wales (RI) Griffins,
2023,200249,Johnson & Wales (RI) Griffins,
2024,200249,Johnson & Wales (RI) Griffins,
2025,200249,Johnson & Wales (RI) Griffins,
2010,200250,Dickinson State (ND) Blue Hawks,
2019,200250,Dickinson State (ND) Blue Hawks,
2021,200250,Dickinson State (ND) Blue Hawks,
2022,200250,Dickinson State (ND) Blue Hawks,
2025,200250,Dickinson State (ND) Blue Hawks,
2019,200251,Skidmore Thoroughbreds,
2019,200252,Elmira Soaring Eagles,
2020,200252,Elmira Soaring Eagles,
2010,200253,UC Santa Cruz Banana Slugs,
2011,200253,UC Santa Cruz Banana Slugs,
2012,200253,UC Santa Cruz Banana Slugs,
2019,200253,UC Santa Cruz Banana Slugs,
2020,200253,UC Santa Cruz Banana Slugs,
2010,200254,Wayland Baptist Pioneers,
2011,200254,Wayland Baptist Pioneers,
2019,200254,Wayland Baptist Pioneers,
2020,200254,Wayland Baptist Pioneers,
2025,200254,Wayland Baptist Pioneers,
2010,200255,Texas A&M-International Dustdevils,
2011,200255,Texas A&M-International Dustdevils,
2012,200255,Texas A&M-International Dustdevils,
2019,200255,Texas A&M-International Dustdevils,
2020,200255,Texas A&M-International Dustdevils,
2021,200255,Texas A&M-International Dustdevils,
2022,200255,Texas A&M-International Dustdevils,
2020,200258,Valley Forge Patriots,
2023,200258,Valley Forge Patriots,
2025,200258,Valley Forge Patriots,
2010,200259,FDU Florham Devils,
2020,200259,FDU Florham Devils,
2023,200259,FDU Florham Devils,
2024,200259,FDU Florham Devils,
2010,200260,Erskine Flying Fleet,
2011,200260,Erskine Flying Fleet,
2012,200260,Erskine Flying Fleet,
2020,200260,Erskine Flying Fleet,
2022,200260,Erskine Flying Fleet,
2023,200260,Erskine Flying Fleet,
2024,200260,Erskine Flying Fleet,
2025,200260,Erskine Flying Fleet,
2020,200261,Flagler Saints,
2021,200261,Flagler Saints,
2020,200263,Cincinnati Clermont Cougars,
2023,200263,Cincinnati Clermont Cougars,
2010,200265,Michigan-Dearborn Wolves,
2020,200265,Michigan-Dearborn Wolves,
2022,200265,Michigan-Dearborn Wolves,
2010,200268,Malone Pioneers,
2011,200268,Malone Pioneers,
2012,200268,Malone Pioneers,
2020,200268,Malone Pioneers,
2021,200268,Malone Pioneers,
2024,200268,Malone Pioneers,
2020,200271,Marymount (VA) Saints,
2020,200272,Curry College Colonels,
2024,200272,Curry College Colonels,
2010,200274,Paul Quinn Tigers,
2012,200274,Paul Quinn Tigers,
2020,200274,Paul Quinn Tigers,
2021,200274,Paul Quinn Tigers,
2022,200274,Paul Quinn Tigers,
2023,200274,Paul Quinn Tigers,
2024,200274,Paul Quinn Tigers,
2025,200274,Paul Quinn Tigers,
2020,200276,Rhodes Lynx,
2022,200276,Rhodes Lynx,
2023,200276,Rhodes Lynx,
2025,200276,Rhodes Lynx,
2020,200277,Thiel Tomcats,
2020,200278,Oklahoma Christian,
2022,200278,Oklahoma Christian,
2020,200280,Delta State Statesmen,
2024,200280,Delta State Statesmen,
2010,200281,Concordia (WI) Falcons,
2020,200281,Concordia (WI) Falcons,
2020,200282,University of Health Sciences & Pharmacy Eutectics,
2021,200282,University of Health Sciences & Pharmacy Eutectics,
2024,200282,University of Health Sciences & Pharmacy Eutectics,
2025,200282,University of Health Sciences & Pharmacy Eutectics,
2010,200283,UT Dallas Comets,
2020,200283,UT Dallas Comets,
2025,200283,UT Dallas Comets,
2010,200286,Olivet Nazarene Tigers,
2011,200286,Olivet Nazarene Tigers,
2020,200286,Olivet Nazarene Tigers,
2020,200287,Illinois Wesleyan Titans,
2010,200289,Jarvis Christian Bulldogs,
2011,200289,Jarvis Christian Bulldogs,
2012,200289,Jarvis Christian Bulldogs,
2020,200289,Jarvis Christian Bulldogs,
2022,200289,Jarvis Christian Bulldogs,
2023,200289,Jarvis Christian Bulldogs,
2024,200289,Jarvis Christian Bulldogs,
2020,200293,New Mexico Highlands Cowboys,
2022,200293,New Mexico Highlands Cowboys,
2023,200293,New Mexico Highlands Cowboys,
2025,200293,New Mexico Highlands Cowboys,
2010,200294,Davenport Panthers,
2020,200294,Davenport Panthers,
2024,200294,Davenport Panthers,
2025,200294,Davenport Panthers,
2011,200295,Western New Mexico Mustangs,
2012,200295,Western New Mexico Mustangs,
2020,200295,Western New Mexico Mustangs,
2021,200295,Western New Mexico Mustangs,
2022,200295,Western New Mexico Mustangs,
2023,200295,Western New Mexico Mustangs,
2024,200295,Western New Mexico Mustangs,
2025,200295,Western New Mexico Mustangs,
2011,200299,Stanislaus State Warriors,
2020,200299,Stanislaus State Warriors,
2022,200299,Stanislaus State Warriors,
2023,200299,Stanislaus State Warriors,
2024,200299,Stanislaus State Warriors,
2025,200299,Stanislaus State Warriors,
2012,200300,Pacific Lutheran Lutes,
2020,200300,Pacific Lutheran Lutes,
2022,200300,Pacific Lutheran Lutes,
2023,200300,Pacific Lutheran Lutes,
2024,200300,Pacific Lutheran Lutes,
2010,200306,Evergreen State Geoducks,
2012,200306,Evergreen State Geoducks,
2020,200306,Evergreen State Geoducks,
2022,200306,Evergreen State Geoducks,
2023,200306,Evergreen State Geoducks,
2024,200306,Evergreen State Geoducks,
2025,200306,Evergreen State Geoducks,
2011,200307,Puget Sound Loggers,
2020,200307,Puget Sound Loggers,
2023,200307,Puget Sound Loggers,
2010,200309,Newberry Wolves,
2020,200309,Newberry Wolves,
2021,200309,Newberry Wolves,
2025,200309,Newberry Wolves,
2010,200311,Hiram Terriers,
2020,200311,Hiram Terriers,
2010,200313,LeTourneau Yellow Jackets,
2012,200313,LeTourneau Yellow Jackets,
2020,200313,LeTourneau Yellow Jackets,
2021,200313,LeTourneau Yellow Jackets,
2022,200313,LeTourneau Yellow Jackets,
2023,200313,LeTourneau Yellow Jackets,
2024,200313,LeTourneau Yellow Jackets,
2025,200313,LeTourneau Yellow Jackets,
2020,200314,Pikeville Bears,
2020,200316,Chicago Maroons,
2010,200320,Ferrum Panthers,
2011,200320,Ferrum Panthers,
2020,200320,Ferrum Panthers,
2022,200320,Ferrum Panthers,
2024,200320,Ferrum Panthers,
2025,200320,Ferrum Panthers,
2010,200323,Peru State Bobcats,
2012,200323,Peru State Bobcats,
2020,200323,Peru State Bobcats,
2022,200323,Peru State Bobcats,
2023,200323,Peru State Bobcats,
2020,200328,Merchant Marine Academy Mariners,
2021,200328,Merchant Marine Academy Mariners,
2022,200328,Merchant Marine Academy Mariners,
2023,200328,Merchant Marine Academy Mariners,
2024,200328,Merchant Marine Academy Mariners,
2025,200328,Merchant Marine Academy Mariners,
2020,200331,Bryn Athyn Lions,
2022,200331,Bryn Athyn Lions,
2024,200331,Bryn Athyn Lions,
2025,200331,Bryn Athyn Lions,
2010,200334,Hampden-Sydney Tigers,
2011,200334,Hampden-Sydney Tigers,
2020,200334,Hampden-Sydney Tigers,
2020,200340,SUNY Poly Wildcats,
2022,200340,SUNY Poly Wildcats,
2025,200340,SUNY Poly Wildcats,
2020,200342,Edinboro Fighting Scots,
2022,200342,Edinboro Fighting Scots,
2020,200343,Rocky Mountain Bears,
2022,200343,Rocky Mountain Bears,
2024,200343,Rocky Mountain Bears,
2020,200344,Gettysburg Bullets,
2010,200346,Tennessee Southern Firehawks,
2011,200346,Tennessee Southern Firehawks,
2020,200346,Tennessee Southern Firehawks,
2022,200346,Tennessee Southern Firehawks,
2023,200346,Tennessee Southern Firehawks,
2010,200349,Montana State-Northern Lights,
2020,200349,Montana State-Northern Lights,
2023,200349,Montana State-Northern Lights,
2024,200349,Montana State-Northern Lights,
2011,200352,Anderson (IN) Ravens,
2012,200352,Anderson (IN) Ravens,
2020,200352,Anderson (IN) Ravens,
2023,200352,Anderson (IN) Ravens,
2025,200352,Anderson (IN) Ravens,
2020,200353,Nazareth College Golden Flyers,
2025,200353,Nazareth College Golden Flyers,
2010,200354,Farmingdale State Rams,
2011,200354,Farmingdale State Rams,
2020,200354,Farmingdale State Rams,
2022,200354,Farmingdale State Rams,
2010,200355,Southern-New Orleans Knights,
2011,200355,Southern-New Orleans Knights,
2020,200355,Southern-New Orleans Knights,
2023,200355,Southern-New Orleans Knights,
2024,200355,Southern-New Orleans Knights,
2025,200355,Southern-New Orleans Knights,
2011,200357,Xavier (LA) Gold Nuggets,
2020,200357,Xavier (LA) Gold Nuggets,
2022,200357,Xavier (LA) Gold Nuggets,
2024,200357,Xavier (LA) Gold Nuggets,
2025,200357,Xavier (LA) Gold Nuggets,
2010,200358,Apprentice School Builders,
2020,200358,Apprentice School Builders,
2022,200358,Apprentice School Builders,
2024,200358,Apprentice School Builders,
2025,200358,Apprentice School Builders,
2020,200367,Pacific (OR) Boxers,
2025,200367,Pacific (OR) Boxers,
2010,200370,UVA Wise Cavaliers,
2011,200370,UVA Wise Cavaliers,
2012,200370,UVA Wise Cavaliers,
2020,200370,UVA Wise Cavaliers,
2025,200370,UVA Wise Cavaliers,
2020,200372,Southwest Baptist Bearcats,
2012,200373,Pacific Union,
2020,200373,Pacific Union,
2024,200373,Pacific Union,
2020,200374,Fairmont St Falcons,
2023,200374,Fairmont St Falcons,
2010,200376,Vermont State - Lyndon Hornets,
2011,200376,Vermont State - Lyndon Hornets,
2012,200376,Vermont State - Lyndon Hornets,
2020,200376,Vermont State - Lyndon Hornets,
2023,200376,Vermont State - Lyndon Hornets,
2024,200376,Vermont State - Lyndon Hornets,
2025,200376,Vermont State - Lyndon Hornets,
2020,200379,Nelson Lions,
2021,200379,Nelson Lions,
2022,200379,Nelson Lions,
2023,200379,Nelson Lions,
2024,200379,Nelson Lions,
2025,200379,Nelson Lions,
2020,200380,Georgian Court Lions,
2023,200380,Georgian Court Lions,
2025,200380,Georgian Court Lions,
2020,200381,Gordon College Fighting Scots,
2022,200381,Gordon College Fighting Scots,
2020,200382,Western Colorado Mountaineers,
2022,200382,Western Colorado Mountaineers,
2023,200382,Western Colorado Mountaineers,
2024,200382,Western Colorado Mountaineers,
2025,200382,Western Colorado Mountaineers,
2020,200384,Rockford Regents,
2022,200384,Rockford Regents,
2023,200384,Rockford Regents,
2024,200384,Rockford Regents,
2025,200384,Rockford Regents,
2020,200386,Simpson College (IA) Storm,
2010,200387,CS San Bernardino,
2020,200387,CS San Bernardino,
2020,200389,Campbellsville Tigers,
2022,200389,Campbellsville Tigers,
2024,200389,Campbellsville Tigers,
2025,200389,Campbellsville Tigers,
2012,200395,Alice Lloyd College Eagles,
2020,200395,Alice Lloyd College Eagles,
2021,200395,Alice Lloyd College Eagles,
2022,200395,Alice Lloyd College Eagles,
2023,200395,Alice Lloyd College Eagles,
2024,200395,Alice Lloyd College Eagles,
2025,200395,Alice Lloyd College Eagles,
2020,200397,SUNY-Potsdam,
2024,200397,SUNY-Potsdam,
2011,200398,Rogers State Hillcats,
2012,200398,Rogers State Hillcats,
2020,200398,Rogers State Hillcats,
2022,200398,Rogers State Hillcats,
2023,200398,Rogers State Hillcats,
2025,200398,Rogers State Hillcats,
2011,200400,Notre Dame de Namur Argonauts,
2020,200400,Notre Dame de Namur Argonauts,
2010,200404,Cornell College (IA) Rams,
2020,200404,Cornell College (IA) Rams,
2020,200408,Concord Mountain Lions,
2023,200408,Concord Mountain Lions,
2010,200409,St. Andrews Knights,
2020,200409,St. Andrews Knights,
2021,200409,St. Andrews Knights,
2022,200409,St. Andrews Knights,
2023,200409,St. Andrews Knights,
2024,200409,St. Andrews Knights,
2025,200409,St. Andrews Knights,
2011,200410,Our Lady Of The Lake Saints,
2020,200410,Our Lady Of The Lake Saints,
2021,200410,Our Lady Of The Lake Saints,
2022,200410,Our Lady Of The Lake Saints,
2023,200410,Our Lady Of The Lake Saints,
2024,200410,Our Lady Of The Lake Saints,
2025,200410,Our Lady Of The Lake Saints,
2020,200412,Bluefield State Big Blues,
2021,200412,Bluefield State Big Blues,
2020,200414,Lesley University Lynx,
2025,200414,Lesley University Lynx,
2010,200417,Fresno Pacific Sunbirds,
2011,200417,Fresno Pacific Sunbirds,
2012,200417,Fresno Pacific Sunbirds,
2020,200417,Fresno Pacific Sunbirds,
2021,200417,Fresno Pacific Sunbirds,
2022,200417,Fresno Pacific Sunbirds,
2023,200417,Fresno Pacific Sunbirds,
2024,200417,Fresno Pacific Sunbirds,
2020,200419,Northwestern Ohio Racers,
2022,200419,Northwestern Ohio Racers,
2023,200419,Northwestern Ohio Racers,
2011,200422,St. Thomas (TX) Celts,
2012,200422,St. Thomas (TX) Celts,
2020,200422,St. Thomas (TX) Celts,
2023,200422,St. Thomas (TX) Celts,
2024,200422,St. Thomas (TX) Celts,
2025,200422,St. Thomas (TX) Celts,
2020,200423,Central Christian College Tigers,
2024,200423,Central Christian College Tigers,
2010,200424,Walla Walla Wolves,
2012,200424,Walla Walla Wolves,
2020,200424,Walla Walla Wolves,
2022,200424,Walla Walla Wolves,
2023,200424,Walla Walla Wolves,
2024,200424,Walla Walla Wolves,
2025,200424,Walla Walla Wolves,
2012,200425,Arkansas Tech Wonder Boys,
2020,200425,Arkansas Tech Wonder Boys,
2020,200427,Ohio Northern Polar Bears,
2020,200432,Southwestern Christian Eagles,
2021,200432,Southwestern Christian Eagles,
2022,200432,Southwestern Christian Eagles,
2023,200432,Southwestern Christian Eagles,
2024,200432,Southwestern Christian Eagles,
2025,200432,Southwestern Christian Eagles,
2010,200433,Chaminade Silverswords,
2011,200433,Chaminade Silverswords,
2020,200433,Chaminade Silverswords,
2022,200433,Chaminade Silverswords,
2023,200433,Chaminade Silverswords,
2024,200433,Chaminade Silverswords,
2010,200434,Caldwell Cougars,
2020,200434,Caldwell Cougars,
2020,200435,SUNY-Oneonta Red Dragons,
2022,200435,SUNY-Oneonta Red Dragons,
2023,200435,SUNY-Oneonta Red Dragons,
2024,200435,SUNY-Oneonta Red Dragons,
2025,200435,SUNY-Oneonta Red Dragons,
2010,200436,Goucher Gophers,
2020,200436,Goucher Gophers,
2022,200436,Goucher Gophers,
2023,200436,Goucher Gophers,
2011,200439,Emory & Henry Wasps,
2012,200439,Emory & Henry Wasps,
2020,200439,Emory & Henry Wasps,
2022,200439,Emory & Henry Wasps,
2023,200439,Emory & Henry Wasps,
2010,200445,Geneva Golden Tornadoes,
2020,200445,Geneva Golden Tornadoes,
2020,200447,Gallaudet Bison,
2022,200447,Gallaudet Bison,
2023,200447,Gallaudet Bison,
2024,200447,Gallaudet Bison,
2025,200447,Gallaudet Bison,
2010,200448,East Central (OK) Tigers,
2020,200448,East Central (OK) Tigers,
2010,200449,Eureka Red Devils,
2012,200449,Eureka Red Devils,
2020,200449,Eureka Red Devils,
2023,200449,Eureka Red Devils,
2024,200449,Eureka Red Devils,
2025,200449,Eureka Red Devils,
2010,200451,Illinois-Springfield Prairie Stars,
2012,200451,Illinois-Springfield Prairie Stars,
2020,200451,Illinois-Springfield Prairie Stars,
2022,200451,Illinois-Springfield Prairie Stars,
2023,200451,Illinois-Springfield Prairie Stars,
2010,200452,Missouri-St. Louis Rivermen,
2020,200452,Missouri-St. Louis Rivermen,
2020,200453,Randall University Saints,
2025,200453,Randall University Saints,
2010,200454,Shorter Hawks,
2020,200454,Shorter Hawks,
2023,200454,Shorter Hawks,
2010,200455,Toccoa Falls Eagles,
2011,200455,Toccoa Falls Eagles,
2012,200455,Toccoa Falls Eagles,
2020,200455,Toccoa Falls Eagles,
2021,200455,Toccoa Falls Eagles,
2022,200455,Toccoa Falls Eagles,
2023,200455,Toccoa Falls Eagles,
2024,200455,Toccoa Falls Eagles,
2025,200455,Toccoa Falls Eagles,
2011,200458,Hawai'i Pacific Sea Warriors,
2020,200458,Hawai'i Pacific Sea Warriors,
2021,200458,Hawai'i Pacific Sea Warriors,
2022,200458,Hawai'i Pacific Sea Warriors,
2023,200458,Hawai'i Pacific Sea Warriors,
2024,200458,Hawai'i Pacific Sea Warriors,
2025,200458,Hawai'i Pacific Sea Warriors,
2020,200459,Luther Norse,
2024,200459,Luther Norse,
2010,200462,Auburn-Montgomery Senators,
2011,200462,Auburn-Montgomery Senators,
2020,200462,Auburn-Montgomery Senators,
2025,200462,Auburn-Montgomery Senators,
2010,200464,Rio Grande Red Storm,
2012,200464,Rio Grande Red Storm,
2020,200464,Rio Grande Red Storm,
2020,200465,Maine Maritime Mariners,
2020,200467,Mount Marty College Lancers,
2021,200467,Mount Marty College Lancers,
2022,200467,Mount Marty College Lancers,
2023,200467,Mount Marty College Lancers,
2024,200467,Mount Marty College Lancers,
2025,200467,Mount Marty College Lancers,
2020,200469,Concordia-Texas Tornados,
2022,200469,Concordia-Texas Tornados,
2010,200470,St. Mary's (TX) Rattlers,
2020,200470,St. Mary's (TX) Rattlers,
2021,200470,St. Mary's (TX) Rattlers,
2022,200470,St. Mary's (TX) Rattlers,
2023,200470,St. Mary's (TX) Rattlers,
2010,200473,Tennessee Wesleyan Bulldogs,
2011,200473,Tennessee Wesleyan Bulldogs,
2020,200473,Tennessee Wesleyan Bulldogs,
2022,200473,Tennessee Wesleyan Bulldogs,
2023,200473,Tennessee Wesleyan Bulldogs,
2024,200473,Tennessee Wesleyan Bulldogs,
2025,200473,Tennessee Wesleyan Bulldogs,
2011,200474,Haskell Jayhawks,
2012,200474,Haskell Jayhawks,
2020,200474,Haskell Jayhawks,
2022,200474,Haskell Jayhawks,
2025,200474,Haskell Jayhawks,
2020,200476,Clarks Summit Defenders,
2022,200476,Clarks Summit Defenders,
2023,200476,Clarks Summit Defenders,
2024,200476,Clarks Summit Defenders,
2011,200479,Judson University Eagles,
2012,200479,Judson University Eagles,
2020,200479,Judson University Eagles,
2021,200479,Judson University Eagles,
2025,200479,Judson University Eagles,
2011,200482,Maryville University (MO),
2012,200482,Maryville University (MO),
2020,200482,Maryville University (MO),
2022,200482,Maryville University (MO),
2020,200483,University of Saint Katherine Saint Katherine,
2021,200483,University of Saint Katherine Saint Katherine,
2022,200483,University of Saint Katherine Saint Katherine,
2023,200483,University of Saint Katherine Saint Katherine,
2024,200483,University of Saint Katherine Saint Katherine,
2010,200485,Carson-Newman Eagles,
2020,200485,Carson-Newman Eagles,
2010,200486,Nebraska-Kearney Lopers,
2020,200486,Nebraska-Kearney Lopers,
2020,200487,Multnomah University Lions,
2022,200487,Multnomah University Lions,
2023,200487,Multnomah University Lions,
2020,200489,Gannon Golden Knights,
2020,200492,Central State Oklahoma Bronchos,
2020,200493,Montevallo Falcons,
2023,200493,Montevallo Falcons,
2024,200493,Montevallo Falcons,
2010,200494,UT Permian Basin Falcons,
2020,200494,UT Permian Basin Falcons,
2025,200494,UT Permian Basin Falcons,
2010,200499,Concordia-Chicago Cougars,
2011,200499,Concordia-Chicago Cougars,
2020,200499,Concordia-Chicago Cougars,
2020,200502,Tampa Spartans,
2020,200503,Widener Pride,
2010,200504,Holy Family University Tigers,
2020,200504,Holy Family University Tigers,
2025,200504,Holy Family University Tigers,
2010,200505,Ecclesia Royals,
2011,200505,Ecclesia Royals,
2012,200505,Ecclesia Royals,
2020,200505,Ecclesia Royals,
2022,200505,Ecclesia Royals,
2023,200505,Ecclesia Royals,
2024,200505,Ecclesia Royals,
2025,200505,Ecclesia Royals,
2020,200506,Elizabethtown Blue Jays,
2022,200506,Elizabethtown Blue Jays,
2020,200507,Belmont Abbey Crusaders,
2021,200507,Belmont Abbey Crusaders,
2012,200509,St. Thomas (FL) Bobcats,
2020,200509,St. Thomas (FL) Bobcats,
2022,200509,St. Thomas (FL) Bobcats,
2023,200509,St. Thomas (FL) Bobcats,
2010,200511,San Francisco State Gators,
2011,200511,San Francisco State Gators,
2012,200511,San Francisco State Gators,
2020,200511,San Francisco State Gators,
2022,200511,San Francisco State Gators,
2023,200511,San Francisco State Gators,
2024,200511,San Francisco State Gators,
2025,200511,San Francisco State Gators,
2020,200512,Thomas (GA) Night Hawks,
2011,200514,Doane Tigers,
2020,200514,Doane Tigers,
2021,200514,Doane Tigers,
2024,200514,Doane Tigers,
2020,200517,Antelope Valley,
2022,200517,Antelope Valley,
2023,200517,Antelope Valley,
2024,200517,Antelope Valley,
2010,200518,Freed-Hardeman Lions,
2020,200518,Freed-Hardeman Lions,
2021,200518,Freed-Hardeman Lions,
2010,200520,Midland University Midland,
2011,200520,Midland University Midland,
2020,200520,Midland University Midland,
2023,200520,Midland University Midland,
2010,200521,Texas Wesleyan Rams,
2020,200521,Texas Wesleyan Rams,
2025,200521,Texas Wesleyan Rams,
2020,200522,Nebraska Wesleyan Prairie Wolves,
2020,200524,Ottawa (AZ) Spirit,
2022,200524,Ottawa (AZ) Spirit,
2023,200524,Ottawa (AZ) Spirit,
2020,200525,Connecticut College Camels,
2020,200526,Cumberland (KY) Patriots,
2024,200526,Cumberland (KY) Patriots,
2025,200526,Cumberland (KY) Patriots,
2011,200528,Mount St. Joseph Lions,
2020,200528,Mount St. Joseph Lions,
2021,200528,Mount St. Joseph Lions,
2023,200528,Mount St. Joseph Lions,
2010,200529,Whittier Poets,
2020,200529,Whittier Poets,
2022,200529,Whittier Poets,
2023,200529,Whittier Poets,
2024,200529,Whittier Poets,
2025,200529,Whittier Poets,
2010,200531,Northern New Mexico Eagles,
2011,200531,Northern New Mexico Eagles,
2012,200531,Northern New Mexico Eagles,
2020,200531,Northern New Mexico Eagles,
2022,200531,Northern New Mexico Eagles,
2023,200531,Northern New Mexico Eagles,
2024,200531,Northern New Mexico Eagles,
2025,200531,Northern New Mexico Eagles,
2020,200532,Penn State-York Nittany Lions,
2022,200532,Penn State-York Nittany Lions,
2024,200532,Penn State-York Nittany Lions,
2025,200532,Penn State-York Nittany Lions,
2012,200535,Westmont Warriors,
2020,200535,Westmont Warriors,
2021,200535,Westmont Warriors,
2022,200535,Westmont Warriors,
2023,200535,Westmont Warriors,
2024,200535,Westmont Warriors,
2010,200537,Vanguard Lions,
2011,200537,Vanguard Lions,
2012,200537,Vanguard Lions,
2020,200537,Vanguard Lions,
2021,200537,Vanguard Lions,
2023,200537,Vanguard Lions,
2024,200537,Vanguard Lions,
2010,200538,Cal State LA Golden Eagles,
2020,200538,Cal State LA Golden Eagles,
2023,200538,Cal State LA Golden Eagles,
2020,200540,Purchase Panthers,
2022,200540,Purchase Panthers,
2023,200540,Purchase Panthers,
2025,200540,Purchase Panthers,
2020,200544,Gardner-Webb Runnin' Bulldogs,
2020,200545,Hampton Pirates,
2012,200546,Rutgers-Camden Scarlet Raptors,
2020,200546,Rutgers-Camden Scarlet Raptors,
2011,200547,Crowley's Ridge Pioneers,
2012,200547,Crowley's Ridge Pioneers,
2020,200547,Crowley's Ridge Pioneers,
2021,200547,Crowley's Ridge Pioneers,
2022,200547,Crowley's Ridge Pioneers,
2023,200547,Crowley's Ridge Pioneers,
2025,200547,Crowley's Ridge Pioneers,
2021,200549,Keene St Owls,
2022,200549,Keene St Owls,
2010,200551,North Georgia Saints,
2021,200551,North Georgia Saints,
2011,200552,Lander Senators,
2021,200552,Lander Senators,
2010,200555,Culver-Stockton Wildcats,
2011,200555,Culver-Stockton Wildcats,
2021,200555,Culver-Stockton Wildcats,
2022,200555,Culver-Stockton Wildcats,
2011,200556,Tusculum Pioneers,
2021,200556,Tusculum Pioneers,
2023,200556,Tusculum Pioneers,
2024,200556,Tusculum Pioneers,
2025,200556,Tusculum Pioneers,
2010,200560,Oakwood Ambassadors,
2011,200560,Oakwood Ambassadors,
2012,200560,Oakwood Ambassadors,
2021,200560,Oakwood Ambassadors,
2022,200560,Oakwood Ambassadors,
2023,200560,Oakwood Ambassadors,
2024,200560,Oakwood Ambassadors,
2025,200560,Oakwood Ambassadors,
2012,200563,Coastal Georgia Mariner,
2021,200563,Coastal Georgia Mariner,
2022,200563,Coastal Georgia Mariner,
2023,200563,Coastal Georgia Mariner,
2024,200563,Coastal Georgia Mariner,
2025,200563,Coastal Georgia Mariner,
2011,200566,Mary Hardin-Baylor Crusaders,
2021,200566,Mary Hardin-Baylor Crusaders,
2022,200566,Mary Hardin-Baylor Crusaders,
2023,200566,Mary Hardin-Baylor Crusaders,
2012,200567,Westminster (UT) Griffins,
2021,200567,Westminster (UT) Griffins,
2022,200567,Westminster (UT) Griffins,
2023,200567,Westminster (UT) Griffins,
2025,200567,Westminster (UT) Griffins,
2011,200569,Queens University Royals,
2021,200569,Queens University Royals,
2010,200570,Greenville Panthers,
2011,200570,Greenville Panthers,
2012,200570,Greenville Panthers,
2021,200570,Greenville Panthers,
2021,200573,Regis (CO) REGIS UNIVERSITY,
2022,200573,Regis (CO) REGIS UNIVERSITY,
2012,200578,Phoenix Firestorm,
2021,200578,Phoenix Firestorm,
2022,200578,Phoenix Firestorm,
2021,200579,Emmanuel (MA) Lions,
2021,200584,Point Park Pioneers,
2022,200584,Point Park Pioneers,
2024,200584,Point Park Pioneers,
2011,200586,La Sierra Golden Eagles,
2021,200586,La Sierra Golden Eagles,
2022,200586,La Sierra Golden Eagles,
2023,200586,La Sierra Golden Eagles,
2025,200586,La Sierra Golden Eagles,
2021,200587,Washburn Ichabods,
2010,200593,St. Ambrose Fighting Bees,
2021,200593,St. Ambrose Fighting Bees,
2023,200593,St. Ambrose Fighting Bees,
2024,200593,St. Ambrose Fighting Bees,
2025,200593,St. Ambrose Fighting Bees,
2011,200594,Sul Ross State Lobos,
2021,200594,Sul Ross State Lobos,
2022,200594,Sul Ross State Lobos,
2023,200594,Sul Ross State Lobos,
2024,200594,Sul Ross State Lobos,
2025,200594,Sul Ross State Lobos,
2010,200596,Bluefield University Ramblin' Rams,
2011,200596,Bluefield University Ramblin' Rams,
2012,200596,Bluefield University Ramblin' Rams,
2021,200596,Bluefield University Ramblin' Rams,
2022,200596,Bluefield University Ramblin' Rams,
2024,200596,Bluefield University Ramblin' Rams,
2025,200596,Bluefield University Ramblin' Rams,
2010,200597,Salem University,
2021,200597,Salem University,
2021,200598,Rhode Island College Anchormen,
2024,200598,Rhode Island College Anchormen,
2021,200600,LSU Alexandria Bull Terriers,
2022,200600,LSU Alexandria Bull Terriers,
2023,200600,LSU Alexandria Bull Terriers,
2025,200600,LSU Alexandria Bull Terriers,
2021,200602,Adrian Bulldogs,
2021,200603,Lewis Flyers,
2010,200606,Fort Hays State Tigers,
2021,200606,Fort Hays State Tigers,
2021,200609,Transylvania Pioneers,
2022,200609,Transylvania Pioneers,
2010,200611,Tuskegee Golden Tigers,
2011,200611,Tuskegee Golden Tigers,
2021,200611,Tuskegee Golden Tigers,
2021,200617,Mercyhurst Lakers,
2010,200620,Central Baptist College Mustangs,
2011,200620,Central Baptist College Mustangs,
2021,200620,Central Baptist College Mustangs,
2022,200620,Central Baptist College Mustangs,
2023,200620,Central Baptist College Mustangs,
2021,200624,Dalton State Roadrunners,
2024,200624,Dalton State Roadrunners,
2025,200624,Dalton State Roadrunners,
2021,200627,Yellowstone Christian College Centurions,
2022,200627,Yellowstone Christian College Centurions,
2021,200628,CSU Pueblo Thunderwolves,
2024,200628,CSU Pueblo Thunderwolves,
2010,200631,WVU Tech Golden Bears,
2011,200631,WVU Tech Golden Bears,
2012,200631,WVU Tech Golden Bears,
2021,200631,WVU Tech Golden Bears,
2024,200631,WVU Tech Golden Bears,
2012,200637,Bacone,
2021,200637,Bacone,
2021,200638,Concordia-Irvine Eagles,
2024,200638,Concordia-Irvine Eagles,
2021,200644,Kansas Christian Falcons,
2022,200644,Kansas Christian Falcons,
2023,200644,Kansas Christian Falcons,
2024,200644,Kansas Christian Falcons,
2025,200644,Kansas Christian Falcons,
2021,200647,Olivet Comets,
2012,200652,Belhaven Blazers,
2021,200652,Belhaven Blazers,
2022,200652,Belhaven Blazers,
2023,200652,Belhaven Blazers,
2024,200652,Belhaven Blazers,
2021,200654,Virginia Wesleyan Blue Marlins,
2022,200654,Virginia Wesleyan Blue Marlins,
2023,200654,Virginia Wesleyan Blue Marlins,
2024,200654,Virginia Wesleyan Blue Marlins,
2025,200654,Virginia Wesleyan Blue Marlins,
2012,200656,Newman University Jets,
2021,200656,Newman University Jets,
2010,200657,Catawba Chiefs,
2021,200657,Catawba Chiefs,
2021,200659,Carlow Celtics,
2022,200659,Carlow Celtics,
2023,200659,Carlow Celtics,
2021,200661,Midwestern State Mustangs,
2021,200662,Whitworth Pirates,
2021,200664,Saint Martin's Saints,
2023,200664,Saint Martin's Saints,
2011,200665,Chowan Hawks,
2012,200665,Chowan Hawks,
2021,200665,Chowan Hawks,
2022,200665,Chowan Hawks,
2021,200666,Calvin University Knights,
2021,200667,Wingate Bulldogs,
2021,200670,Benedict Tigers,
2011,200672,Coe Kohawks,
2021,200672,Coe Kohawks,
2022,200672,Coe Kohawks,
2024,200672,Coe Kohawks,
2021,200675,Lancasater Bible College Chargers,
2022,200675,Lancasater Bible College Chargers,
2025,200675,Lancasater Bible College Chargers,
2021,200676,Southwestern Adventist Knights,
2022,200676,Southwestern Adventist Knights,
2023,200676,Southwestern Adventist Knights,
2024,200676,Southwestern Adventist Knights,
2025,200676,Southwestern Adventist Knights,
2011,200679,George Fox Bruins,
2021,200679,George Fox Bruins,
2022,200679,George Fox Bruins,
2024,200679,George Fox Bruins,
2010,200680,Southern Virginia Knights,
2011,200680,Southern Virginia Knights,
2012,200680,Southern Virginia Knights,
2021,200680,Southern Virginia Knights,
2024,200680,Southern Virginia Knights,
2025,200680,Southern Virginia Knights,
2010,200681,Columbus State Cougars,
2021,200681,Columbus State Cougars,
2021,200683,Warner Pacific Knights,
2023,200683,Warner Pacific Knights,
2024,200683,Warner Pacific Knights,
2011,200686,Northeastern State RiverHawks,
2021,200686,Northeastern State RiverHawks,
2025,200686,Northeastern State RiverHawks,
2022,200688,SUNY-New Paltz Hawks,
2022,200689,Regis Pride,
2025,200689,Regis Pride,
2012,200691,Lake Erie Storm,
2022,200691,Lake Erie Storm,
2024,200691,Lake Erie Storm,
2010,200694,Vassar Brewers,
2011,200694,Vassar Brewers,
2022,200694,Vassar Brewers,
2024,200694,Vassar Brewers,
2022,200695,Morehouse Maroon Tigers,
2023,200695,Morehouse Maroon Tigers,
2024,200695,Morehouse Maroon Tigers,
2025,200695,Morehouse Maroon Tigers,
2022,200697,Fisher College Eagles,
2023,200697,Fisher College Eagles,
2024,200697,Fisher College Eagles,
2025,200697,Fisher College Eagles,
2022,200707,Maryville College (TN) Fighting Scots,
2023,200707,Maryville College (TN) Fighting Scots,
2025,200707,Maryville College (TN) Fighting Scots,
2011,200711,Neumann Knights,
2022,200711,Neumann Knights,
2023,200711,Neumann Knights,
2025,200711,Neumann Knights,
2022,200716,Hastings Broncos,
2022,200717,Concordia Moorhead Cobbers,
2011,200719,West Florida Argonauts,
2022,200719,West Florida Argonauts,
2012,200738,Hope Flying Dutchmen,
2022,200738,Hope Flying Dutchmen,
2010,200745,Ohio Valley Fighting Scots,
2022,200745,Ohio Valley Fighting Scots,
2011,200748,Morris College Hornets,
2012,200748,Morris College Hornets,
2022,200748,Morris College Hornets,
2023,200748,Morris College Hornets,
2025,200748,Morris College Hornets,
2022,200751,Maine-Farmington Highlanders,
2022,200752,Ohio Wesleyan Battling Bishops,
2025,200752,Ohio Wesleyan Battling Bishops,
2010,200754,Trinity (FL) Tigers,
2022,200754,Trinity (FL) Tigers,
2024,200754,Trinity (FL) Tigers,
2025,200754,Trinity (FL) Tigers,
2022,200755,Salisbury Sea Gulls,
2022,200756,Virginia-Lynchburg Dragons,
2023,200756,Virginia-Lynchburg Dragons,
2024,200756,Virginia-Lynchburg Dragons,
2025,200756,Virginia-Lynchburg Dragons,
2012,200757,Guilford Quakers,
2022,200757,Guilford Quakers,
2023,200757,Guilford Quakers,
2022,200766,Miami (OH)-Hamilton Harriers,
2023,200766,Miami (OH)-Hamilton Harriers,
2024,200766,Miami (OH)-Hamilton Harriers,
2025,200766,Miami (OH)-Hamilton Harriers,
2010,200767,Warner University Royals,
2011,200767,Warner University Royals,
2012,200767,Warner University Royals,
2022,200767,Warner University Royals,
2025,200767,Warner University Royals,
2022,200771,Barclay College Bears,
2022,200773,Hanover Panthers,
2022,200776,Arkansas Baptist Buffaloes,
2023,200776,Arkansas Baptist Buffaloes,
2024,200776,Arkansas Baptist Buffaloes,
2025,200776,Arkansas Baptist Buffaloes,
2011,200787,LeMoyne-Owen Magicians,
2012,200787,LeMoyne-Owen Magicians,
2022,200787,LeMoyne-Owen Magicians,
2024,200787,LeMoyne-Owen Magicians,
2022,200793,Knox Prairie Fire,
2023,200793,Knox Prairie Fire,
2022,200796,East Texas A&M Lions,
2022,200799,NVU-Lyndon Hornets,
2022,200800,Iowa Wesleyan Tigers,
2023,200800,Iowa Wesleyan Tigers,
2011,200801,WPI Engineers,
2022,200801,WPI Engineers,
2025,200801,WPI Engineers,
2022,200803,Keystone Giants,
2023,200803,Keystone Giants,
2024,200803,Keystone Giants,
2022,200804,Depauw Tigers,
2024,200804,Depauw Tigers,
2022,200817,Wheeling Cardinals,
2011,200819,Saginaw Valley State Cardinals,
2012,200819,Saginaw Valley State Cardinals,
2022,200819,Saginaw Valley State Cardinals,
2024,200819,Saginaw Valley State Cardinals,
2022,200824,Wells College Express,
2023,200824,Wells College Express,
2024,200824,Wells College Express,
2010,200831,Central Methodist Eagles,
2012,200831,Central Methodist Eagles,
2022,200831,Central Methodist Eagles,
2022,200832,Eckerd Tritons,
2010,200833,Fredonia State Blue Devils,
2012,200833,Fredonia State Blue Devils,
2022,200833,Fredonia State Blue Devils,
2023,200833,Fredonia State Blue Devils,
2024,200833,Fredonia State Blue Devils,
2025,200833,Fredonia State Blue Devils,
2010,200853,Penn State-Behrend Lions,
2022,200853,Penn State-Behrend Lions,
2022,200856,Mary Baldwin Fighting Squirrels,
2023,200856,Mary Baldwin Fighting Squirrels,
2024,200856,Mary Baldwin Fighting Squirrels,
2025,200856,Mary Baldwin Fighting Squirrels,
2022,200859,Wisconsin-Superior Wiscsup,
2010,200863,Franklin Grizzlies,
2022,200863,Franklin Grizzlies,
2023,200863,Franklin Grizzlies,
2025,200863,Franklin Grizzlies,
2010,200864,Academy of Art Urban Knights,
2012,200864,Academy of Art Urban Knights,
2022,200864,Academy of Art Urban Knights,
2023,200864,Academy of Art Urban Knights,
2022,200870,Carroll (MT) Fighting Saints,
2024,200870,Carroll (MT) Fighting Saints,
2022,200875,Lincoln University (CA) Oaklanders,
2025,200875,Lincoln University (CA) Oaklanders,
2011,200879,Dallas Crusaders,
2022,200879,Dallas Crusaders,
2024,200879,Dallas Crusaders,
2025,200879,Dallas Crusaders,
2022,200884,Crown College Polars,
2023,200884,Crown College Polars,
2024,200884,Crown College Polars,
2025,200884,Crown College Polars,
2010,200886,Waldorf College Warriors,
2011,200886,Waldorf College Warriors,
2012,200886,Waldorf College Warriors,
2022,200886,Waldorf College Warriors,
2023,200886,Waldorf College Warriors,
2024,200886,Waldorf College Warriors,
2025,200886,Waldorf College Warriors,
2022,200887,Minnesota Morris Cougars,
2022,200888,Alliance University Warriors,
2010,200889,LSU Shreveport Pilots,
2011,200889,LSU Shreveport Pilots,
2022,200889,LSU Shreveport Pilots,
2024,200889,LSU Shreveport Pilots,
2022,200890,Webster Gorloks,
2011,200894,Lenoir-Rhyne Bears,
2022,200894,Lenoir-Rhyne Bears,
2022,200896,Keuka Storm,
2010,200898,Northwood (MI) Timberwolves,
2011,200898,Northwood (MI) Timberwolves,
2022,200898,Northwood (MI) Timberwolves,
2024,200898,Northwood (MI) Timberwolves,
2022,200899,Millersville Marauders,
2010,200900,Voorhees Tigers,
2011,200900,Voorhees Tigers,
2022,200900,Voorhees Tigers,
2023,200900,Voorhees Tigers,
2024,200900,Voorhees Tigers,
2025,200900,Voorhees Tigers,
2022,200901,Babson Beavers,
2011,200905,Roosevelt Lakers,
2012,200905,Roosevelt Lakers,
2022,200905,Roosevelt Lakers,
2011,200909,Asbury Eagles,
2012,200909,Asbury Eagles,
2022,200909,Asbury Eagles,
2024,200909,Asbury Eagles,
2025,200909,Asbury Eagles,
2012,200910,Lindsey Wilson Blue Raiders,
2022,200910,Lindsey Wilson Blue Raiders,
2023,200910,Lindsey Wilson Blue Raiders,
2024,200910,Lindsey Wilson Blue Raiders,
2025,200910,Lindsey Wilson Blue Raiders,
2022,200912,Moravian Greyhounds,
2022,200914,St. John Fisher Cardinals,
2023,200914,St. John Fisher Cardinals,
2011,200916,Philander Smith Panthers,
2012,200916,Philander Smith Panthers,
2022,200916,Philander Smith Panthers,
2023,200916,Philander Smith Panthers,
2010,200918,Buffalo State Bengals,
2012,200918,Buffalo State Bengals,
2022,200918,Buffalo State Bengals,
2024,200918,Buffalo State Bengals,
2022,200920,John Jay College Bloodhounds,
2023,200920,John Jay College Bloodhounds,
2024,200920,John Jay College Bloodhounds,
2025,200920,John Jay College Bloodhounds,
2022,200934,Centre College Colonels,
2022,200935,North Central (MN) Rams,
2023,200935,North Central (MN) Rams,
2024,200935,North Central (MN) Rams,
2025,200935,North Central (MN) Rams,
2022,200937,Mount Olive Trojans,
2023,200937,Mount Olive Trojans,
2024,200937,Mount Olive Trojans,
2025,200937,Mount Olive Trojans,
2011,200939,Minnesota Duluth Bulldogs,
2022,200939,Minnesota Duluth Bulldogs,
2010,200940,Montreat Cavaliers,
2011,200940,Montreat Cavaliers,
2012,200940,Montreat Cavaliers,
2022,200940,Montreat Cavaliers,
2023,200940,Montreat Cavaliers,
2024,200940,Montreat Cavaliers,
2025,200940,Montreat Cavaliers,
2022,200941,Immaculata Mighty Macs,
2023,200941,Immaculata Mighty Macs,
2024,200941,Immaculata Mighty Macs,
2025,200941,Immaculata Mighty Macs,
2022,200943,Converse University Valkyries,
2011,200946,Redlands Bulldogs,
2012,200946,Redlands Bulldogs,
2022,200946,Redlands Bulldogs,
2022,200948,Ashland Eagles,
2022,200949,University of New England Nor'easters,
2023,200949,University of New England Nor'easters,
2022,200950,Bethel (IN) Pilots,
2024,200950,Bethel (IN) Pilots,
2011,200960,Gwynedd-Mercy Griffins,
2022,200960,Gwynedd-Mercy Griffins,
2023,200960,Gwynedd-Mercy Griffins,
2024,200960,Gwynedd-Mercy Griffins,
2025,200960,Gwynedd-Mercy Griffins,
2010,200968,St. Xavier  (IL) Cougars,
2022,200968,St. Xavier  (IL) Cougars,
2023,200968,St. Xavier  (IL) Cougars,
2024,200968,St. Xavier  (IL) Cougars,
2022,200972,Eastern University (PA) Eagles,
2022,200974,Evangel Crusaders,
2012,200975,Point Skyhawks,
2022,200975,Point Skyhawks,
2011,200981,American International Yellow Jackets,
2022,200981,American International Yellow Jackets,
2022,200984,Embry-Riddle (AZ) Eagles,
2025,200984,Embry-Riddle (AZ) Eagles,
2022,200985,Ohio Christian Trailblazers,
2024,200985,Ohio Christian Trailblazers,
2025,200985,Ohio Christian Trailblazers,
2010,200986,Dillard Blue Devils,
2011,200986,Dillard Blue Devils,
2012,200986,Dillard Blue Devils,
2022,200986,Dillard Blue Devils,
2023,200986,Dillard Blue Devils,
2024,200986,Dillard Blue Devils,
2025,200986,Dillard Blue Devils,
2022,200987,Baptist Bible College (MO) Patriots,
2022,200991,Clayton State Lakers,
2023,200991,Clayton State Lakers,
2022,200992,Spurgeon College Knights,
2022,200994,Bushnell Beacons,
2023,200994,Bushnell Beacons,
2023,201001,Milwaukee School Of Engineering Raiders,
2024,201001,Milwaukee School Of Engineering Raiders,
2010,201006,Mount Saint Mary (NY) Knights,
2023,201006,Mount Saint Mary (NY) Knights,
2024,201006,Mount Saint Mary (NY) Knights,
2025,201006,Mount Saint Mary (NY) Knights,
2023,201011,Lebanon Valley Flying Dutchmen,
2023,201016,Thomas (ME) Terriers,
2024,201016,Thomas (ME) Terriers,
2025,201016,Thomas (ME) Terriers,
2023,201017,Lynn Fighting Knights,
2024,201017,Lynn Fighting Knights,
2023,201021,Virginia St Trojans,
2023,201022,Sarah Lawrence Gryphons,
2024,201022,Sarah Lawrence Gryphons,
2025,201022,Sarah Lawrence Gryphons,
2023,201026,Miami (OH)-Middletown ThunderHawks,
2023,201027,Cazenovia College Wildcats,
2023,201028,Brandeis Judges,
2010,201029,Wayne State (MI) Warriors,
2023,201029,Wayne State (MI) Warriors,
2023,201034,Southern Nazarene Crimson Storm,
2011,201035,Anderson (SC) Trojans,
2023,201035,Anderson (SC) Trojans,
2024,201035,Anderson (SC) Trojans,
2023,201039,UNT Dallas Trailblazers,
2024,201039,UNT Dallas Trailblazers,
2025,201039,UNT Dallas Trailblazers,
2023,201042,Saint Augustine's Falcons,
2024,201042,Saint Augustine's Falcons,
2010,201045,Lincoln (MO) Blue Tigers,
2023,201045,Lincoln (MO) Blue Tigers,
2024,201045,Lincoln (MO) Blue Tigers,
2025,201045,Lincoln (MO) Blue Tigers,
2023,201051,Wartburg Knights,
2012,201065,Chapman Panthers,
2023,201065,Chapman Panthers,
2025,201065,Chapman Panthers,
2010,201068,Lewis & Clark Pioneers,
2012,201068,Lewis & Clark Pioneers,
2023,201068,Lewis & Clark Pioneers,
2024,201068,Lewis & Clark Pioneers,
2025,201068,Lewis & Clark Pioneers,
2023,201071,District Of Columbia Firebirds,
2025,201071,District Of Columbia Firebirds,
2023,201072,North American Stallions,
2024,201072,North American Stallions,
2023,201073,Pittsburgh - Greensburg Bobcats,
2024,201073,Pittsburgh - Greensburg Bobcats,
2012,201075,Mercy Mavericks,
2023,201075,Mercy Mavericks,
2024,201075,Mercy Mavericks,
2025,201075,Mercy Mavericks,
2010,201080,Cal Maritime Keelhaulers,
2012,201080,Cal Maritime Keelhaulers,
2023,201080,Cal Maritime Keelhaulers,
2024,201080,Cal Maritime Keelhaulers,
2025,201080,Cal Maritime Keelhaulers,
2023,201082,Clinton College Golden Bears,
2023,201083,Ouachita Baptist Tigers,
2023,201084,Baldwin Wallace Yellow Jackets,
2025,201084,Baldwin Wallace Yellow Jackets,
2023,201088,Penn State-New Kensington Lions,
2024,201088,Penn State-New Kensington Lions,
2023,201090,SUNY Delhi Broncos,
2024,201090,SUNY Delhi Broncos,
2025,201090,SUNY Delhi Broncos,
2023,201091,Mississippi University For Women Owls,
2024,201091,Mississippi University For Women Owls,
2025,201091,Mississippi University For Women Owls,
2023,201092,Clark (MA) Cougars,
2023,201097,Dean College Bulldogs,
2023,201102,Penn State-Alleghany Nittany Lions,
2024,201102,Penn State-Alleghany Nittany Lions,
2010,201103,Hannibal-Lagrange Trojans,
2011,201103,Hannibal-Lagrange Trojans,
2012,201103,Hannibal-Lagrange Trojans,
2023,201103,Hannibal-Lagrange Trojans,
2024,201103,Hannibal-Lagrange Trojans,
2025,201103,Hannibal-Lagrange Trojans,
2023,201116,John Brown Golden Eagles,
2024,201116,John Brown Golden Eagles,
2010,201119,College of New Jersey Lions,
2011,201119,College of New Jersey Lions,
2012,201119,College of New Jersey Lions,
2023,201119,College of New Jersey Lions,
2010,201122,Dakota State Trojans,
2012,201122,Dakota State Trojans,
2023,201122,Dakota State Trojans,
2011,201123,Cardinal Stritch Wolves,
2023,201123,Cardinal Stritch Wolves,
2010,201124,Kentucky State Thorobreds,
2023,201124,Kentucky State Thorobreds,
2024,201124,Kentucky State Thorobreds,
2025,201124,Kentucky State Thorobreds,
2023,201126,Massachusetts College of Liberal Arts Mohawks,
2011,201142,Union Garnet Chargers,
2023,201142,Union Garnet Chargers,
2023,201149,Grace Christian Tigers,
2023,201152,McDaniel Green Terror,
2010,201155,Indianapolis Greyhounds,
2023,201155,Indianapolis Greyhounds,
2010,201162,West Virginia Wesleyan Bobcats,
2023,201162,West Virginia Wesleyan Bobcats,
2025,201162,West Virginia Wesleyan Bobcats,
2010,201166,Albertus Magnus Falcons,
2023,201166,Albertus Magnus Falcons,
2012,201167,Arcadia,
2023,201167,Arcadia,
2024,201167,Arcadia,
2023,201168,Ithaca College Bombers,
2012,201170,Loras Duhawks,
2023,201170,Loras Duhawks,
2024,201170,Loras Duhawks,
2011,201172,Houghton Highlanders,
2023,201172,Houghton Highlanders,
2024,201172,Houghton Highlanders,
2025,201172,Houghton Highlanders,
2010,201177,Occidental Tigers,
2011,201177,Occidental Tigers,
2023,201177,Occidental Tigers,
2024,201177,Occidental Tigers,
2025,201177,Occidental Tigers,
2023,201178,Oklahoma Baptist Bison,
2023,201185,Saint Mary of the Woods College Pomeroys,
2024,201185,Saint Mary of the Woods College Pomeroys,
2025,201185,Saint Mary of the Woods College Pomeroys,
2010,201186,Albany St (GA) Golden Rams,
2011,201186,Albany St (GA) Golden Rams,
2023,201186,Albany St (GA) Golden Rams,
2024,201186,Albany St (GA) Golden Rams,
2023,201199,Old Westbury Panthers,
2025,201199,Old Westbury Panthers,
2023,201200,D'Youville Saints,
2024,201200,D'Youville Saints,
2010,201201,Lynchburg Hornets,
2011,201201,Lynchburg Hornets,
2012,201201,Lynchburg Hornets,
2023,201201,Lynchburg Hornets,
2024,201201,Lynchburg Hornets,
2025,201201,Lynchburg Hornets,
2011,201208,Oglethorpe Stormy Petrels,
2023,201208,Oglethorpe Stormy Petrels,
2024,201208,Oglethorpe Stormy Petrels,
2025,201208,Oglethorpe Stormy Petrels,
2023,201211,Colby-Sawyer Chargers,
2024,201211,Colby-Sawyer Chargers,
2025,201211,Colby-Sawyer Chargers,
2023,201212,Bluffton Beavers,
2025,201212,Bluffton Beavers,
2023,201215,Framingham State Rams,
2024,201215,Framingham State Rams,
2025,201215,Framingham State Rams,
2012,201220,Saint Josephs Long Island Golden Eagles,
2023,201220,Saint Josephs Long Island Golden Eagles,
2024,201220,Saint Josephs Long Island Golden Eagles,
2025,201220,Saint Josephs Long Island Golden Eagles,
2023,201223,Ozark Christian Ambassadors,
2024,201223,Ozark Christian Ambassadors,
2025,201223,Ozark Christian Ambassadors,
2023,201228,Eastern Nazarene Lions,
2023,201229,Vermont State - Johnson Badgers,
2024,201229,Vermont State - Johnson Badgers,
2025,201229,Vermont State - Johnson Badgers,
2023,201237,Paine Lions,
2010,201239,Alma Scots,
2011,201239,Alma Scots,
2023,201239,Alma Scots,
2023,201240,Blackburn Beavers,
2024,201240,Blackburn Beavers,
2025,201240,Blackburn Beavers,
2023,201241,Muskingum Fighting Muskies,
2024,201241,Muskingum Fighting Muskies,
2025,201241,Muskingum Fighting Muskies,
2023,201242,Tufts Jumbos,
2023,201247,Simon Fraser Red Leafs,
2023,201260,Maine-Augusta Moose,
2025,201260,Maine-Augusta Moose,
2023,201262,Saint Vincent Bearcats,
2024,201262,Saint Vincent Bearcats,
2023,201264,Johnson University (TN) Royals,
2024,201264,Johnson University (TN) Royals,
2025,201264,Johnson University (TN) Royals,
2012,201269,Calumet Crimson Wave,
2023,201269,Calumet Crimson Wave,
2024,201269,Calumet Crimson Wave,
2025,201269,Calumet Crimson Wave,
2023,201274,Cal State East Bay Pioneers,
2011,201276,St. Josephs (ME) Monks,
2023,201276,St. Josephs (ME) Monks,
2010,201288,Western Oregon Wolves,
2012,201288,Western Oregon Wolves,
2023,201288,Western Oregon Wolves,
2024,201288,Western Oregon Wolves,
2025,201288,Western Oregon Wolves,
2023,201293,Northwest Indian RedHawks,
2024,201293,Northwest Indian RedHawks,
2025,201293,Northwest Indian RedHawks,
2023,201302,Master's University Mustangs,
2023,201303,Coast Guard Bears,
2024,201303,Coast Guard Bears,
2010,201314,Science & Arts (OK) Drovers,
2011,201314,Science & Arts (OK) Drovers,
2023,201314,Science & Arts (OK) Drovers,
2024,201314,Science & Arts (OK) Drovers,
2011,201323,Georgia Southwestern Hurricanes,
2023,201323,Georgia Southwestern Hurricanes,
2023,201324,Wilkes University Colonels,
2024,201324,Wilkes University Colonels,
2023,201325,Lane College Dragons,
2025,201325,Lane College Dragons,
2011,201326,Ohio Dominican Panthers,
2012,201326,Ohio Dominican Panthers,
2023,201326,Ohio Dominican Panthers,
2024,201326,Ohio Dominican Panthers,
2023,201327,Lourdes University Gray Wolves,
2024,201327,Lourdes University Gray Wolves,
2023,201331,Aurora Spartans,
2024,201331,Aurora Spartans,
2023,201335,Park University Gilbert Buccaneers,
2024,201335,Park University Gilbert Buccaneers,
2025,201335,Park University Gilbert Buccaneers,
2024,201339,Fort Lauderdale Eagles,
2025,201339,Fort Lauderdale Eagles,
2010,201342,Linfield College Wildcats,
2012,201342,Linfield College Wildcats,
2024,201342,Linfield College Wildcats,
2010,201349,King (TN) Tornado,
2011,201349,King (TN) Tornado,
2024,201349,King (TN) Tornado,
2024,201354,Clark Atlanta Panthers,
2024,201358,Washington and Lee Generals,
2024,201389,Life University Running Eagles,
2024,201398,South Dakota Mines Hardrockers,
2025,201398,South Dakota Mines Hardrockers,
2010,201418,Maine-Presque Isle Owls,
2024,201418,Maine-Presque Isle Owls,
2024,201419,SUNY Morrisville Mustangs,
2024,201421,Goldey-Beacom Lightning,
2024,201423,Penn State (Brandywine) Lions,
2024,201427,Dakota Wesleyan Tigers,
2025,201427,Dakota Wesleyan Tigers,
2024,201428,Monmouth (IL) Fighting Scots,
2025,201428,Monmouth (IL) Fighting Scots,
2012,201432,Cheyney (PA) Wolves,
2024,201432,Cheyney (PA) Wolves,
2025,201432,Cheyney (PA) Wolves,
2024,201439,Andrews University Cardinals,
2024,201440,Worcester State Lancers,
2024,201446,College Of Biblical Studies Ambassadors,
2025,201446,College Of Biblical Studies Ambassadors,
2024,201456,Plattsburgh St Cardinals,
2025,201456,Plattsburgh St Cardinals,
2012,201458,University Of Saint Mary,
2024,201458,University Of Saint Mary,
2024,201459,Friends University Falcons,
2025,201459,Friends University Falcons,
2024,201464,Bard College BARD,
2010,201481,Berry Vikings,
2024,201481,Berry Vikings,
2024,201491,Westfield State Owls,
2024,201492,Roberts Wesleyan Redhawks,
2024,201499,Felician Golden Falcons,
2011,201500,Valley City,
2012,201500,Valley City,
2024,201500,Valley City,
2024,201505,Penn State-Schuylkill Nittany Lions,
2025,201505,Penn State-Schuylkill Nittany Lions,
2010,201523,Limestone Saints,
2024,201523,Limestone Saints,
2024,201525,Cleary University Cougars,
2025,201525,Cleary University Cougars,
2024,201528,Wittenberg Tigers,
2024,201532,Notre Dame (MD) Gators,
2025,201532,Notre Dame (MD) Gators,
2010,201533,Angelo State Rams,
2024,201533,Angelo State Rams,
2024,201535,Springfield Pride,
2025,201535,Springfield Pride,
2024,201539,Navajo Tech Skyhawks,
2010,201544,Concordia-St. Paul Golden Bears,
2024,201544,Concordia-St. Paul Golden Bears,
2025,201544,Concordia-St. Paul Golden Bears,
2010,201545,University of The Southwest Mustangs,
2011,201545,University of The Southwest Mustangs,
2024,201545,University of The Southwest Mustangs,
2025,201545,University of The Southwest Mustangs,
2024,201553,Carolina Christian College Centurions,
2025,201553,Carolina Christian College Centurions,
2024,201557,Lake Superior State Lakers,
2024,201562,Stanton Elks,
2024,201568,New College (FL) Mighty Banyans,
2025,201568,New College (FL) Mighty Banyans,
2010,201580,Berea Mountaineers,
2024,201580,Berea Mountaineers,
2012,201589,Elizabeth City State Vikings,
2024,201589,Elizabeth City State Vikings,
2025,201589,Elizabeth City State Vikings,
2010,201593,Arkansas-Fort Smith Lions,
2024,201593,Arkansas-Fort Smith Lions,
2024,201596,Oak Hills Christian Wolfpack,
2024,201599,Bethany (WV) Bison,
2025,201599,Bethany (WV) Bison,
2024,201605,Bowie State Bulldogs,
2025,201605,Bowie State Bulldogs,
2024,201606,Sterling College (KS) Warriors,
2011,201607,Tabor,
2012,201607,Tabor,
2024,201607,Tabor,
2025,201607,Tabor,
2010,201638,Adams State Grizzlies,
2024,201638,Adams State Grizzlies,
2024,201647,University of Wisconsin River Falls Falcons,
2024,201654,Delaware Valley Aggies,
2010,201661,Talladega Tornadoes,
2011,201661,Talladega Tornadoes,
2012,201661,Talladega Tornadoes,
2024,201661,Talladega Tornadoes,
2024,201664,Southwestern Oklahoma State Bulldogs,
2011,201673,Marywood Pacers,
2012,201673,Marywood Pacers,
2024,201673,Marywood Pacers,
2025,201673,Marywood Pacers,
2025,201688,IU Columbus Crimson Pride,
2011,201710,Dickinson (PA) Red Devils,
2025,201710,Dickinson (PA) Red Devils,
2025,201722,Lakeland Muskies,
2012,201737,Jamestown Jimmies,
2025,201737,Jamestown Jimmies,
2025,201742,Union (TN) Bulldogs,
2010,201750,Westminster (MO) Blue Jays,
2025,201750,Westminster (MO) Blue Jays,
2025,201776,Texas A&M-San Antonio Jaguars,
2010,201784,Point University Skyhawks,
2025,201784,Point University Skyhawks,
2025,201794,Holy Cross College (IN) Saints,
2025,201812,Pratt Cannoneers,
2025,201813,Manor College Blue Jays,
2025,201820,Chatham University Cougars,
2025,201826,Augusta Jaguars,
2025,201828,Taylor Trojans,
2025,201829,Missouri Southern State Lions,
2010,201830,Southern Oregon Raiders,
2025,201830,Southern Oregon Raiders,
2025,201840,Franklin Pierce Ravens,
2025,201856,Seattle Pacific Falcons,
2025,201857,Nobel Knights,
2025,201865,St. Norbert Green Knights,
2010,201866,Texas College Steers,
2011,201866,Texas College Steers,
2012,201866,Texas College Steers,
2025,201866,Texas College Steers,
2025,201867,Saint Mary's (MN) Cardinals,
2025,201872,Capital Crusaders,
2025,201882,Randolph-Macon Yellow Jackets,
2025,201886,Mitchell College Mariners,
2025,201888,Endicott College Gulls,
2025,201889,Mansfield Mountaineers,
2025,201895,Minnesota Crookston Golden Eagles,
2025,201896,Vermont State - Randolph Knights,
2025,201897,Puerto Rico-Mayaguez Bulldogs,
2025,201902,Puerto Rico-Bayamon Pirates,
2025,201905,Puerto Rico-Rio Piedras Gallitos,
2025,201908,Justice College Lions,
2011,201914,Texas A&M-Kingsville Javelinas,
2025,201914,Texas A&M-Kingsville Javelinas,
2025,201919,MARIAN Sabres,
2025,201929,Pittsburgh-Bradford Panthers,
2025,201930,York (NY) Cardinals,
2025,201931,Livingstone Blue Bears,
2025,201932,Penn State-Shenango Nittany Lions,
2025,201940,Lehman College Bridges,
2025,201942,SUNY-Brockport Golden Eagles,
2012,201953,Penn State-Altoona Nittany Lions,
2025,201953,Penn State-Altoona Nittany Lions,
2011,201954,Colorado-Colorado Springs Mountain Lions,
2025,201954,Colorado-Colorado Springs Mountain Lions,
2025,201956,Columbia College (SC) Fighting Koalas,
2012,201973,Michigan Tech Huskies,
2025,201973,Michigan Tech Huskies,
2010,201980,Chadron State Eagles,
2025,201980,Chadron State Eagles,
2025,201984,Penn State-Fayette Nittany Lions,
2025,201989,North Central College Cardinals,
2025,201990,Penn State Scranton Nittany Lions,
2025,201991,Spartanburg Methodist Pioneers,
2025,202000,Manhattanville Valiants,
2025,202009,Texas A&M-Texarkana Eagles,
2025,202018,Bowdoin Polar Bears,
2010,202021,Washington Adventist Shock,
2011,202021,Washington Adventist Shock,
2012,202021,Washington Adventist Shock,
2025,202021,Washington Adventist Shock,
2010,202022,Virginia Intermont Cobras,
2011,202022,Virginia Intermont Cobras,
2012,202022,Virginia Intermont Cobras,
2010,202023,Kenyon Lords,
2012,202023,Kenyon Lords,
2010,202024,Cameron Aggies,
2011,202024,Cameron Aggies,
2012,202024,Cameron Aggies,
2010,202025,Southwestern College Arizona Eagles,
2011,202025,Southwestern College Arizona Eagles,
2010,202026,Northern Michigan Wildcats,
2010,202027,UNC Pembroke Braves,
2012,202027,UNC Pembroke Braves,
2010,202028,St. Catharine (KY) Wildcats,
2011,202028,St. Catharine (KY) Wildcats,
2010,202029,Suffolk Rams,
2012,202029,Suffolk Rams,
2010,202030,Dallas Baptist Patriots,
2010,202031,Hope International Royals,
2012,202031,Hope International Royals,
2010,202032,Pittsburg St Gorillas,
2010,202033,Wilmington (OH) Fightin' Quakers,
2010,202034,Ferris State Bulldogs,
2011,202034,Ferris State Bulldogs,
2012,202034,Ferris State Bulldogs,
2010,202035,Nova Southeastern Sharks,
2010,202036,MacMurray College Highlanders,
2011,202036,MacMurray College Highlanders,
2010,202037,Northwestern Oklahoma State Rangers,
2011,202037,Northwestern Oklahoma State Rangers,
2012,202037,Northwestern Oklahoma State Rangers,
2010,202038,Dominican (CA) Penguins,
2011,202038,Dominican (CA) Penguins,
2010,202039,Madonna,
2011,202039,Madonna,
2010,202040,Whitman Missionaries,
2010,202041,Trinity International Trojans,
2011,202041,Trinity International Trojans,
2010,202042,Minot State Beavers,
2011,202042,Minot State Beavers,
2010,202043,St Gregory's Cavaliers,
2011,202043,St Gregory's Cavaliers,
2012,202043,St Gregory's Cavaliers,
2010,202044,Point Loma Nazarene Sea Lions,
2011,202044,Point Loma Nazarene Sea Lions,
2010,202045,Bethany College (CA) Bruins,
2011,202045,Bethany College (CA) Bruins,
2010,202046,Hillsdale Chargers,
2010,202047,Panhandle St (OK) PANHANDLE ST,
2011,202047,Panhandle St (OK) PANHANDLE ST,
2010,202048,Stillman Tigers,
2011,202048,Stillman Tigers,
2010,202049,Mary Washington Eagles,
2011,202049,Mary Washington Eagles,
2010,202050,Indiana University East IU EAST,
2011,202050,Indiana University East IU EAST,
2010,202051,Dana,
2010,202052,SUNY Cobleskill Fighting Tigers,
2011,202052,SUNY Cobleskill Fighting Tigers,
2012,202052,SUNY Cobleskill Fighting Tigers,
2010,202053,Augustana (IL) Vikings,
2010,202054,California Baptist Lancers,
2011,202054,California Baptist Lancers,
2010,202055,CS Monterey Bay Otters,
2011,202055,CS Monterey Bay Otters,
2012,202055,CS Monterey Bay Otters,
2010,202056,Barton Bulldogs,
2010,202057,Marian Knights,
2011,202057,Marian Knights,
2010,202058,Rockhurst Hawks,
2011,202058,Rockhurst Hawks,
2012,202058,Rockhurst Hawks,
2010,202059,Roanoke Maroons,
2012,202059,Roanoke Maroons,
2010,202060,Missouri Valley Vikings,
2011,202060,Missouri Valley Vikings,
2012,202060,Missouri Valley Vikings,
2010,202061,Tennessee Temple Crusaders,
2011,202061,Tennessee Temple Crusaders,
2012,202061,Tennessee Temple Crusaders,
2010,202062,Great Falls Argonauts,
2011,202062,Great Falls Argonauts,
2012,202062,Great Falls Argonauts,
2010,202063,Purdue North Central Pride,
2011,202063,Purdue North Central Pride,
2010,202064,St. Olaf Oles,
2010,202065,Lewis-Clark St Warriors,
2011,202065,Lewis-Clark St Warriors,
2012,202065,Lewis-Clark St Warriors,
2010,202066,NYU Poly Fighting Blue Jays,
2011,202066,NYU Poly Fighting Blue Jays,
2012,202066,NYU Poly Fighting Blue Jays,
2010,202067,Union (KY) Bulldogs,
2011,202067,Union (KY) Bulldogs,
2010,202068,Pomona Pitzer Sagehens,
2011,202068,Pomona Pitzer Sagehens,
2012,202068,Pomona Pitzer Sagehens,
2010,202069,West Georgia Wolves,
2010,202070,Clarkson Golden Knights,
2010,202071,Robert Morris-Springfield (IL) Eagles,
2012,202071,Robert Morris-Springfield (IL) Eagles,
2011,202072,Henderson State Reddies,
2012,202072,Henderson State Reddies,
2011,202073,Millikin Big Blue,
2011,202074,Grand Canyon Lopes,
2012,202074,Grand Canyon Lopes,
2011,202075,Austin 'Roos,
2012,202075,Austin 'Roos,
2011,202076,Mount Ida,
2012,202076,Mount Ida,
2011,202077,Barry University Buccaneers,
2011,202078,South Dakota St School Of Mines Hardrockers,
2011,202079,Maine-Machias Clippers,
2012,202079,Maine-Machias Clippers,
2011,202080,Indiana Tech Warriors,
2011,202081,Dowling Golden Lions,
2011,202082,Cincinnati Christian Eagles,
2011,202083,Philadelphia Biblical University Highlanders,
2012,202083,Philadelphia Biblical University Highlanders,
2011,202084,Emporia St Hornets,
2012,202084,Emporia St Hornets,
2011,202085,Johnson C Smith Golden Bulls,
2011,202086,Susquehanna River Hawks,
2011,202087,BYU-Hawaii Seasiders,
2012,202087,BYU-Hawaii Seasiders,
2011,202088,Black Hills State Yellow Jackets,
2011,202089,New Hope Christian College Newhope,
2011,202090,Victory University Eagles,
2012,202090,Victory University Eagles,
2011,202091,Thomas More Saints,
2011,202092,Cornerstone University Golden Eagles,
2011,202093,North Alabama Lions,
2011,202094,Baruch College Baruch,
2011,202095,New York City Tech Ny City Tech,
2011,202096,Concordia College (AL) Clippers,
2012,202096,Concordia College (AL) Clippers,
2012,202097,New Orleans Privateers,
2012,202098,Northwest Missouri St Bearcats,
2012,202099,University of Mary Marauders,
2012,202100,Claflin Panthers,
2012,202101,Fort Lewis Skyhawks,
2012,202102,Emory Eagles,
2012,202103,Upper Iowa Peacocks,
2012,202104,Penn St Abington Nittany Lions,
2012,202105,Holy Cross Saints,
2012,202106,Concordia Oregon Cavaliers,
2012,202107,Florida Southern Moccasins,
2012,202108,Montana State-Billings Yellowjackets,
2012,202109,Barber Scotia,
2012,202110,Swarthmore Garnet,
2012,202111,Mid-Continent University Mid-Continent,
2012,202112,Langston Lions,
2012,202113,Pacifica College Gladiators,
2012,202114,Marietta Pioneers,
2012,202115,Wentworth Institute Of Technology Wentworth,
2012,202116,St. Josephs (IND) Pumas,
2012,202117,Sioux Falls Cougars,
2012,202118,Oswego St Lakers,
2012,202119,Albright College Lions,
2013,202120,Slippery Rock The Rock,
2013,200271,Marymount (VA) Saints,
2013,202026,Northern Michigan Wildcats,
2013,202102,Emory Eagles,
2013,200205,Averett Cougars,
2013,200691,Lake Erie Storm,
2013,200009,MIT Engineers,
2013,200170,Albion Britons,
2013,200940,Montreat Cavaliers,
2013,200038,Savannah State Tigers,
2013,200092,Trinity College of Jacksonville Eagles,
2013,200016,East Texas Baptist Tigers,
2013,201500,Valley City,
2013,200159,Greensboro College Pride,
2013,200155,Louisiana Christian Wildcats,
2013,202100,Claflin Panthers,
2013,200110,Miles Golden Bears,
2013,202099,University of Mary Marauders,
2013,200173,Reinhardt Eagles,
2013,200916,Philander Smith Panthers,
2013,200208,Brescia Bearcats,
2013,200578,Phoenix Firestorm,
2013,200158,Howard Payne Yellow Jackets,
2013,200125,Willamette Bearcats,
2013,202113,Pacifica College Gladiators,
2013,200116,San Diego Christian Hawks,
2013,200123,UC Merced Bobcats,
2013,200367,Pacific (OR) Boxers,
2013,202121,William Jewell Cardinals,
2013,201051,Wartburg Knights,
2013,202029,Suffolk Rams,
2013,201545,University of The Southwest Mustangs,
2013,200409,St. Andrews Knights,
2013,202122,Sewanee Tigers,
2013,200248,Lincoln (PA) Lions,
2013,201358,Washington and Lee Generals,
2013,202093,North Alabama Lions,
2013,200107,Edward Waters Tigers,
2013,200960,Gwynedd-Mercy Griffins,
2013,200213,Covenant Fighting Scots,
2013,200074,Wabash College Little Giants,
2013,200086,Texas Lutheran Bulldogs,
2013,200422,St. Thomas (TX) Celts,
2013,200547,Crowley's Ridge Pioneers,
2013,202123,Young Harris College Mountain Lions,
2013,200199,Western State Colorado University Mountaineers,
2013,200200,Sonoma State Seawolves,
2013,200059,Simpson University (CA) Red Hawks,
2013,200202,Holy Names University Hawks,
2013,202076,Mount Ida,
2013,200560,Oakwood Ambassadors,
2013,200184,Schreiner Mountaineers,
2013,200008,Mars Hill Mountain Lions,
2013,201458,University Of Saint Mary,
2013,200889,LSU Shreveport Pilots,
2013,200028,Centenary (LA) Gentlemen,
2013,200482,Maryville University (MO),
2013,200043,Hiwassee Tigers,
2013,200031,Webber International Warriors,
2013,202082,Cincinnati Christian Eagles,
2013,200153,Winston-Salem Rams,
2013,200117,Johnson & Wales (NC) JOHNSON & WALES-CHARLOTTE,
2013,201208,Oglethorpe Stormy Petrels,
2013,200972,Eastern University (PA) Eagles,
2013,200174,Cairn University Highlanders,
2013,202124,John Carroll Blue Streaks,
2013,202061,Tennessee Temple Crusaders,
2013,200240,Lyon Scots,
2013,200346,Tennessee Southern Firehawks,
2013,202058,Rockhurst Hawks,
2013,202125,Marygrove Mustangs,
2013,200149,Central Penn Knights,
2013,200082,Bridgewater College (VA) Eagles,
2013,200133,Methodist Monarchs,
2013,200012,Hartford Hawks,
2013,201228,Eastern Nazarene Lions,
2013,202126,Haverford Fords,
2013,200001,Rochester University (MI) Warriors,
2013,200100,Hardin-Simmons Cowboys,
2013,200004,Arlington Baptist Patriots,
2013,200047,Hendrix College Warriors,
2013,200068,UT Tyler Patriots,
2013,200138,Southern Wesleyan Warriors,
2013,200499,Concordia-Chicago Cougars,
2013,200228,Arkansas-Monticello Boll Weevils,
2013,201045,Lincoln (MO) Blue Tigers,
2013,201274,Cal State East Bay Pioneers,
2013,200176,Fontbonne Griffins,
2013,200034,St. Edward's Hilltoppers,
2013,202043,St Gregory's Cavaliers,
2013,200884,Crown College Polars,
2013,200054,William Carey Crusaders,
2013,202042,Minot State Beavers,
2013,200395,Alice Lloyd College Eagles,
2013,200144,Ave Maria Gyrenes,
2013,201980,Chadron State Eagles,
2013,200647,Olivet Comets,
2013,202024,Cameron Aggies,
2013,200187,Truman State Bulldogs,
2013,201103,Hannibal-Lagrange Trojans,
2013,202040,Whitman Missionaries,
2013,200206,Mayville St Comets,
2013,202067,Union (KY) Bulldogs,
2013,200232,Dallas Christian Crusaders,
2013,202127,Benedictine College (KS) Ravens,
2013,201302,Master's University Mustangs,
2013,200479,Judson University Eagles,
2013,200573,Regis (CO) REGIS UNIVERSITY,
2013,200019,Fort Valley State Wildcats,
2013,200063,Brevard Tornados,
2013,200044,Southeastern Fires,
2013,200894,Lenoir-Rhyne Bears,
2013,200455,Toccoa Falls Eagles,
2013,200289,Jarvis Christian Bulldogs,
2013,200055,Blue Mountain Toppers,
2013,200535,Westmont Warriors,
2013,200253,UC Santa Cruz Banana Slugs,
2013,200234,Southwest Minnesota State Mustangs,
2013,200355,Southern-New Orleans Knights,
2013,200870,Carroll (MT) Fighting Saints,
2013,200300,Pacific Lutheran Lutes,
2013,200029,Alaska Anchorage Seawolves,
2013,200555,Culver-Stockton Wildcats,
2013,201432,Cheyney (PA) Wolves,
2013,202039,Madonna,
2013,201889,Mansfield Mountaineers,
2013,201673,Marywood Pacers,
2013,200886,Waldorf College Warriors,
2013,200127,Wilmington (DE) Wildcats,
2013,202050,Indiana University East IU EAST,
2013,200124,Fisk Bulldogs,
2013,200773,Hanover Panthers,
2013,200376,Vermont State - Lyndon Hornets,
2013,200119,Loyola New Orleans Wolfpack,
2013,201068,Lewis & Clark Pioneers,
2013,202038,Dominican (CA) Penguins,
2013,201580,Berea Mountaineers,
2013,202065,Lewis-Clark St Warriors,
2013,200050,Milligan Buffaloes,
2013,200309,Newberry Wolves,
2013,200167,Montana-Western Bulldogs,
2013,200193,Champion Christian Tigers,
2013,200032,Florida Tech Panthers,
2013,202109,Barber Scotia,
2013,200756,Virginia-Lynchburg Dragons,
2013,200370,UVA Wise Cavaliers,
2013,200033,Johnson University Florida Suns,
2013,200680,Southern Virginia Knights,
2013,200237,Bethel (TN) Wildcats,
2013,202105,Holy Cross Saints,
2013,200022,Oakland City Mighty Oaks,
2013,200235,Coker Cobras,
2013,200905,Roosevelt Lakers,
2013,200537,Vanguard Lions,
2013,200697,Fisher College Eagles,
2013,200445,Geneva Golden Tornadoes,
2013,201122,Dakota State Trojans,
2013,200089,Montana Tech Orediggers,
2013,202128,Southern Polytechnic Hornets,
2013,202047,Panhandle St (OK) PANHANDLE ST,
2013,200246,Allen University Yellow Jackets,
2013,200311,Hiram Terriers,
2013,200160,Brewton-Parker Wildcats,
2013,201288,Western Oregon Wolves,
2013,200373,Pacific Union,
2013,200067,Menlo Oaks,
2013,200767,Warner University Royals,
2013,200203,Indiana University Northwest Indiana-Northwest,
2013,200115,North Greenville Crusaders,
2013,200464,Rio Grande Red Storm,
2013,200238,La Verne Leopards,
2013,201035,Anderson (SC) Trojans,
2013,200449,Eureka Red Devils,
2013,200076,Presentation College Saints,
2013,200131,E. New Mexico Greyhounds,
2013,200172,Portland Bible Arrows,
2013,200611,Tuskegee Golden Tigers,
2013,202129,Lubbock Christian Chaparrals,
2013,202087,BYU-Hawaii Seasiders,
2013,200424,Walla Walla Wolves,
2013,200679,George Fox Bruins,
2013,200433,Chaminade Silverswords,
2013,200787,LeMoyne-Owen Magicians,
2013,201607,Tabor,
2013,202044,Point Loma Nazarene Sea Lions,
2013,201167,Arcadia,
2013,201166,Albertus Magnus Falcons,
2013,200529,Whittier Poets,
2013,200196,Notre Dame College (OH) Blue Falcons,
2013,202071,Robert Morris-Springfield (IL) Eagles,
2013,200023,Huston-Tillotson Rams,
2013,200755,Salisbury Sea Gulls,
2013,200179,CSU San Marcos Cougars,
2013,201080,Cal Maritime Keelhaulers,
2013,200220,Rosemont Ravens,
2013,202130,City College NY Beavers,
2013,200230,Purdue Northwest Pride,
2013,200120,Spalding Pelicans,
2013,202031,Hope International Royals,
2013,200150,Siena Heights Saints,
2013,200026,Spring Hill Badgers,
2013,200175,College of Idaho Yotes,
2013,200417,Fresno Pacific Sunbirds,
2013,201326,Ohio Dominican Panthers,
2013,201638,Adams State Grizzlies,
2013,200462,Auburn-Montgomery Senators,
2013,202022,Virginia Intermont Cobras,
2013,201293,Northwest Indian RedHawks,
2013,200451,Illinois-Springfield Prairie Stars,
2013,200528,Mount St. Joseph Lions,
2013,200596,Bluefield University Ramblin' Rams,
2013,200563,Coastal Georgia Mariner,
2013,202033,Wilmington (OH) Fightin' Quakers,
2013,200225,Corban College Warriors,
2013,200374,Fairmont St Falcons,
2013,200095,Manchester Spartans,
2013,200313,LeTourneau Yellow Jackets,
2013,200620,Central Baptist College Mustangs,
2013,200061,Shenandoah Hornets,
2013,200986,Dillard Blue Devils,
2013,200212,NC Wesleyan Battling Bishops,
2013,200126,Warren Wilson Owls,
2013,202131,Muhlenberg Mules,
2013,200015,Lees-McRae Bobcats,
2013,200570,Greenville Panthers,
2013,202132,Daniel Webster College Fighting Scots,
2013,201199,Old Westbury Panthers,
2013,200244,Oberlin Yeomen,
2013,200505,Ecclesia Royals,
2013,201119,College of New Jersey Lions,
2013,200323,Peru State Bobcats,
2005,202133,Alaska Nanooks,
2005,201856,Seattle Pacific Falcons,
2005,200112,Birmingham-Southern Panthers,
2005,200940,Montreat Cavaliers,
2005,202072,Henderson State Reddies,
2005,201533,Angelo State Rams,
2005,200261,Flagler Saints,
2005,200012,Hartford Hawks,
2005,202134,Lambuth Eagles,
2005,200295,Western New Mexico Mustangs,
2005,200068,UT Tyler Patriots,
2005,200039,CS Dominguez Hills Toros,
2005,202135,Concordia College (NY) Clippers,
2005,201866,Texas College Steers,
2005,200134,Mobile Rams,
2005,202046,Hillsdale Chargers,
2005,200260,Erskine Flying Fleet,
2005,202136,UC San Diego Tritons,
2005,202137,St. Thomas Aquinas Spartans,
2005,202138,Grand Valley State Lakers,
2005,202048,Stillman Tigers,
2005,202139,Southern Arkansas Muleriders,
2005,200494,UT Permian Basin Falcons,
2005,202140,SIU Edwardsville Cougars,
2005,202053,Augustana (IL) Vikings,
2005,200038,Savannah State Tigers,
2005,202101,Fort Lewis Skyhawks,
2005,201481,Berry Vikings,
2005,200093,Shawnee State Bears,
2005,202141,Wayne State (NE) Wildcats,
2005,202142,Lock Haven University Bald Eagles,
2005,200433,Chaminade Silverswords,
2005,200570,Greenville Panthers,
2005,200187,Truman State Bulldogs,
2005,200289,Jarvis Christian Bulldogs,
2005,201177,Occidental Tigers,
2005,200002,Kentucky Christian Knights,
2005,202143,Mount Union (OH) Raiders,
2005,201358,Washington and Lee Generals,
2005,200328,Merchant Marine Academy Mariners,
2005,202120,Slippery Rock The Rock,
2005,200469,Concordia-Texas Tornados,
2005,200155,Louisiana Christian Wildcats,
2005,200034,St. Edward's Hilltoppers,
2005,200036,UW-Parkside Rangers,
2005,200177,Trinity (TX) Tigers,
2005,200454,Shorter Hawks,
2005,200425,Arkansas Tech Wonder Boys,
2005,202022,Virginia Intermont Cobras,
2005,202058,Rockhurst Hawks,
2005,202144,Albertson College Coyotes,
2005,200253,UC Santa Cruz Banana Slugs,
2005,200029,Alaska Anchorage Seawolves,
2005,201897,Puerto Rico-Mayaguez Bulldogs,
2005,202145,Huntington (IN) Foresters,
2005,200086,Texas Lutheran Bulldogs,
2005,202146,Omaha Mavericks,
2005,202147,Dominican (NY) Chargers,
2005,200507,Belmont Abbey Crusaders,
2005,200255,Texas A&M-International Dustdevils,
2005,200320,Ferrum Panthers,
2005,201349,King (TN) Tornado,
2005,200334,Hampden-Sydney Tigers,
2005,200209,Findlay Oilers,
2005,200665,Chowan Hawks,
2005,200277,Thiel Tomcats,
2005,200237,Bethel (TN) Wildcats,
2005,201168,Ithaca College Bombers,
2005,200026,Spring Hill Badgers,
2005,200082,Bridgewater College (VA) Eagles,
2005,200028,Centenary (LA) Gentlemen,
2005,200889,LSU Shreveport Pilots,
2005,200135,Tougaloo Bulldogs,
2005,200521,Texas Wesleyan Rams,
2005,200199,Western State Colorado University Mountaineers,
2005,201068,Lewis & Clark Pioneers,
2005,200909,Asbury Eagles,
2005,202066,NYU Poly Fighting Blue Jays,
2005,200119,Loyola New Orleans Wolfpack,
2005,202148,Cascade Thunderbirds,
2005,202056,Barton Bulldogs,
2005,200159,Greensboro College Pride,
2005,200065,Clarion Golden Eagles,
2005,200900,Voorhees Tigers,
2005,200124,Fisk Bulldogs,
2005,200473,Tennessee Wesleyan Bulldogs,
2005,200001,Rochester University (MI) Warriors,
2005,200776,Arkansas Baptist Buffaloes,
2005,202149,Azusa Pacific Cougars,
2005,200061,Shenandoah Hornets,
2005,202150,Indiana-Southeast Grenadiers,
2005,200470,St. Mary's (TX) Rattlers,
2005,202074,Grand Canyon Lopes,
2005,202062,Great Falls Argonauts,
2005,200400,Notre Dame de Namur Argonauts,
2005,201784,Point University Skyhawks,
2005,200057,Colorado College Tigers,
2005,200280,Delta State Statesmen,
2005,202127,Benedictine College (KS) Ravens,
2005,200455,Toccoa Falls Eagles,
2005,200352,Anderson (IN) Ravens,
2005,201212,Bluffton Beavers,
2005,200223,Bryan (TN) Lions,
2005,200167,Montana-Western Bulldogs,
2005,200306,Evergreen State Geoducks,
2005,200142,SUNY-Maritime Privateers,
2005,202151,Keene State Owls,
2005,200157,Wiley Wildcats,
2005,200032,Florida Tech Panthers,
2005,200015,Lees-McRae Bobcats,
2005,202043,St Gregory's Cavaliers,
2005,202023,Kenyon Lords,
2005,202152,Brandeis University Judges,
2005,201826,Augusta Jaguars,
2005,200831,Central Methodist Eagles,
2005,200125,Willamette Bearcats,
2005,200235,Coker Cobras,
2005,200228,Arkansas-Monticello Boll Weevils,
2005,202047,Panhandle St (OK) PANHANDLE ST,
2005,200596,Bluefield University Ramblin' Rams,
2005,200894,Lenoir-Rhyne Bears,
2005,200757,Guilford Quakers,
2005,200294,Davenport Panthers,
2005,202153,Hobart College Statesmen,
2005,200489,Gannon Golden Knights,
2005,200169,Rust Bearcats,
2005,200355,Southern-New Orleans Knights,
2005,202037,Northwestern Oklahoma State Rangers,
2005,201828,Taylor Trojans,
2005,200912,Moravian Greyhounds,
2005,202082,Cincinnati Christian Eagles,
2005,201124,Kentucky State Thorobreds,
2005,200819,Saginaw Valley State Cardinals,
2005,200054,William Carey Crusaders,
2005,201557,Lake Superior State Lakers,
2005,200427,Ohio Northern Polar Bears,
2005,200832,Eckerd Tritons,
2005,200089,Montana Tech Orediggers,
2005,200019,Fort Valley State Wildcats,
2005,200158,Howard Payne Yellow Jackets,
2005,200492,Central State Oklahoma Bronchos,
2005,200231,McMurry War Hawks,
2005,200198,Georgia College Bobcats,
2005,201638,Adams State Grizzlies,
2005,200131,E. New Mexico Greyhounds,
2005,200102,Harding Bisons,
2005,200343,Rocky Mountain Bears,
2005,200409,St. Andrews Knights,
2005,200023,Huston-Tillotson Rams,
2005,202154,Houston Christian Huskies,
2005,200313,LeTourneau Yellow Jackets,
2005,202155,Central Missouri Mules,
2005,200240,Lyon Scots,
2005,200662,Whitworth Pirates,
2005,202108,Montana State-Billings Yellowjackets,
2005,202126,Haverford Fords,
2005,200173,Reinhardt Eagles,
2005,201954,Colorado-Colorado Springs Mountain Lions,
2006,201866,Texas College Steers,
2006,202133,Alaska Nanooks,
2006,200016,East Texas Baptist Tigers,
2006,200002,Kentucky Christian Knights,
2006,200012,Hartford Hawks,
2006,202066,NYU Poly Fighting Blue Jays,
2006,202156,Macalester Scots,
2006,200001,Rochester University (MI) Warriors,
2006,200274,Paul Quinn Tigers,
2006,202157,Rollins Tars,
2006,200028,Centenary (LA) Gentlemen,
2006,200068,UT Tyler Patriots,
2006,200100,Hardin-Simmons Cowboys,
2006,202047,Panhandle St (OK) PANHANDLE ST,
2006,200162,Missouri S&T Miners,
2006,200185,Central State (OH) Marauders,
2006,200026,Spring Hill Badgers,
2006,200187,Truman State Bulldogs,
2006,200155,Louisiana Christian Wildcats,
2006,200167,Montana-Western Bulldogs,
2006,200295,Western New Mexico Mustangs,
2006,202136,UC San Diego Tritons,
2006,200253,UC Santa Cruz Banana Slugs,
2006,200200,Sonoma State Seawolves,
2006,200898,Northwood (MI) Timberwolves,
2006,200652,Belhaven Blazers,
2006,200099,Urbana Blue Knights,
2006,201533,Angelo State Rams,
2006,201155,Indianapolis Greyhounds,
2006,200299,Stanislaus State Warriors,
2006,200112,Birmingham-Southern Panthers,
2006,201954,Colorado-Colorado Springs Mountain Lions,
2006,200022,Oakland City Mighty Oaks,
2006,202158,Tarleton State Texans,
2006,200521,Texas Wesleyan Rams,
2006,200469,Concordia-Texas Tornados,
2006,200831,Central Methodist Eagles,
2006,200300,Pacific Lutheran Lutes,
2006,200918,Buffalo State Bengals,
2006,202159,Hamline Pipers,
2006,200093,Shawnee State Bears,
2006,202031,Hope International Royals,
2006,201605,Bowie State Bulldogs,
2006,200433,Chaminade Silverswords,
2006,200455,Toccoa Falls Eagles,
2006,202142,Lock Haven University Bald Eagles,
2006,202082,Cincinnati Christian Eagles,
2006,200015,Lees-McRae Bobcats,
2006,200124,Fisk Bulldogs,
2006,200023,Huston-Tillotson Rams,
2006,200255,Texas A&M-International Dustdevils,
2006,200038,Savannah State Tigers,
2006,202103,Upper Iowa Peacocks,
2006,200494,UT Permian Basin Falcons,
2006,201784,Point University Skyhawks,
2006,202135,Concordia College (NY) Clippers,
2006,200115,North Greenville Crusaders,
2006,202160,Lasell College Lasers,
2006,202035,Nova Southeastern Sharks,
2006,200183,Maine-Fort Kent Bengals,
2006,200596,Bluefield University Ramblin' Rams,
2006,201080,Cal Maritime Keelhaulers,
2006,200032,Florida Tech Panthers,
2006,200293,New Mexico Highlands Cowboys,
2006,200389,Campbellsville Tigers,
2006,202120,Slippery Rock The Rock,
2006,200909,Asbury Eagles,
2006,200968,St. Xavier  (IL) Cougars,
2006,200283,UT Dallas Comets,
2006,200089,Montana Tech Orediggers,
2006,200199,Western State Colorado University Mountaineers,
2006,202062,Great Falls Argonauts,
2006,202161,Seattle U Redhawks,
2006,200029,Alaska Anchorage Seawolves,
2006,201288,Western Oregon Wolves,
2006,200223,Bryan (TN) Lions,
2006,200459,Luther Norse,
2006,200370,UVA Wise Cavaliers,
2006,202162,Johns Hopkins University Blue Jays,
2006,200473,Tennessee Wesleyan Bulldogs,
2006,201331,Aurora Spartans,
2006,200890,Webster Gorloks,
2006,202081,Dowling Golden Lions,
2006,202163,Indiana Wesleyan Wildcats,
2006,201826,Augusta Jaguars,
2006,200289,Jarvis Christian Bulldogs,
2006,200254,Wayland Baptist Pioneers,
2006,200511,San Francisco State Gators,
2006,200680,Southern Virginia Knights,
2006,201162,West Virginia Wesleyan Bobcats,
2006,200260,Erskine Flying Fleet,
2006,200033,Johnson University Florida Suns,
2006,200239,Indiana-South Bend Titans,
2006,200940,Montreat Cavaliers,
2006,200894,Lenoir-Rhyne Bears,
2006,200235,Coker Cobras,
2006,200404,Cornell College (IA) Rams,
2006,200133,Methodist Monarchs,
2006,202061,Tennessee Temple Crusaders,
2006,201201,Lynchburg Hornets,
2006,202125,Marygrove Mustangs,
2006,202164,Washington & Jefferson Presidents,
2006,200320,Ferrum Panthers,
2006,202048,Stillman Tigers,
2006,202165,Oklahoma City Okies,
2006,200916,Philander Smith Panthers,
2006,200611,Tuskegee Golden Tigers,
2006,202044,Point Loma Nazarene Sea Lions,
2006,200757,Guilford Quakers,
2006,200120,Spalding Pelicans,
2006,200177,Trinity (TX) Tigers,
2006,200870,Carroll (MT) Fighting Saints,
2006,202166,Denison Big Red,
2006,202022,Virginia Intermont Cobras,
2006,200046,Southeastern Oklahoma State Savage Storm,
2006,200116,San Diego Christian Hawks,
2006,200102,Harding Bisons,
2006,202034,Ferris State Bulldogs,
2006,202167,Catholic Cardinals,
2006,202168,St. Pauls College Tigers,
2006,200050,Milligan Buffaloes,
2006,202079,Maine-Machias Clippers,
2006,200054,William Carey Crusaders,
2006,200034,St. Edward's Hilltoppers,
2006,202169,Northern Kentucky Norse,
2006,202137,St. Thomas Aquinas Spartans,
2006,201856,Seattle Pacific Falcons,
2006,200889,LSU Shreveport Pilots,
2006,200226,St. Mary's (MD) Seahawks,
2006,202122,Sewanee Tigers,
2006,200140,Palm Beach Atlantic Sailfish,
2006,200159,Greensboro College Pride,
2006,201068,Lewis & Clark Pioneers,
2006,200142,SUNY-Maritime Privateers,
2006,202153,Hobart College Statesmen,
2006,202170,Lake Forest Foresters,
2006,202171,Shippensburg Raiders,
2006,200352,Anderson (IN) Ravens,
2006,200063,Brevard Tornados,
2006,200227,Eastern Oregon Mountaineers,
2006,200228,Arkansas-Monticello Boll Weevils,
2006,200245,Washington College (MD) Shoremen,
2006,200518,Freed-Hardeman Lions,
2006,200451,Illinois-Springfield Prairie Stars,
2006,201897,Puerto Rico-Mayaguez Bulldogs,
2006,202067,Union (KY) Bulldogs,
2006,202126,Haverford Fords,
2006,200665,Chowan Hawks,
2006,200060,Millsaps Majors,
2006,201638,Adams State Grizzlies,
2006,201710,Dickinson (PA) Red Devils,
2006,200400,Notre Dame de Namur Argonauts,
2006,201092,Clark (MA) Cougars,
2006,200638,Concordia-Irvine Eagles,
2006,200137,Molloy Lions,
2006,200683,Warner Pacific Knights,
2006,200307,Puget Sound Loggers,
2006,202045,Bethany College (CA) Bruins,
2006,200458,Hawai'i Pacific Sea Warriors,
2006,202130,City College NY Beavers,
2006,200309,Newberry Wolves,
2006,202124,John Carroll Blue Streaks,
2006,200135,Tougaloo Bulldogs,
2006,202172,Spring Arbor Cougars,
2006,200804,Depauw Tigers,
2006,200719,West Florida Argonauts,
2006,200343,Rocky Mountain Bears,
2006,200745,Ohio Valley Fighting Scots,
2006,201523,Limestone Saints,
2006,202173,Carnegie Mellon Tartans,
2006,202043,St Gregory's Cavaliers,
2006,200603,Lewis Flyers,
2006,202174,Medaille College Mavericks,
2006,202086,Susquehanna River Hawks,
2006,201124,Kentucky State Thorobreds,
2006,202026,Northern Michigan Wildcats,
2006,200313,LeTourneau Yellow Jackets,
2006,200280,Delta State Statesmen,
2006,200425,Arkansas Tech Wonder Boys,
2006,200776,Arkansas Baptist Buffaloes,
2006,200005,Johnson & Wales (CO) Wildcats,
2006,202087,BYU-Hawaii Seasiders,
2006,201349,King (TN) Tornado,
2006,200409,St. Andrews Knights,
2006,202131,Muhlenberg Mules,
2006,202175,Valdosta State Blazers,
2006,202176,Keuka College Warriors,
2006,202023,Kenyon Lords,
2006,200234,Southwest Minnesota State Mustangs,
2006,200057,Colorado College Tigers,
2006,200119,Loyola New Orleans Wolfpack,
2006,200061,Shenandoah Hornets,
2006,201737,Jamestown Jimmies,
2006,200206,Mayville St Comets,
2007,202046,Hillsdale Chargers,
2007,200029,Alaska Anchorage Seawolves,
2007,200038,Savannah State Tigers,
2007,201354,Clark Atlanta Panthers,
2007,200130,Defiance Yellow Jackets,
2007,200940,Montreat Cavaliers,
2007,200909,Asbury Eagles,
2007,200370,UVA Wise Cavaliers,
2007,200745,Ohio Valley Fighting Scots,
2007,202177,Stonehill Skyhawks,
2007,200255,Texas A&M-International Dustdevils,
2007,200831,Central Methodist Eagles,
2007,202024,Cameron Aggies,
2007,201083,Ouachita Baptist Tigers,
2007,202178,Washington University (St. Louis) Bears,
2007,202030,Dallas Baptist Patriots,
2007,202179,Abilene Christian Wildcats,
2007,200037,Colorado Christian Cougars,
2007,202180,Southern Colorado Indians,
2007,201080,Cal Maritime Keelhaulers,
2007,201856,Seattle Pacific Falcons,
2007,202045,Bethany College (CA) Bruins,
2007,200153,Winston-Salem Rams,
2007,200012,Hartford Hawks,
2007,200434,Caldwell Cougars,
2007,202027,UNC Pembroke Braves,
2007,202166,Denison Big Red,
2007,200034,St. Edward's Hilltoppers,
2007,200556,Tusculum Pioneers,
2007,200068,UT Tyler Patriots,
2007,201533,Angelo State Rams,
2007,200083,Quincy Hawks,
2007,202058,Rockhurst Hawks,
2007,200274,Paul Quinn Tigers,
2007,200652,Belhaven Blazers,
2007,200200,Sonoma State Seawolves,
2007,200119,Loyola New Orleans Wolfpack,
2007,202181,Allegheny Gators,
2007,202103,Upper Iowa Peacocks,
2007,200033,Johnson University Florida Suns,
2007,200196,Notre Dame College (OH) Blue Falcons,
2007,200260,Erskine Flying Fleet,
2007,201840,Franklin Pierce Ravens,
2007,200097,Cumberland (TN) Phoenix,
2007,202136,UC San Diego Tritons,
2007,200020,Saint Leo Monarchs,
2007,202120,Slippery Rock The Rock,
2007,200719,West Florida Argonauts,
2007,201035,Anderson (SC) Trojans,
2007,200767,Warner University Royals,
2007,202061,Tennessee Temple Crusaders,
2007,200028,Centenary (LA) Gentlemen,
2007,202146,Omaha Mavericks,
2007,200202,Holy Names University Hawks,
2007,202031,Hope International Royals,
2007,202135,Concordia College (NY) Clippers,
2007,200213,Covenant Fighting Scots,
2007,202150,Indiana-Southeast Grenadiers,
2007,202157,Rollins Tars,
2007,201867,Saint Mary's (MN) Cardinals,
2007,200023,Huston-Tillotson Rams,
2007,202182,Baker University Baker,
2007,202043,St Gregory's Cavaliers,
2007,202140,SIU Edwardsville Cougars,
2007,200239,Indiana-South Bend Titans,
2007,200537,Vanguard Lions,
2007,200387,CS San Bernardino,
2007,202055,CS Monterey Bay Otters,
2007,200946,Redlands Bulldogs,
2007,202067,Union (KY) Bulldogs,
2007,200032,Florida Tech Panthers,
2007,201866,Texas College Steers,
2007,202044,Point Loma Nazarene Sea Lions,
2007,202133,Alaska Nanooks,
2007,202124,John Carroll Blue Streaks,
2007,202026,Northern Michigan Wildcats,
2007,201954,Colorado-Colorado Springs Mountain Lions,
2007,200155,Louisiana Christian Wildcats,
2007,200349,Montana State-Northern Lights,
2007,202175,Valdosta State Blazers,
2007,200240,Lyon Scots,
2007,202102,Emory Eagles,
2007,202142,Lock Haven University Bald Eagles,
2007,200054,William Carey Crusaders,
2007,202065,Lewis-Clark St Warriors,
2007,200161,Tiffin Dragons,
2007,202137,St. Thomas Aquinas Spartans,
2007,200433,Chaminade Silverswords,
2007,201784,Point University Skyhawks,
2007,200680,Southern Virginia Knights,
2007,202023,Kenyon Lords,
2007,200140,Palm Beach Atlantic Sailfish,
2007,200008,Mars Hill Mountain Lions,
2007,200124,Fisk Bulldogs,
2007,202048,Stillman Tigers,
2007,200306,Evergreen State Geoducks,
2007,200299,Stanislaus State Warriors,
2007,202183,Colby White Mules,
2007,201523,Limestone Saints,
2007,200184,Schreiner Mountaineers,
2007,202129,Lubbock Christian Chaparrals,
2007,200173,Reinhardt Eagles,
2007,200110,Miles Golden Bears,
2007,200587,Washburn Ichabods,
2007,200665,Chowan Hawks,
2007,200061,Shenandoah Hornets,
2007,201172,Houghton Highlanders,
2007,201557,Lake Superior State Lakers,
2007,200886,Waldorf College Warriors,
2007,202047,Panhandle St (OK) PANHANDLE ST,
2007,200455,Toccoa Falls Eagles,
2007,200022,Oakland City Mighty Oaks,
2007,200473,Tennessee Wesleyan Bulldogs,
2007,200560,Oakwood Ambassadors,
2007,200894,Lenoir-Rhyne Bears,
2007,200141,Florida Memorial,
2007,200309,Newberry Wolves,
2007,202184,Rhema Bible Training Center Rhema,
2007,202110,Swarthmore Garnet,
2007,200320,Ferrum Panthers,
2007,202072,Henderson State Reddies,
2007,202185,Colorado School Of Mines Orediggers,
2007,200870,Carroll (MT) Fighting Saints,
2007,201177,Occidental Tigers,
2007,200227,Eastern Oregon Mountaineers,
2007,201580,Berea Mountaineers,
2007,200916,Philander Smith Panthers,
2007,200494,UT Permian Basin Falcons,
2007,200611,Tuskegee Golden Tigers,
2007,200352,Anderson (IN) Ravens,
2007,202186,South Carolina-Aiken Pacers,
2007,200409,St. Andrews Knights,
2007,200518,Freed-Hardeman Lions,
2007,200015,Lees-McRae Bobcats,
2007,200355,Southern-New Orleans Knights,
2007,200252,Elmira Soaring Eagles,
2007,200019,Fort Valley State Wildcats,
2007,200107,Edward Waters Tigers,
2007,202187,Lycoming Warriors,
2007,200300,Pacific Lutheran Lutes,
2007,200050,Milligan Buffaloes,
2007,200057,Colorado College Tigers,
2007,201186,Albany St (GA) Golden Rams,
2007,200521,Texas Wesleyan Rams,
2007,202163,Indiana Wesleyan Wildcats,
2007,200474,Haskell Jayhawks,
2007,202139,Southern Arkansas Muleriders,
2007,202126,Haverford Fords,
2007,201075,Mercy Mavericks,
2007,200357,Xavier (LA) Gold Nuggets,
2007,201288,Western Oregon Wolves,
2007,200261,Flagler Saints,
2007,200089,Montana Tech Orediggers,
2007,200063,Brevard Tornados,
2007,200751,Maine-Farmington Highlanders,
2007,202188,Wheaton Thunder,
2007,201006,Mount Saint Mary (NY) Knights,
2007,201142,Union Garnet Chargers,
2007,200540,Purchase Panthers,
2007,201654,Delaware Valley Aggies,
2007,200142,SUNY-Maritime Privateers,
2007,200555,Culver-Stockton Wildcats,
2007,200135,Tougaloo Bulldogs,
2007,202062,Great Falls Argonauts,
2007,200245,Washington College (MD) Shoremen,
2007,202189,Kings (PA) Monarchs,
2007,201051,Wartburg Knights,
2007,201349,King (TN) Tornado,
2007,200234,Southwest Minnesota State Mustangs,
2007,200295,Western New Mexico Mustangs,
2007,200289,Jarvis Christian Bulldogs,
2007,201973,Michigan Tech Huskies,
2007,200251,Skidmore Thoroughbreds,
2007,200206,Mayville St Comets,
2007,202057,Marian Knights,
2007,200093,Shawnee State Bears,
2007,200436,Goucher Gophers,
2007,200158,Howard Payne Yellow Jackets,
2007,200283,UT Dallas Comets,
2007,200631,WVU Tech Golden Bears,
2007,200231,McMurry War Hawks,
2007,200199,Western State Colorado University Mountaineers,
2007,201068,Lewis & Clark Pioneers,
2007,201664,Southwestern Oklahoma State Bulldogs,
2007,200314,Pikeville Bears,
2007,201162,West Virginia Wesleyan Bobcats,
2007,201168,Ithaca College Bombers,
2007,201673,Marywood Pacers,
2007,201500,Valley City,
2007,202099,University of Mary Marauders,
2007,200082,Bridgewater College (VA) Eagles,
2007,200005,Johnson & Wales (CO) Wildcats,
2007,202075,Austin 'Roos,
2007,202021,Washington Adventist Shock,
2007,200167,Montana-Western Bulldogs,
2007,200246,Allen University Yellow Jackets,
2007,200114,Kentucky Wesleyan Panthers,
2008,200745,Ohio Valley Fighting Scots,
2008,200448,East Central (OK) Tigers,
2008,202168,St. Pauls College Tigers,
2008,200028,Centenary (LA) Gentlemen,
2008,200012,Hartford Hawks,
2008,200115,North Greenville Crusaders,
2008,200022,Oakland City Mighty Oaks,
2008,200213,Covenant Fighting Scots,
2008,202107,Florida Southern Moccasins,
2008,200068,UT Tyler Patriots,
2008,202102,Emory Eagles,
2008,200023,Huston-Tillotson Rams,
2008,202103,Upper Iowa Peacocks,
2008,201664,Southwestern Oklahoma State Bulldogs,
2008,200140,Palm Beach Atlantic Sailfish,
2008,200097,Cumberland (TN) Phoenix,
2008,200886,Waldorf College Warriors,
2008,200100,Hardin-Simmons Cowboys,
2008,200153,Winston-Salem Rams,
2008,202055,CS Monterey Bay Otters,
2008,200200,Sonoma State Seawolves,
2008,202148,Cascade Thunderbirds,
2008,200235,Coker Cobras,
2008,201523,Limestone Saints,
2008,200767,Warner University Royals,
2008,201035,Anderson (SC) Trojans,
2008,201162,West Virginia Wesleyan Bobcats,
2008,201533,Angelo State Rams,
2008,200189,Harris-Stowe State Hornets,
2008,200494,UT Permian Basin Falcons,
2008,200719,West Florida Argonauts,
2008,202030,Dallas Baptist Patriots,
2008,200560,Oakwood Ambassadors,
2008,202024,Cameron Aggies,
2008,201954,Colorado-Colorado Springs Mountain Lions,
2008,202032,Pittsburg St Gorillas,
2008,200452,Missouri-St. Louis Rivermen,
2008,200274,Paul Quinn Tigers,
2008,200602,Adrian Bulldogs,
2008,200038,Savannah State Tigers,
2008,200015,Lees-McRae Bobcats,
2008,200538,Cal State LA Golden Eagles,
2008,201638,Adams State Grizzlies,
2008,200238,La Verne Leopards,
2008,201866,Texas College Steers,
2008,202155,Central Missouri Mules,
2008,200032,Florida Tech Panthers,
2008,200239,Indiana-South Bend Titans,
2008,200096,Carver College Cougars,
2008,200387,CS San Bernardino,
2008,202099,University of Mary Marauders,
2008,200505,Ecclesia Royals,
2008,202061,Tennessee Temple Crusaders,
2008,202190,Grace Lancers,
2008,200167,Montana-Western Bulldogs,
2008,200059,Simpson University (CA) Red Hawks,
2008,202026,Northern Michigan Wildcats,
2008,202186,South Carolina-Aiken Pacers,
2008,200063,Brevard Tornados,
2008,200260,Erskine Flying Fleet,
2008,202091,Thomas More Saints,
2008,200314,Pikeville Bears,
2008,200697,Fisher College Eagles,
2008,202067,Union (KY) Bulldogs,
2008,200620,Central Baptist College Mustangs,
2008,200313,LeTourneau Yellow Jackets,
2008,200255,Texas A&M-International Dustdevils,
2008,200114,Kentucky Wesleyan Panthers,
2008,200451,Illinois-Springfield Prairie Stars,
2008,200587,Washburn Ichabods,
2008,200228,Arkansas-Monticello Boll Weevils,
2008,202029,Suffolk Rams,
2008,200133,Methodist Monarchs,
2008,202042,Minot State Beavers,
2008,200404,Cornell College (IA) Rams,
2008,200199,Western State Colorado University Mountaineers,
2008,200349,Montana State-Northern Lights,
2008,200370,UVA Wise Cavaliers,
2008,202191,Cal Poly Pomona Broncos,
2008,202133,Alaska Nanooks,
2008,202135,Concordia College (NY) Clippers,
2008,202142,Lock Haven University Bald Eagles,
2008,200232,Dallas Christian Crusaders,
2008,200555,Culver-Stockton Wildcats,
2008,200155,Louisiana Christian Wildcats,
2008,200102,Harding Bisons,
2008,201083,Ouachita Baptist Tigers,
2008,201068,Lewis & Clark Pioneers,
2008,200253,UC Santa Cruz Banana Slugs,
2008,200787,LeMoyne-Owen Magicians,
2008,200433,Chaminade Silverswords,
2008,200940,Montreat Cavaliers,
2008,200126,Warren Wilson Owls,
2008,200212,NC Wesleyan Battling Bishops,
2008,202043,St Gregory's Cavaliers,
2008,202127,Benedictine College (KS) Ravens,
2008,201481,Berry Vikings,
2008,200054,William Carey Crusaders,
2008,200037,Colorado Christian Cougars,
2008,201342,Linfield College Wildcats,
2008,200095,Manchester Spartans,
2008,202060,Missouri Valley Vikings,
2008,200089,Montana Tech Orediggers,
2008,200029,Alaska Anchorage Seawolves,
2008,200473,Tennessee Wesleyan Bulldogs,
2008,200148,Avila Eagles,
2008,200579,Emmanuel (MA) Lions,
2008,200425,Arkansas Tech Wonder Boys,
2008,200031,Webber International Warriors,
2008,200160,Brewton-Parker Wildcats,
2008,202124,John Carroll Blue Streaks,
2008,202062,Great Falls Argonauts,
2008,202048,Stillman Tigers,
2008,200060,Millsaps Majors,
2008,200455,Toccoa Falls Eagles,
2008,200395,Alice Lloyd College Eagles,
2008,200184,Schreiner Mountaineers,
2008,200556,Tusculum Pioneers,
2008,200596,Bluefield University Ramblin' Rams,
2008,202184,Rhema Bible Training Center Rhema,
2008,200005,Johnson & Wales (CO) Wildcats,
2008,202021,Washington Adventist Shock,
2008,200680,Southern Virginia Knights,
2008,202031,Hope International Royals,
2008,200107,Edward Waters Tigers,
2008,200055,Blue Mountain Toppers,
2008,200206,Mayville St Comets,
2008,200521,Texas Wesleyan Rams,
2008,200295,Western New Mexico Mustangs,
2008,200445,Geneva Golden Tornadoes,
2008,200033,Johnson University Florida Suns,
2008,200611,Tuskegee Golden Tigers,
2008,200067,Menlo Oaks,
2008,201826,Augusta Jaguars,
2008,200086,Texas Lutheran Bulldogs,
2008,200986,Dillard Blue Devils,
2008,200124,Fisk Bulldogs,
2008,200454,Shorter Hawks,
2008,200355,Southern-New Orleans Knights,
2008,200211,Jessup University Warriors,
2008,200135,Tougaloo Bulldogs,
2008,202122,Sewanee Tigers,
2008,200026,Spring Hill Badgers,
2008,200889,LSU Shreveport Pilots,
2008,200436,Goucher Gophers,
2008,201354,Clark Atlanta Panthers,
2008,200119,Loyola New Orleans Wolfpack,
2008,201116,John Brown Golden Eagles,
2008,200652,Belhaven Blazers,
2008,200358,Apprentice School Builders,
2008,200044,Southeastern Fires,
2008,200019,Fort Valley State Wildcats,
2008,200464,Rio Grande Red Storm,
2008,200157,Wiley Wildcats,
2008,201784,Point University Skyhawks,
2008,200173,Reinhardt Eagles,
2008,200831,Central Methodist Eagles,
2008,201051,Wartburg Knights,
2008,200773,Hanover Panthers,
2008,200254,Wayland Baptist Pioneers,
2008,200474,Haskell Jayhawks,
2008,201897,Puerto Rico-Mayaguez Bulldogs,
2008,200320,Ferrum Panthers,
2008,200246,Allen University Yellow Jackets,
2008,200909,Asbury Eagles,
2008,200462,Auburn-Montgomery Senators,
2008,200537,Vanguard Lions,
2008,202150,Indiana-Southeast Grenadiers,
2008,200231,McMurry War Hawks,
2008,200306,Evergreen State Geoducks,
2008,200161,Tiffin Dragons,
2008,202066,NYU Poly Fighting Blue Jays,
2008,202120,Slippery Rock The Rock,
2008,202192,Lee (TN) Flames,
2008,201867,Saint Mary's (MN) Cardinals,
2008,200240,Lyon Scots,
2008,200145,Northwest Nazarene Nw Nazarene,
2008,202036,MacMurray College Highlanders,
2008,200408,Concord Mountain Lions,
2008,201980,Chadron State Eagles,
2008,200299,Stanislaus State Warriors,
2008,202163,Indiana Wesleyan Wildcats,
2008,202086,Susquehanna River Hawks,
2008,200439,Emory & Henry Wasps,
2008,200398,Rogers State Hillcats,
2008,200002,Kentucky Christian Knights,
2008,202193,Alvernia College Crusaders,
2008,200244,Oberlin Yeomen,
2008,202147,Dominican (NY) Chargers,
2008,200665,Chowan Hawks,
2008,200894,Lenoir-Rhyne Bears,
2008,200185,Central State (OH) Marauders,
2009,200228,Arkansas-Monticello Boll Weevils,
2009,201973,Michigan Tech Huskies,
2009,202194,PennWest California Vulcans,
2009,200757,Guilford Quakers,
2009,202125,Marygrove Mustangs,
2009,200482,Maryville University (MO),
2009,200184,Schreiner Mountaineers,
2009,200115,North Greenville Crusaders,
2009,200038,Savannah State Tigers,
2009,200160,Brewton-Parker Wildcats,
2009,200063,Brevard Tornados,
2009,200328,Merchant Marine Academy Mariners,
2009,200507,Belmont Abbey Crusaders,
2009,200051,Piedmont Lions,
2009,200370,UVA Wise Cavaliers,
2009,200012,Hartford Hawks,
2009,200127,Wilmington (DE) Wildcats,
2009,200173,Reinhardt Eagles,
2009,200235,Coker Cobras,
2009,200158,Howard Payne Yellow Jackets,
2009,202055,CS Monterey Bay Otters,
2009,200103,Trevecca Nazarene Trojans,
2009,202058,Rockhurst Hawks,
2009,201914,Texas A&M-Kingsville Javelinas,
2009,202024,Cameron Aggies,
2009,202102,Emory Eagles,
2009,200452,Missouri-St. Louis Rivermen,
2009,200097,Cumberland (TN) Phoenix,
2009,200135,Tougaloo Bulldogs,
2009,200153,Winston-Salem Rams,
2009,200199,Western State Colorado University Mountaineers,
2009,201544,Concordia-St. Paul Golden Bears,
2009,200349,Montana State-Northern Lights,
2009,200227,Eastern Oregon Mountaineers,
2009,200940,Montreat Cavaliers,
2009,201274,Cal State East Bay Pioneers,
2009,200538,Cal State LA Golden Eagles,
2009,201856,Seattle Pacific Falcons,
2009,200104,Cal Lutheran Kingsmen,
2009,200306,Evergreen State Geoducks,
2009,200367,Pacific (OR) Boxers,
2009,202108,Montana State-Billings Yellowjackets,
2009,202107,Florida Southern Moccasins,
2009,200107,Edward Waters Tigers,
2009,200028,Centenary (LA) Gentlemen,
2009,200594,Sul Ross State Lobos,
2009,200372,Southwest Baptist Bearcats,
2009,202136,UC San Diego Tritons,
2009,202195,Stevenson Mustangs,
2009,200119,Loyola New Orleans Wolfpack,
2009,201432,Cheyney (PA) Wolves,
2009,200022,Oakland City Mighty Oaks,
2009,201882,Randolph-Macon Yellow Jackets,
2009,200240,Lyon Scots,
2009,200155,Louisiana Christian Wildcats,
2009,200665,Chowan Hawks,
2009,202057,Marian Knights,
2009,200223,Bryan (TN) Lions,
2009,200560,Oakwood Ambassadors,
2009,200274,Paul Quinn Tigers,
2009,202196,Colorado Mesa Mavericks,
2009,200100,Hardin-Simmons Cowboys,
2009,202029,Suffolk Rams,
2009,200409,St. Andrews Knights,
2009,200631,WVU Tech Golden Bears,
2009,200206,Mayville St Comets,
2009,200178,Le Moyne Dolphins,
2009,200031,Webber International Warriors,
2009,201889,Mansfield Mountaineers,
2009,200110,Miles Golden Bears,
2009,200026,Spring Hill Badgers,
2009,201116,John Brown Golden Eagles,
2009,200474,Haskell Jayhawks,
2009,200167,Montana-Western Bulldogs,
2009,200082,Bridgewater College (VA) Eagles,
2009,200680,Southern Virginia Knights,
2009,200246,Allen University Yellow Jackets,
2009,201354,Clark Atlanta Panthers,
2009,202197,Maryland Bible College Eagles,
2009,200521,Texas Wesleyan Rams,
2009,200389,Campbellsville Tigers,
2009,200128,West Alabama Tigers,
2009,200016,East Texas Baptist Tigers,
2009,201661,Talladega Tornadoes,
2009,202128,Southern Polytechnic Hornets,
2009,200449,Eureka Red Devils,
2009,202084,Emporia St Hornets,
2009,200095,Manchester Spartans,
2009,200637,Bacone,
2009,202093,North Alabama Lions,
2009,200023,Huston-Tillotson Rams,
2009,202103,Upper Iowa Peacocks,
2009,201080,Cal Maritime Keelhaulers,
2009,201784,Point University Skyhawks,
2009,200667,Wingate Bulldogs,
2009,201029,Wayne State (MI) Warriors,
2009,200448,East Central (OK) Tigers,
2009,202031,Hope International Royals,
2009,202157,Rollins Tars,
2009,200555,Culver-Stockton Wildcats,
2009,200096,Carver College Cougars,
2009,200864,Academy of Art Urban Knights,
2009,202198,Indiana-Pennsylvania Crimson Hawks,
2009,200239,Indiana-South Bend Titans,
2009,201954,Colorado-Colorado Springs Mountain Lions,
2009,202050,Indiana University East IU EAST,
2009,202082,Cincinnati Christian Eagles,
2009,200455,Toccoa Falls Eagles,
2009,202181,Allegheny Gators,
2009,200005,Johnson & Wales (CO) Wildcats,
2009,200505,Ecclesia Royals,
2009,200537,Vanguard Lions,
2009,200433,Chaminade Silverswords,
2009,200020,Saint Leo Monarchs,
2009,201199,Old Westbury Panthers,
2009,200052,Johnson & Wales (FL),
2009,200045,Southwestern Assemblies of God Lions,
2009,200099,Urbana Blue Knights,
2009,200277,Thiel Tomcats,
2009,201186,Albany St (GA) Golden Rams,
2009,200231,McMurry War Hawks,
2009,202069,West Georgia Wolves,
2009,200068,UT Tyler Patriots,
2009,202134,Lambuth Eagles,
2009,201177,Occidental Tigers,
2009,200029,Alaska Anchorage Seawolves,
2009,200986,Dillard Blue Devils,
2009,200116,San Diego Christian Hawks,
2009,201866,Texas College Steers,
2009,202061,Tennessee Temple Crusaders,
2009,202043,St Gregory's Cavaliers,
2009,200089,Montana Tech Orediggers,
2009,202062,Great Falls Argonauts,
2009,200141,Florida Memorial,
2009,200355,Southern-New Orleans Knights,
2009,200242,William Woods Owls,
2009,200034,St. Edward's Hilltoppers,
2009,201045,Lincoln (MO) Blue Tigers,
2009,201418,Maine-Presque Isle Owls,
2009,200620,Central Baptist College Mustangs,
2009,200255,Texas A&M-International Dustdevils,
2009,201523,Limestone Saints,
2009,200611,Tuskegee Golden Tigers,
2009,202076,Mount Ida,
2009,200213,Covenant Fighting Scots,
2009,202054,California Baptist Lancers,
2009,201068,Lewis & Clark Pioneers,
2009,200200,Sonoma State Seawolves,
2009,200032,Florida Tech Panthers,
2009,200138,Southern Wesleyan Warriors,
2009,200657,Catawba Chiefs,
2009,200889,LSU Shreveport Pilots,
2009,200289,Jarvis Christian Bulldogs,
2009,200400,Notre Dame de Namur Argonauts,
2009,202199,Plymouth State Panthers,
2009,202067,Union (KY) Bulldogs,
2009,200001,Rochester University (MI) Warriors,
2009,200531,Northern New Mexico Eagles,
2009,200473,Tennessee Wesleyan Bulldogs,
2009,201035,Anderson (SC) Trojans,
2009,200054,William Carey Crusaders,
2009,200060,Millsaps Majors,
2009,200121,Aquinas Saints,
2009,200603,Lewis Flyers,
2009,200208,Brescia Bearcats,
2009,201500,Valley City,
2009,200015,Lees-McRae Bobcats,
2009,200462,Auburn-Montgomery Senators,
2009,202126,Haverford Fords,
2009,202200,La Roche Redhawks,
2009,202022,Virginia Intermont Cobras,
2009,200804,Depauw Tigers,
2009,200357,Xavier (LA) Gold Nuggets,
2009,202027,UNC Pembroke Braves,
2009,200205,Averett Cougars,
2009,200320,Ferrum Panthers,
2009,200140,Palm Beach Atlantic Sailfish,
2009,200526,Cumberland (KY) Patriots,
2009,200002,Kentucky Christian Knights,
2009,200203,Indiana University Northwest Indiana-Northwest,
2009,200196,Notre Dame College (OH) Blue Falcons,
2009,200061,Shenandoah Hornets,
2009,200211,Jessup University Warriors,
2009,202132,Daniel Webster College Fighting Scots,
2009,201481,Berry Vikings,
2009,202142,Lock Haven University Bald Eagles,
2009,200093,Shawnee State Bears,
2009,200050,Milligan Buffaloes,
2009,200579,Emmanuel (MA) Lions,
2009,202037,Northwestern Oklahoma State Rangers,
2009,200083,Quincy Hawks,
2009,200062,North Park Vikings,
2009,202060,Missouri Valley Vikings,
2009,200009,MIT Engineers,
2009,202201,Ursinus Bears,
2009,200686,Northeastern State RiverHawks,
2009,201288,Western Oregon Wolves,
2009,202021,Washington Adventist Shock,
2009,200157,Wiley Wildcats,
2009,200185,Central State (OH) Marauders,
2009,200408,Concord Mountain Lions,
2009,202135,Concordia College (NY) Clippers,
2009,200748,Morris College Hornets,
2009,200464,Rio Grande Red Storm,
2009,200286,Olivet Nazarene Tigers,
2017,200038,Savannah State Tigers,
2017,200050,Milligan Buffaloes,
2017,202122,Sewanee Tigers,
2017,201241,Muskingum Fighting Muskies,
2017,200414,Lesley University Lynx,
2017,200357,Xavier (LA) Gold Nuggets,
2017,200224,Hood College Blazers,
2017,200884,Crown College Polars,
2017,200028,Centenary (LA) Gentlemen,
2017,200159,Greensboro College Pride,
2017,200042,Earlham College Quakers,
2017,202202,McPherson,
2017,201421,Goldey-Beacom Lightning,
2017,200141,Florida Memorial,
2017,200920,John Jay College Bloodhounds,
2017,200012,Hartford Hawks,
2017,200602,Adrian Bulldogs,
2017,202125,Marygrove Mustangs,
2017,200180,Indiana-Kokomo Cougars,
